{"type": "FeatureCollection", "features": [{"type": "Feature", "properties": {"dpto_ccdgo": "47", "mpio_ccdgo": "001", "mpio_cdpmp": "47001", "dpto_cnmbr": "MAGDALENA", "mpio_cnmbr": "SANTA MARTA", "mpio_crslc": "1525", "mpio_tipo": "MUNICIPIO", "mpio_narea": 2343.90329238, "mpio_nano": 2025, "shape_Leng": 3.13040299142, "shape_Area": 0.19423344688}, "geometry": {"type": "Polygon", "coordinates": [[[-73.64389992958365, 10.956580314894381], [-73.64126197524229, 10.950940521756252], [-73.63876363178372, 10.948747093697591], [-73.63720201272406, 10.945903370194912], [-73.63765240411192, 10.94414000193808], [-73.6372077700313, 10.94097983674294], [-73.63655029524585, 10.94058422735975], [-73.63682088599137, 10.93866961323124], [-73.63943959840407, 10.935498149915759], [-73.63997832210248, 10.933305861820088], [-73.63926553800093, 10.931210529868622], [-73.64041405836315, 10.929242854010624], [-73.63907182334208, 10.92577269523531], [-73.63887426209408, 10.922700573092982], [-73.63692096558032, 10.920904851087073], [-73.63711180383137, 10.919644484094647], [-73.63542168066789, 10.915617328076792], [-73.63657320589715, 10.910039472030178], [-73.63518074513019, 10.906026752848732], [-73.63374219176922, 10.904451199111293], [-73.63355434221552, 10.900510249090019], [-73.62979560301841, 10.896227930903876], [-73.6284078332576, 10.892336585892167], [-73.62485948056604, 10.88961864998572], [-73.62482403122004, 10.888068477268519], [-73.61581431340585, 10.882690318665368], [-73.6146124330732, 10.880937616114409], [-73.61110062477485, 10.860331782296441], [-73.60834095580196, 10.855994021843458], [-73.60790907062204, 10.851886107217126], [-73.60500204189253, 10.84981936866393], [-73.59913896063449, 10.839696269016201], [-73.59944651169349, 10.836634394862813], [-73.59859493327832, 10.835955300306182], [-73.59936517906118, 10.83561001997515], [-73.60495554505638, 10.834792455397064], [-73.61042157064242, 10.831660606918831], [-73.61963195967462, 10.832604396573117], [-73.62180448302166, 10.834032772912053], [-73.62691471528456, 10.831781766391032], [-73.62849392696472, 10.829646326426825], [-73.632247475692, 10.827707266425023], [-73.63662281090666, 10.82661448387563], [-73.64355541102464, 10.827145046373232], [-73.6507646502497, 10.824011427314247], [-73.65460176392457, 10.824488335193791], [-73.65626305383938, 10.825934840447928], [-73.66033805326913, 10.825714170919184], [-73.66273699536731, 10.828353567956015], [-73.666347966074, 10.829900364801688], [-73.66892592817794, 10.832764662435693], [-73.6721873290947, 10.833806734148538], [-73.677587869241, 10.837117083405815], [-73.68046027956677, 10.83752343305514], [-73.68161394278809, 10.838758058802625], [-73.68757498630424, 10.838520430864378], [-73.69057037159888, 10.835105037025642], [-73.69232113019405, 10.835009137301086], [-73.69346895256473, 10.835297836300526], [-73.69575415977249, 10.838523662107036], [-73.69993534105174, 10.838963218007336], [-73.70487319366072, 10.840797925130971], [-73.70738950164264, 10.84066783190616], [-73.7110129221108, 10.850038697006937], [-73.71181017037424, 10.85501893306315], [-73.71507460490415, 10.859609718590605], [-73.72174329864595, 10.862700365805438], [-73.72869020714114, 10.862353328368329], [-73.73204224365071, 10.865028929336631], [-73.73588926485269, 10.86465954539068], [-73.73807065098543, 10.866268788673096], [-73.74176607866747, 10.866244821602209], [-73.74456531217191, 10.87324504155879], [-73.74760442209953, 10.877097236162626], [-73.75298036186211, 10.878915313660457], [-73.76497798918524, 10.875471203354152], [-73.771659139875, 10.880891760675865], [-73.79200572418694, 10.86901200409011], [-73.79707929527552, 10.864971261042683], [-73.8053223021804, 10.862336385230265], [-73.80707276343293, 10.863321951070077], [-73.81145998875814, 10.863744896209198], [-73.8148304155929, 10.863161892718438], [-73.81828067127896, 10.866532021312253], [-73.82573724833992, 10.863624159843823], [-73.83172037425999, 10.863706126687248], [-73.83279248296492, 10.865603343129749], [-73.83383956458613, 10.865821649189172], [-73.8377292001025, 10.866059576266593], [-73.84188398706107, 10.864853637342264], [-73.84589363400181, 10.869232237935591], [-73.85047234256899, 10.866069251129886], [-73.85557789191051, 10.864385384737375], [-73.85801467557025, 10.865683274389141], [-73.85911334927596, 10.867597818448985], [-73.86244784886054, 10.868878906896555], [-73.86328779228688, 10.875769036430711], [-73.86557487068688, 10.877371224339242], [-73.87066572807026, 10.884394719663362], [-73.8777332318952, 10.884034043094402], [-73.87658430279919, 10.89118380302051], [-73.87744597289628, 10.892463104717592], [-73.88110677498815, 10.893291865008052], [-73.88227278825781, 10.894941904413258], [-73.88226540499863, 10.896142351033518], [-73.88041563940385, 10.898372441164781], [-73.87815319911681, 10.906221378400062], [-73.87852758219128, 10.907961403017282], [-73.87180108001826, 10.910798597559278], [-73.86693913241629, 10.916452155593504], [-73.86789331019673, 10.924391350230508], [-73.864579167351, 10.93036110920849], [-73.86666716814557, 10.931928351726299], [-73.86752251409803, 10.933958679735383], [-73.86569983362898, 10.938875190152885], [-73.86654262022546, 10.942088559011438], [-73.86521352217756, 10.946042727752626], [-73.86578591655632, 10.949882225558156], [-73.86273158017252, 10.953533618688198], [-73.86189313244233, 10.960561713390234], [-73.86771008966537, 10.967606053238796], [-73.86855228606822, 10.971793681731981], [-73.8645331574021, 10.978309244935133], [-73.86410676093294, 10.983621046732026], [-73.86995989962946, 10.989992653897843], [-73.8782594752895, 10.989754634293888], [-73.88032501459082, 10.99052148264559], [-73.88685255773618, 10.989446984420113], [-73.89376653396681, 10.989833987936038], [-73.89930450029141, 10.994511471737326], [-73.90857858082632, 10.994192010804738], [-73.9095365270424, 11.002427469160239], [-73.91088426694398, 11.006510875031097], [-73.91467306469275, 11.012138193254998], [-73.91635120342244, 11.01334533143114], [-73.91716128323162, 11.013287769138515], [-73.91913571173097, 11.009298926298015], [-73.92945614535284, 11.006845251602556], [-73.93383489776153, 11.007102524813376], [-73.93596043469017, 11.005711700778136], [-73.9399511990286, 11.007198140670084], [-73.94510460974834, 11.007849947979878], [-73.947404923038, 11.009358748753698], [-73.95467124036338, 11.01074199459515], [-73.96432152665597, 11.010258608958907], [-73.96984904376882, 11.015526342067744], [-73.97411078333204, 11.015156670660701], [-73.97817059044161, 11.015953095168413], [-73.9821001911385, 11.014043895190412], [-73.98435431661267, 11.013843553654453], [-73.98501060023113, 11.017539811380459], [-73.9895329861817, 11.02242799430121], [-73.99231068974655, 11.028367967815598], [-73.99347765972277, 11.028615312837985], [-73.99457281023314, 11.030230167900413], [-73.99689101528253, 11.030679280086304], [-73.99702257455903, 11.033301363878934], [-73.99889384134724, 11.03349631012901], [-74.00194398798527, 11.036008617011476], [-74.00567612984219, 11.035402127947236], [-74.00991240484177, 11.03600080615388], [-74.01424174627721, 11.034807376279844], [-74.01625233469048, 11.035465385563327], [-74.01628253158282, 11.031084149310857], [-74.01909122435478, 11.02811431930985], [-74.01988751142011, 11.029344557681952], [-74.02243258617528, 11.030168102349649], [-74.02483912443358, 11.032132000788863], [-74.02579770665744, 11.032046267306441], [-74.02570003365707, 11.031220201964004], [-74.02958091688066, 11.033235606249377], [-74.03166973963442, 11.032563520354188], [-74.03224609558674, 11.034660524970093], [-74.03591150963291, 11.034840848432339], [-74.03888441007808, 11.037877950623681], [-74.04018012400843, 11.036405491223661], [-74.04156732513525, 11.036656505866915], [-74.04245420377595, 11.038074318009706], [-74.046494877653, 11.040269937959408], [-74.04705822688794, 11.042373193956337], [-74.04438058494571, 11.048450521783764], [-74.0454293419262, 11.049656879323322], [-74.04560134428738, 11.051559049080254], [-74.04406665674139, 11.055734340999834], [-74.04381568431899, 11.060002554726395], [-74.0458818003392, 11.064039052332419], [-74.04766629788668, 11.06515338997417], [-74.05044910478472, 11.064840969144143], [-74.05996032367563, 11.060892386131798], [-74.06583412992842, 11.061605976022804], [-74.06999956642318, 11.060753620564299], [-74.07739249420229, 11.05771055894462], [-74.07961168776046, 11.06027381920893], [-74.08488379207495, 11.062210681929798], [-74.08484864905472, 11.065469857717801], [-74.0873145713905, 11.068752157057986], [-74.08872386390436, 11.074992091759498], [-74.09329173967888, 11.076824446193598], [-74.10666635697078, 11.076672667620528], [-74.1093451855885, 11.077500241235555], [-74.10923965591638, 11.078900767083553], [-74.11049047021646, 11.081031852910144], [-74.11030615104465, 11.086668728317932], [-74.11094049868467, 11.088704190202918], [-74.11039461900094, 11.090191752091584], [-74.11405892722013, 11.094244989816218], [-74.11584724710218, 11.097524233085323], [-74.11324062871785, 11.100699631024895], [-74.11289801009713, 11.103903902637285], [-74.1157998447635, 11.10301691170713], [-74.11905675410026, 11.103367009706858], [-74.12381711923058, 11.105510741127773], [-74.12682308758599, 11.103221503176087], [-74.13306544324917, 11.103426613871761], [-74.13774124630118, 11.099941022925861], [-74.143001829713, 11.097981076178712], [-74.14442182296705, 11.099568464331185], [-74.1478043007109, 11.101237868734415], [-74.15364975521237, 11.100659105295165], [-74.15734531674354, 11.10181283768685], [-74.15891068357752, 11.10028657814155], [-74.1641298680965, 11.099996449921377], [-74.16847152364767, 11.097500218403695], [-74.1775744094075, 11.099167508171092], [-74.18360657978792, 11.095618897662803], [-74.18586138708395, 11.095948009204164], [-74.19155961477958, 11.093038564004644], [-74.19452247025521, 11.088975398989874], [-74.1970692706754, 11.08872696520848], [-74.20176798797195, 11.085182772618282], [-74.2036311303903, 11.085191002091165], [-74.20545290984836, 11.083553923589193], [-74.20793628287078, 11.085121285583057], [-74.20966181136276, 11.084440227307653], [-74.21275375844084, 11.078618044580423], [-74.2143970002889, 11.07803483896862], [-74.21418463389494, 11.075440631718095], [-74.21467753718917, 11.075355965435108], [-74.21557506895931, 11.07620781244674], [-74.21549004514657, 11.079099570702567], [-74.21810187286536, 11.082430412344422], [-74.21758306662929, 11.088003482163344], [-74.21916052928822, 11.091445313441966], [-74.22004923330701, 11.091782251112306], [-74.21987253095654, 11.093702576733904], [-74.22150312900692, 11.099297988570072], [-74.22372978218118, 11.101488222217085], [-74.22343829840213, 11.102537802055053], [-74.22516074297528, 11.106419686901006], [-74.22773056004803, 11.108711582969704], [-74.22912968362476, 11.108768689816145], [-74.23178706584628, 11.11236833904627], [-74.23144061590784, 11.115160873808293], [-74.23349456693279, 11.116527637347758], [-74.23138223974087, 11.123879409677613], [-74.23170013580699, 11.125552647195263], [-74.23305928432171, 11.126133235114253], [-74.2304894663506, 11.128722089299686], [-74.22889808338692, 11.132268437848325], [-74.22941585296638, 11.133077454051374], [-74.22819566585201, 11.135593972239235], [-74.228865721553, 11.13747850535816], [-74.22717154608608, 11.140316726675337], [-74.22673610357475, 11.143036451128921], [-74.22667899672831, 11.148868509043893], [-74.23107148169373, 11.167521699423844], [-74.2341177934207, 11.170406840683995], [-74.23630356603041, 11.174904021684256], [-74.24123475493138, 11.175833230771445], [-74.23990206361947, 11.17841434955784], [-74.23975640168004, 11.180865064302054], [-74.23495014338187, 11.186389615175528], [-74.23124618079953, 11.192384232353902], [-74.23165263375517, 11.193641414816113], [-74.22860058628055, 11.199574252108164], [-74.2280552887056, 11.2044746287703], [-74.2290448825944, 11.207362614098884], [-74.23065245500902, 11.20703781357605], [-74.23294256612382, 11.209420046996684], [-74.23591308692988, 11.208642272427426], [-74.23663156904985, 11.209440471109247], [-74.23337111316152, 11.212582024095184], [-74.23336920693498, 11.215366656371316], [-74.23430885894572, 11.216715147265063], [-74.23539198908963, 11.216520983448163], [-74.23605728730917, 11.217270037956553], [-74.237103574819, 11.217300216882563], [-74.23732891020103, 11.216580152828158], [-74.24000232556654, 11.220046008669897], [-74.24158612314994, 11.219488043940999], [-74.24157723970302, 11.221102271080554], [-74.23740402199508, 11.221780298437807], [-74.23348202823803, 11.225290869755042], [-74.23347774506738, 11.226831687409401], [-74.23247948961574, 11.228026250059884], [-74.2255720728885, 11.229277048190283], [-74.22422560140916, 11.232103180869046], [-74.22216403625782, 11.233346211260994], [-74.22095146237154, 11.234863354695449], [-74.22163674722373, 11.23511938463696], [-74.22148446200043, 11.235370657096894], [-74.22093147484054, 11.234890957251196], [-74.21863648497151, 11.2374169930971], [-74.21901005956158, 11.23810703722745], [-74.21804994840397, 11.238267649839997], [-74.21735157598596, 11.240576916645239], [-74.2189410563164, 11.240783929974157], [-74.2193991022549, 11.241324067621974], [-74.2193836359483, 11.241945106710489], [-74.21873404298742, 11.243415614069875], [-74.21791312858892, 11.243803465596102], [-74.2192349592604, 11.241419685275332], [-74.21658301005408, 11.24051563083276], [-74.21606452541505, 11.24174331439417], [-74.21760930733797, 11.242905514312383], [-74.21720182491214, 11.243454574933082], [-74.2164944109436, 11.24224295326178], [-74.21555214393499, 11.242937755771948], [-74.21465050686072, 11.246142147758746], [-74.21552889012702, 11.24659767212421], [-74.2144523176899, 11.2480920127054], [-74.21632043318556, 11.248930058888277], [-74.21497817929986, 11.251813965862254], [-74.21598849823704, 11.254083495659188], [-74.21694385191313, 11.254117998180106], [-74.21806568510362, 11.251887703232796], [-74.21748993820955, 11.252122820377792], [-74.21942293368005, 11.250093167004025], [-74.21968617979394, 11.250856946708325], [-74.22073195436536, 11.25033346563572], [-74.22150452499, 11.252238294408016], [-74.21981269143288, 11.25411118265663], [-74.21704857310084, 11.25570625680075], [-74.21416129384863, 11.255454587285158], [-74.2128378381235, 11.25740336616775], [-74.20980331140413, 11.255376064585278], [-74.20696794583353, 11.256783753605077], [-74.20715481442619, 11.25796721037483], [-74.20450099941752, 11.257554082931279], [-74.20047018815183, 11.259209198720214], [-74.19906014015419, 11.262230664823278], [-74.19750551897619, 11.261409841154716], [-74.19553448700964, 11.261699716948101], [-74.19296466903853, 11.264193391858441], [-74.19138701683488, 11.264397000569716], [-74.1912476772435, 11.266095991908742], [-74.19288760071225, 11.268815558258723], [-74.19721109500887, 11.268031220592775], [-74.19646803586147, 11.270530792049328], [-74.19771154236088, 11.27166151227999], [-74.20138672110198, 11.270306168133516], [-74.20296752819138, 11.271328352028434], [-74.20446218767472, 11.270682479892457], [-74.20556558472595, 11.271354738264279], [-74.20658081206176, 11.274191878008992], [-74.20101719522211, 11.279075680740902], [-74.19885386164776, 11.279587998440547], [-74.19688714878453, 11.284044960935205], [-74.19540704561365, 11.284166536327689], [-74.19557321880228, 11.28633497862512], [-74.19486812877727, 11.287155068369543], [-74.19585541219726, 11.29038563997949], [-74.19348112887326, 11.290477293364347], [-74.19305272107454, 11.29173234502099], [-74.1915666701534, 11.2912793476184], [-74.19083160781503, 11.291823921150637], [-74.19043412005306, 11.293834913806165], [-74.19296318142722, 11.297659071069347], [-74.19307154259138, 11.30048629879525], [-74.19481864144711, 11.302360380007542], [-74.19428300795568, 11.303660836148083], [-74.19322627662405, 11.304341607860692], [-74.19103507998233, 11.302845664683787], [-74.18890590487388, 11.303224452201619], [-74.188843603066, 11.30056351714029], [-74.1870200826715, 11.299006925056972], [-74.18542683480376, 11.29872024816683], [-74.18458449017879, 11.299204363235674], [-74.18472269519708, 11.300111463867836], [-74.18340546839511, 11.300610864681744], [-74.18196668416698, 11.3038619825752], [-74.17997549309104, 11.304618635040356], [-74.17974532297228, 11.30353013655997], [-74.17885699175463, 11.303999136563789], [-74.17706428090395, 11.30285069076183], [-74.17617693513893, 11.306207428158984], [-74.17338933213176, 11.307599305020574], [-74.17224016498204, 11.306889075729714], [-74.17243931894427, 11.305374573344238], [-74.17108230482836, 11.304663091800876], [-74.1699863009178, 11.305588925016593], [-74.16721832970848, 11.30553779736141], [-74.16668429162627, 11.303971745112335], [-74.168595887413, 11.302428678973001], [-74.16800825220497, 11.301554221347658], [-74.1695832831225, 11.300239515220369], [-74.16859505736903, 11.297986552167117], [-74.1689013364126, 11.296204407309233], [-74.16791468900033, 11.295462273427347], [-74.16626017238815, 11.295065894187303], [-74.16405464131799, 11.296155122998528], [-74.16282603698272, 11.298548078718909], [-74.16099936529565, 11.298809404233225], [-74.16079284424387, 11.299784643930593], [-74.1568995606662, 11.295986383321122], [-74.15448548733332, 11.296010749244317], [-74.15331558974526, 11.296849526656445], [-74.15239916189802, 11.296145067249256], [-74.14895298636327, 11.298126523274675], [-74.14748269100647, 11.299336403111283], [-74.1466560552334, 11.301725417021032], [-74.1489016494005, 11.302861231601753], [-74.15001652693019, 11.3061877496487], [-74.1513368735836, 11.306964881023646], [-74.15211531470334, 11.30642227480348], [-74.1523956216347, 11.307815526986815], [-74.15401075697173, 11.308028277860046], [-74.15457044826394, 11.314040272063096], [-74.15659811276612, 11.317740565024621], [-74.15978016722721, 11.319954542061794], [-74.1609090414185, 11.324158491160063], [-74.16049566334476, 11.325065752590774], [-74.1567880401247, 11.324446889223623], [-74.15629500567633, 11.325197666702138], [-74.1552310680537, 11.324486036038309], [-74.1539389132513, 11.325944427809759], [-74.15273679486495, 11.325248314656505], [-74.15097707017782, 11.32606350768043], [-74.15029690033697, 11.328279649659123], [-74.150692486364, 11.33158466830929], [-74.14954330124789, 11.33096506922135], [-74.14903792842927, 11.331766501840718], [-74.14848623574272, 11.331131636770692], [-74.14821073300533, 11.332205154933433], [-74.14707698814465, 11.332069353808777], [-74.14690863923465, 11.332795108695052], [-74.14598923796154, 11.332069606235564], [-74.14470244520732, 11.332599070991023], [-74.14592498590963, 11.335134283134835], [-74.14474942803241, 11.336968473726813], [-74.1434776793763, 11.33639423600357], [-74.14205200337523, 11.332584540729727], [-74.13911055926144, 11.332978265446002], [-74.13829831181573, 11.33173866931611], [-74.140120862029, 11.32907733180923], [-74.14249524506607, 11.327927765807203], [-74.14252537997459, 11.325690134313106], [-74.14034990386284, 11.32558477172779], [-74.14123865279743, 11.326416129948086], [-74.14062590696227, 11.326688406832773], [-74.13910911297268, 11.326220034751827], [-74.13962983711349, 11.325479089341968], [-74.1388178115518, 11.325191994734894], [-74.13492663901673, 11.325812660123916], [-74.13474255430538, 11.32458804790491], [-74.13569211204663, 11.323181788105899], [-74.13449682625179, 11.321518919849893], [-74.13567634031261, 11.320944164696641], [-74.1359210128449, 11.318751846058262], [-74.134972473794, 11.315514281956553], [-74.13035995710419, 11.31876801394958], [-74.12832241741421, 11.318677654139776], [-74.12708171725399, 11.31982691740933], [-74.1253505221847, 11.319464342698666], [-74.12515158741155, 11.32080997784584], [-74.12741913282844, 11.322019130046499], [-74.12784853596128, 11.324574185990741], [-74.12594923632395, 11.32685748517531], [-74.12590359827789, 11.328777616760703], [-74.12817117513583, 11.329790214725563], [-74.12616461836473, 11.33217936967094], [-74.12676239196713, 11.333797013106278], [-74.12424992159117, 11.33438706927592], [-74.12142027559855, 11.33196018595686], [-74.12034285964268, 11.332240748009951], [-74.11706411044736, 11.33097120202467], [-74.11795230961258, 11.328249644108098], [-74.11494940631133, 11.327191702744813], [-74.11652712768529, 11.325301610846509], [-74.11626656124804, 11.324364263914617], [-74.11429011243598, 11.323064272203396], [-74.11042029107557, 11.323223143879602], [-74.10995409741099, 11.318922145212241], [-74.10783989094205, 11.318136175306165], [-74.10535817441433, 11.318907497271539], [-74.10373484104542, 11.325045997723635], [-74.10548000582685, 11.328885069727335], [-74.10732024028886, 11.329914008060257], [-74.10666159769261, 11.331214315080388], [-74.10732043881671, 11.331834135154054], [-74.10693768164049, 11.334313704706517], [-74.10821468185196, 11.336810786031094], [-74.11145957172062, 11.339139406156221], [-74.11069877712043, 11.340211884068992], [-74.1116912177726, 11.341959917173426], [-74.11045930583782, 11.343952285043258], [-74.11101427827606, 11.3457130580652], [-74.10811867522779, 11.346620518922066], [-74.10727614285474, 11.347920843908526], [-74.10646403015642, 11.347074254740392], [-74.1052383731959, 11.347512826984655], [-74.10635664007191, 11.345668190774234], [-74.10464054030467, 11.344292521329976], [-74.10528391781713, 11.343173647192373], [-74.10505383124172, 11.340346399703492], [-74.10303140032858, 11.339499912045085], [-74.09995194163952, 11.339878139013763], [-74.09996715102773, 11.338441826951225], [-74.09881801801401, 11.337428934338732], [-74.09569270298812, 11.339213195629043], [-74.09670359774583, 11.335040261789004], [-74.09785255468961, 11.333800417723921], [-74.09541652112381, 11.332681761877097], [-74.09546237207076, 11.330897708996076], [-74.09881742422715, 11.329415813684761], [-74.09771420863575, 11.32722362440387], [-74.0994146750096, 11.326255877560243], [-74.09991993374211, 11.32232487369373], [-74.09676385318988, 11.319679253123581], [-74.09236703564636, 11.318893312861917], [-74.09071253969546, 11.319664465045605], [-74.09011514518244, 11.321403189799582], [-74.08942575502613, 11.321509052746933], [-74.0894103974158, 11.320601908995627], [-74.08774049624378, 11.319483155232376], [-74.0861932205957, 11.32017868178525], [-74.08651458685648, 11.317072983285811], [-74.08585746600755, 11.316305993898482], [-74.08291469508106, 11.315537194404442], [-74.079437160233, 11.316353670223577], [-74.07672292628683, 11.319030644717031], [-74.07726339720989, 11.320566315020756], [-74.07654035613626, 11.322634242045979], [-74.07850696479483, 11.324139162094696], [-74.07730418794284, 11.32815771314364], [-74.07988154278519, 11.330187646791956], [-74.07955982618114, 11.331623962447736], [-74.08037182030176, 11.332803244743047], [-74.07815035490239, 11.334662907085203], [-74.07805843292107, 11.335827078807085], [-74.07695967207871, 11.3361457456283], [-74.0760276548557, 11.341149433121984], [-74.07454820565886, 11.342286236748635], [-74.0739017918383, 11.341407096201976], [-74.0694897406521, 11.34206023571437], [-74.06496424293488, 11.345282946161035], [-74.06404820136356, 11.343627461164203], [-74.06578477914235, 11.342220645307577], [-74.06506224022735, 11.341484992775577], [-74.06649192361607, 11.339661190309869], [-74.06415996714532, 11.339204616711243], [-74.06281109626394, 11.33799547079883], [-74.06330885585453, 11.336552265957664], [-74.06078595962305, 11.334105266648407], [-74.06288297142544, 11.332481044845053], [-74.06307869382056, 11.330717097174386], [-74.06075679938738, 11.329520268970953], [-74.0585254641901, 11.329795660317188], [-74.05839627197628, 11.328675842947803], [-74.05702379963861, 11.328085068125347], [-74.05367966471658, 11.328775317970042], [-74.04969277661172, 11.331545550240719], [-74.05004197899041, 11.334504986725676], [-74.05167648112206, 11.336763620847819], [-74.0540438986169, 11.338043260311736], [-74.05281492237879, 11.339378227058035], [-74.05345744199946, 11.340568716743803], [-74.05146165244395, 11.343661450746708], [-74.05210412535217, 11.345419349157396], [-74.04540683012726, 11.348889869055824], [-74.04132562602894, 11.347899224137336], [-74.04151764376888, 11.345073354665146], [-74.04054814970061, 11.34436119758817], [-74.04184500089906, 11.341813603954904], [-74.03697486155352, 11.33984375057895], [-74.0365691883361, 11.338497501881989], [-74.03397580663801, 11.340911377585371], [-74.03189016661787, 11.340510542697928], [-74.03150660724543, 11.342023562862039], [-74.03246481397315, 11.342613363011594], [-74.03221652661728, 11.34423765757856], [-74.03311841701668, 11.344538182009842], [-74.03063774792543, 11.34662940416564], [-74.03000657673073, 11.345483371240448], [-74.02362525697231, 11.345971799124356], [-74.02365931123353, 11.344736872441047], [-74.02191191323857, 11.344180267762624], [-74.02138234427844, 11.342555834854977], [-74.01684992503647, 11.343578492162408], [-74.01289272897031, 11.343399642836744], [-74.01057130884794, 11.338848772184065], [-74.00871100690483, 11.33923773941882], [-74.00769579843364, 11.341495989960038], [-74.00542937142018, 11.342830509345049], [-74.00387379263731, 11.341839951563202], [-73.99278033923287, 11.340935807288986], [-73.99140546479822, 11.339055190827821], [-73.98836199534304, 11.337418830978663], [-73.98358877620905, 11.339221549069578], [-73.98103343639696, 11.338924040285121], [-73.97966520770404, 11.339858138906322], [-73.97515601082898, 11.33869955111669], [-73.97414948278532, 11.336993285214703], [-73.97557826785805, 11.334857672773808], [-73.97484731890864, 11.333186115107083], [-73.97011327623369, 11.33067747604889], [-73.96722694111162, 11.331403282139206], [-73.96446024910426, 11.328610002673202], [-73.96343637727358, 11.328782403886635], [-73.96217788237169, 11.327529662698737], [-73.96184671458502, 11.328716257286317], [-73.9603735607867, 11.328893687272739], [-73.96154683873789, 11.326847045845113], [-73.96091621461767, 11.325137171407732], [-73.95827900498028, 11.323267026616179], [-73.95517918865403, 11.322420217360673], [-73.95490962288704, 11.320083743258806], [-73.95367806488878, 11.319942385151364], [-73.95164339172516, 11.317243480967704], [-73.94710771788431, 11.314313852404268], [-73.94547862181832, 11.315289016643135], [-73.9366415648309, 11.311747959175761], [-73.93580366866672, 11.311811874359194], [-73.93566358167641, 11.312712223248298], [-73.93418332219858, 11.312766635146716], [-73.92985591393915, 11.309695744595672], [-73.92540699316936, 11.307727279117898], [-73.91925342526298, 11.307742428318932], [-73.90787165015183, 11.301442407955108], [-73.90263111176324, 11.300493007419163], [-73.90090865191871, 11.300905441362772], [-73.89466347644168, 11.29881599427938], [-73.88401903101845, 11.290990326123506], [-73.87457589909042, 11.28280721264133], [-73.86540255301679, 11.279359839651306], [-73.85799646131505, 11.274194200155875], [-73.8468196468807, 11.272815792644394], [-73.82963884223892, 11.266607088796945], [-73.79068639442721, 11.256427906382953], [-73.78456141542756, 11.256310073374891], [-73.77513636300739, 11.25791991493577], [-73.77297851814376, 11.259497249135507], [-73.77163081956479, 11.262305616717072], [-73.76857250633606, 11.26258701420403], [-73.7646876687254, 11.264609646339977], [-73.76094807264224, 11.265112031359592], [-73.73047370755785, 11.257023640808029], [-73.71522416463665, 11.253891887551333], [-73.70878675223054, 11.254619000691434], [-73.70606387199285, 11.25753518415928], [-73.6999245253271, 11.260830055431882], [-73.67205115786385, 11.253732207390783], [-73.66138968486081, 11.252125933042748], [-73.6489418494063, 11.255422946799001], [-73.63241972059848, 11.256654389812866], [-73.62558141760934, 11.258519272269268], [-73.61312483704859, 11.258449467726166], [-73.60868439728017, 11.260426961279734], [-73.5959441527811, 11.262005460595333], [-73.59304127786481, 11.263474104847319], [-73.57764703060906, 11.259497329983958], [-73.57474630356631, 11.259693353314958], [-73.5678027287218, 11.258130509850616], [-73.56604607897032, 11.256505344815423], [-73.5653302720354, 11.254180937792341], [-73.56837227813378, 11.247821562995455], [-73.56883440242694, 11.240176818376938], [-73.5682305427336, 11.232211039874528], [-73.56915249342757, 11.231429298341823], [-73.5719955692444, 11.232268887831651], [-73.57423143015768, 11.229661990969305], [-73.57636826161337, 11.230407056056379], [-73.57810506756442, 11.229726296920205], [-73.57729957365837, 11.227741741704563], [-73.57411489162297, 11.227006875199095], [-73.57262540194824, 11.225117193831181], [-73.57400253295265, 11.224166082901547], [-73.57648655635586, 11.224152865978226], [-73.57809151107767, 11.22516751030696], [-73.57926772562382, 11.22428497861739], [-73.57886151341683, 11.223157265948714], [-73.57544164057452, 11.221885811041886], [-73.5744374283895, 11.218392740716922], [-73.57552075616297, 11.217517918375279], [-73.57873709665085, 11.21887550921008], [-73.5819546426788, 11.216503575880722], [-73.5810054433656, 11.21054089563279], [-73.58288380774854, 11.207762404244818], [-73.58393504767452, 11.202976756010628], [-73.58363781557136, 11.201318938087184], [-73.582172231882, 11.200308416130554], [-73.58308668433233, 11.19790527440506], [-73.58214019434018, 11.196114055657233], [-73.58287716200681, 11.19199971268165], [-73.58424988856785, 11.189088755616297], [-73.58529730166765, 11.18928949780127], [-73.58673462523399, 11.19169736017733], [-73.59158692043047, 11.188422800727835], [-73.59161396243707, 11.187436623134829], [-73.58857010041783, 11.184890028428924], [-73.59100284614709, 11.178636557003585], [-73.59499076372214, 11.178152485053943], [-73.59715592626782, 11.179702123273103], [-73.59807841595142, 11.179562303082662], [-73.60117040435205, 11.17772884461823], [-73.60338378490741, 11.17290090187015], [-73.60803149043153, 11.173076279204508], [-73.61028807010501, 11.171524831776935], [-73.61248121339753, 11.167727862047514], [-73.60896263988133, 11.165759929271132], [-73.60820621828344, 11.163546876601117], [-73.61009793882869, 11.163011944694517], [-73.61339119043754, 11.165537665231454], [-73.61524669267828, 11.161207880926213], [-73.61978288394914, 11.161706078895008], [-73.61961679071067, 11.159913265636305], [-73.61806181918939, 11.158137221242384], [-73.61834033398031, 11.156060136783822], [-73.61675184089921, 11.153586189791213], [-73.61850207487782, 11.15068236265995], [-73.62179911917684, 11.150489514876028], [-73.62298292718816, 11.147412697236007], [-73.62569619274973, 11.144953897647724], [-73.62746695055398, 11.141701583197346], [-73.62853229763437, 11.142040141429732], [-73.63059284499371, 11.145973965110159], [-73.63426341088211, 11.146339217700813], [-73.63497974692518, 11.145700999217127], [-73.63414597762471, 11.141784758275776], [-73.64457065632672, 11.144553465205888], [-73.64512729693786, 11.143710843899612], [-73.64479132944876, 11.13762766174682], [-73.6513800299474, 11.138695525010291], [-73.6533676556071, 11.137524440746802], [-73.65209980923566, 11.13334404459573], [-73.65000122807521, 11.131514580044268], [-73.65195768127143, 11.127514663662453], [-73.64853196937509, 11.125517376614141], [-73.64963268225813, 11.123867196173308], [-73.64836654628033, 11.122721054551846], [-73.64636230806286, 11.122380405039792], [-73.64328070329685, 11.123428559250272], [-73.64222305298796, 11.12060116892917], [-73.64291435026911, 11.11627786238057], [-73.6374031411849, 11.108752676435131], [-73.63931809667343, 11.105736708025972], [-73.63916152558454, 11.103271179152614], [-73.64237077386764, 11.102139221940774], [-73.64376283308735, 11.099751089278982], [-73.64846065296621, 11.09707455226544], [-73.64578559817403, 11.091021013642319], [-73.64836995628787, 11.088736098387244], [-73.65087230713414, 11.088533697012679], [-73.64852316228507, 11.085950754644784], [-73.64858094286848, 11.081709086156025], [-73.64701054995646, 11.080271472433594], [-73.64210013730798, 11.07974714604569], [-73.6408846456913, 11.077925873237803], [-73.6428071245764, 11.07531654283747], [-73.64573577397539, 11.075957511964702], [-73.647397177078, 11.075451859769771], [-73.64475962069059, 11.071875917098907], [-73.6417890909014, 11.071467892090254], [-73.64095969729817, 11.070656251906144], [-73.64523166418905, 11.067748323962292], [-73.65002809940171, 11.060798149190134], [-73.64491705955277, 11.058627744072226], [-73.64462451306588, 11.057183162112608], [-73.64581976562306, 11.055358605061429], [-73.64502468230114, 11.054286472101978], [-73.64225657903938, 11.055002233222751], [-73.64109817091293, 11.054386039650751], [-73.64024487491758, 11.050844462956775], [-73.63649755780847, 11.045121338433205], [-73.63545193595075, 11.041631613437062], [-73.6384849543976, 11.04003264509305], [-73.64355304396196, 11.039448686692424], [-73.64413259881758, 11.036450227360433], [-73.64728599430333, 11.033639467563432], [-73.64948989582825, 11.033153040229195], [-73.64962541218671, 11.030558079291609], [-73.65185822870706, 11.031528631576123], [-73.65303670521291, 11.030564072855952], [-73.65339081329529, 11.028481102630963], [-73.6518224613572, 11.024579340746868], [-73.64828468992977, 11.019920152947577], [-73.6486342246854, 11.01584196000448], [-73.65078558011419, 11.013419119107368], [-73.6510457423093, 11.011133550776606], [-73.6529373370903, 11.010529105381238], [-73.65815955162907, 11.005471651878338], [-73.66105378294884, 10.997784507642905], [-73.66332168320054, 10.996197026065602], [-73.66348481199623, 10.992316458150867], [-73.66493944970517, 10.989810719755042], [-73.66357510712731, 10.987735042059285], [-73.66171240488381, 10.980938628443596], [-73.65927227679367, 10.980846257304222], [-73.65628361988587, 10.977963977180536], [-73.65245775222905, 10.976521816182583], [-73.65143103543159, 10.974313778810767], [-73.64817436055529, 10.972974729218208], [-73.64505815714858, 10.968014697187186], [-73.64281580230897, 10.967574731654793], [-73.64210219804488, 10.963725118811169], [-73.64389992958365, 10.956580314894381]]]}}, {"type": "Feature", "properties": {"dpto_ccdgo": "47", "mpio_ccdgo": "030", "mpio_cdpmp": "47030", "dpto_cnmbr": "MAGDALENA", "mpio_cnmbr": "ALGARROBO", "mpio_crslc": "Ordenanza 008 de Junio 24 de 1999", "mpio_tipo": "MUNICIPIO", "mpio_narea": 405.884984495, "mpio_nano": 2024, "shape_Leng": 1.26567989238, "shape_Area": 0.0335369408}, "geometry": {"type": "Polygon", "coordinates": [[[-74.0846521532095, 10.06524448084457], [-74.08871360064404, 10.069408436016204], [-74.08882502955731, 10.072656858961693], [-74.09129222390862, 10.075222913887103], [-74.090660757168, 10.076201916630225], [-74.0910619019744, 10.077317222656632], [-74.08952989500335, 10.079161818442799], [-74.09078860999267, 10.082657971788251], [-74.09407134681277, 10.083477137165517], [-74.09470001260405, 10.08196347740045], [-74.09606063076382, 10.08247530821285], [-74.09750839276205, 10.081139753069522], [-74.09872042496374, 10.083081398424781], [-74.10143760897972, 10.085104086256251], [-74.10161726229825, 10.086923954097927], [-74.09872684612651, 10.087989596724299], [-74.09855292855565, 10.089478655207358], [-74.09965319677224, 10.090884427220828], [-74.10094593188677, 10.090131853110336], [-74.10162752016862, 10.092039446000967], [-74.10311949638208, 10.09296272710094], [-74.10119731214468, 10.09571378032507], [-74.10317447960949, 10.09647725370354], [-74.10157779298817, 10.098110819789952], [-74.10351311330044, 10.098048624881699], [-74.10311084290407, 10.099701803901326], [-74.10489030898361, 10.101457240926209], [-74.10276653455094, 10.102854637939629], [-74.10335516958469, 10.10493680327346], [-74.10278335012816, 10.106242162422745], [-74.10424333641049, 10.107544243616985], [-74.10359445940747, 10.110580082775982], [-74.10473872624345, 10.11136135987931], [-74.1060277324483, 10.110257764300286], [-74.10793099904907, 10.110576538021064], [-74.10853636791325, 10.112341442398247], [-74.10702529170499, 10.113696001416542], [-74.109265416026, 10.11582981093727], [-74.10734292815778, 10.117085663891771], [-74.10735973385351, 10.119452890045295], [-74.10847326660416, 10.120138971703796], [-74.10904857422173, 10.118547475552248], [-74.11016109007863, 10.118200848645586], [-74.1120720929768, 10.119567599608615], [-74.11107918520031, 10.12127300761881], [-74.11214835910692, 10.123193904569405], [-74.11403993412495, 10.123682210282368], [-74.11422969888838, 10.126372531954985], [-74.11347767544561, 10.127650065766147], [-74.11503448222646, 10.130238613625863], [-74.11388035008417, 10.132058222752505], [-74.11432252816883, 10.133020956094526], [-74.11284326672006, 10.134268814935012], [-74.11347875342477, 10.136819141245496], [-74.1145401479148, 10.136294497752033], [-74.11563160095648, 10.138503610408065], [-74.11392946461314, 10.139095049984348], [-74.1150451362542, 10.140592261583436], [-74.11167076311727, 10.142823394659615], [-74.11298281292414, 10.144100288869822], [-74.112799010284, 10.147087653999165], [-74.11500517915852, 10.150083439942705], [-74.11402711874888, 10.153447380037619], [-74.11489343763128, 10.155181281733007], [-74.11598053384034, 10.155475883566908], [-74.11420754461915, 10.15792264392411], [-74.1157945006816, 10.159983990784667], [-74.11627652087753, 10.164213175376005], [-74.11409384655968, 10.167823758908469], [-74.11586273856159, 10.168682831075728], [-74.11786509570538, 10.167177517564653], [-74.11802673958476, 10.171305045124143], [-74.11892447078105, 10.171555778594495], [-74.12535922327345, 10.179518536958483], [-74.12713840907844, 10.180120558697297], [-74.12575459909453, 10.182081699306366], [-74.12602943887475, 10.184924024131021], [-74.1271858311801, 10.186119025159712], [-74.12515981598614, 10.187063298107944], [-74.12714902088533, 10.191856111310528], [-74.1265438918715, 10.192238786740006], [-74.12651768260389, 10.194875405285472], [-74.1272377089291, 10.196488455631084], [-74.12627092957177, 10.197810003333018], [-74.12711747382406, 10.19919150913637], [-74.12748610228624, 10.202319478686036], [-74.12675764706205, 10.202923845029602], [-74.12679634471868, 10.20544412985646], [-74.12741288504066, 10.206563968785417], [-74.13311282762152, 10.208452493122309], [-74.14817841159561, 10.202245097222942], [-74.15454527924629, 10.197717163272728], [-74.15677332211538, 10.195039921081104], [-74.15990878811209, 10.194383335628515], [-74.16170077042847, 10.19258751570618], [-74.16155906557105, 10.190880385624155], [-74.16322491803282, 10.191045084676261], [-74.16495544116174, 10.1932151825701], [-74.16656802168808, 10.193435992236175], [-74.16690017672403, 10.195700312698591], [-74.17053282110084, 10.197952665795299], [-74.17554054921993, 10.195542836107165], [-74.17645923273858, 10.195830623315885], [-74.17712189619726, 10.197723095751599], [-74.17905685987807, 10.198585261719131], [-74.18128017131681, 10.198436904831738], [-74.18508460964546, 10.192343945407572], [-74.18598099336776, 10.192587129430251], [-74.18808966171855, 10.19124914434218], [-74.188911787047, 10.191723421952474], [-74.19233294987112, 10.1874893289625], [-74.19456422218622, 10.186552350340207], [-74.19548050899783, 10.187196174315716], [-74.19640330141385, 10.186318088392056], [-74.19687083087439, 10.187722592881585], [-74.19906530367456, 10.18906243838211], [-74.2002475522093, 10.18855603789001], [-74.2022593407728, 10.190193260122498], [-74.20611315144714, 10.189913499367265], [-74.20911924736339, 10.191069766806663], [-74.210864625944, 10.192234836844534], [-74.21304988022541, 10.196725187948289], [-74.21265265117842, 10.19987405681968], [-74.21049286415564, 10.203666108269033], [-74.21108832010276, 10.205544108833976], [-74.21037538059255, 10.205653524621084], [-74.2091966929824, 10.208837453867716], [-74.20901862070002, 10.211717271707244], [-74.20480451074945, 10.21486106329661], [-74.20436390831105, 10.218976000059115], [-74.20531958538095, 10.220530349047351], [-74.20566799634321, 10.224083648765145], [-74.20218898466368, 10.225819823200027], [-74.20296154540682, 10.229361932595452], [-74.20249824701466, 10.232029467584368], [-74.19804263918058, 10.235043856753975], [-74.19684599064033, 10.23769906055918], [-74.19719371888249, 10.240149497723792], [-74.19519347098463, 10.244124844264661], [-74.19559241401856, 10.245858853758023], [-74.19350388860744, 10.249071523726741], [-74.19219910168545, 10.249703788171928], [-74.19110488272878, 10.25167150894572], [-74.19157721368833, 10.25326591114947], [-74.19020557139464, 10.25517258596119], [-74.19215076330147, 10.258065979152093], [-74.19206854313296, 10.259658882066446], [-74.18802347110073, 10.26674508164399], [-74.1879808091756, 10.27237447407947], [-74.19046337640856, 10.283911929150122], [-74.18901058833228, 10.28851433978491], [-74.19022514929355, 10.294001297032082], [-74.18863265690959, 10.294853930070246], [-74.18814439072253, 10.296466728887367], [-74.18723419629009, 10.295909348962198], [-74.18605419264702, 10.298371328589099], [-74.18692539297854, 10.298755294898626], [-74.18634484368715, 10.301667002057854], [-74.18688653991325, 10.305679441863049], [-74.1818578900145, 10.318776164202063], [-74.17984550676584, 10.320326611803921], [-74.17308954521792, 10.322770793095913], [-74.17069036057438, 10.324723792267037], [-74.16962849626509, 10.328175881416087], [-74.16991174967296, 10.331807384033254], [-74.16752765763658, 10.34151980774186], [-74.16331320632594, 10.344266946104824], [-74.15675174456504, 10.359169641133576], [-74.15080650422397, 10.366419827398602], [-74.15025408479977, 10.370422883394838], [-74.14520080397466, 10.370301773330027], [-74.14133050830338, 10.371838579105145], [-74.13754025528272, 10.376056833885741], [-74.13156839873687, 10.376589812853354], [-74.12778302267373, 10.375183392255735], [-74.12512641030901, 10.375255228789626], [-74.122893077257, 10.37820293506428], [-74.11807471774398, 10.380568643962022], [-74.11519492056573, 10.383742521052625], [-74.1145906889696, 10.386844989207702], [-74.11149651855942, 10.391173128696323], [-74.11087563667621, 10.391117328899668], [-74.11040625129482, 10.393178072990224], [-74.10129796396086, 10.385088169674475], [-74.09567855810434, 10.37755661466855], [-74.09370006472511, 10.371469585926661], [-74.08294417511723, 10.362535350911003], [-74.05717533836128, 10.324566349811619], [-74.05599900344077, 10.324929032320199], [-74.05639874956921, 10.326178251211104], [-74.05451659878429, 10.326144933568969], [-74.05563256417469, 10.327144309220614], [-74.0557325036263, 10.328593405218157], [-74.05301753934918, 10.33095858860105], [-74.05330069484063, 10.33215783327455], [-74.05063569759437, 10.33255758299623], [-74.04958635670846, 10.334572987281604], [-74.04765423440114, 10.335239235919403], [-74.04553889425739, 10.338337292444635], [-74.04520576634519, 10.339619825384375], [-74.04610520164692, 10.34038600898225], [-74.04483933336729, 10.342268166055305], [-74.04602192505877, 10.343450755051833], [-74.0455555499343, 10.345532782943337], [-74.04473939481397, 10.34596584671391], [-74.04287389790943, 10.344816568172973], [-74.0415247440585, 10.346082439147551], [-74.0410583653408, 10.343917131972944], [-74.03988390161248, 10.34401064666855], [-74.03794055215178, 10.338608662928436], [-74.03630564757452, 10.33688066766075], [-74.03313322934918, 10.339292429626596], [-74.02607001857638, 10.331402804066443], [-74.02829719367224, 10.329499237428138], [-74.02827816194946, 10.328655556108913], [-74.02057357241733, 10.321084821949], [-74.02003917680537, 10.317641026053252], [-74.0048343619361, 10.28904906328222], [-74.00462728482671, 10.284007914214726], [-74.0052812867225, 10.281837128210839], [-74.00436070685879, 10.278964900243182], [-73.99503931112184, 10.273832696069235], [-73.99152794659153, 10.275187469785067], [-73.98911842412747, 10.274180376700599], [-73.9850595871992, 10.274077406330775], [-73.97892698868327, 10.277601484727427], [-73.97809146586997, 10.277194259219982], [-73.98550471715026, 10.272704573768408], [-73.98764730860819, 10.272826087177123], [-73.98811791659767, 10.270785795046947], [-73.9915982613781, 10.26750090137017], [-74.00038788997574, 10.265900676282115], [-74.00122141313761, 10.264672085421523], [-74.00115773690624, 10.26291277306143], [-74.00327074502167, 10.262035880101394], [-74.002604988661, 10.260507679295301], [-74.00773540338946, 10.257464057126413], [-74.00691173026252, 10.255792998923425], [-74.00773154781717, 10.254183506807465], [-74.01224124505427, 10.25237753591432], [-74.00963054921357, 10.247504920809888], [-74.01075487882423, 10.24532643444121], [-74.00798152670205, 10.241485320565232], [-74.01037084783593, 10.23625212770662], [-74.01280009372607, 10.236288899373733], [-74.01403338906755, 10.234487517078776], [-74.01730885132463, 10.23528617569832], [-74.02286794244827, 10.231095462387998], [-74.02503325321618, 10.227557064834343], [-74.02705527898877, 10.22921793613392], [-74.02868293685083, 10.228891718068382], [-74.02924472121936, 10.227170787157718], [-74.03029441065189, 10.227912549136818], [-74.03207265681829, 10.227251802684464], [-74.03409105069932, 10.225966357404275], [-74.03422963390864, 10.224176844558599], [-74.03541390724769, 10.222613173745174], [-74.03832333088764, 10.22148097488639], [-74.03855545574203, 10.21983656792247], [-74.04071195223332, 10.220034310630297], [-74.04259216984218, 10.216487697976788], [-74.04184772728809, 10.215044708731455], [-74.03895478056023, 10.215112895407458], [-74.03768144817298, 10.213395757186902], [-74.03899192502854, 10.21072370816006], [-74.03880106881115, 10.20763633710368], [-74.03959460074134, 10.206568355262448], [-74.03805685173444, 10.204677876189919], [-74.03893200016478, 10.201534208568148], [-74.0409217530368, 10.200018974953423], [-74.04096678022796, 10.197640993262496], [-74.04272037839996, 10.197399356139954], [-74.04349153866849, 10.195894051612015], [-74.04709908768956, 10.195190416858907], [-74.0470938352359, 10.193411630804576], [-74.04873763942976, 10.192229505339071], [-74.04761492409295, 10.19004219481235], [-74.04873264658943, 10.187403669142043], [-74.05138142833357, 10.184314239145351], [-74.053061999703, 10.184863114712925], [-74.05309571889234, 10.182886166437186], [-74.05492032085931, 10.184068235308757], [-74.05781045585815, 10.182965190397397], [-74.05823468289418, 10.181375189043706], [-74.0596547848445, 10.180289443003574], [-74.05843784424411, 10.176648623951166], [-74.06062801321235, 10.174268240163201], [-74.0602184808294, 10.172431825340823], [-74.06269700294541, 10.168843046632617], [-74.06572920482301, 10.166521606747324], [-74.0655324628392, 10.164941397038035], [-74.06347068568527, 10.164066192912117], [-74.06503137588618, 10.163286357605955], [-74.06558067276399, 10.160781177064337], [-74.06379126861452, 10.159067138034004], [-74.06247548810131, 10.158983199386967], [-74.06320323096094, 10.157731759858962], [-74.06266340323208, 10.15302286284549], [-74.06072444833325, 10.14780922632616], [-74.0612316582081, 10.14371859979127], [-74.06287232907579, 10.143200069338207], [-74.06322075261448, 10.142217270311676], [-74.06041322765338, 10.140368836919492], [-74.06170037793731, 10.139460908040007], [-74.06120626011983, 10.136906931871579], [-74.06299965728397, 10.135793278746576], [-74.06255184496132, 10.133768121444405], [-74.06447561831976, 10.133249590092987], [-74.0626274499308, 10.131676672912988], [-74.06291073567803, 10.128806467952984], [-74.06479498672576, 10.128889861322193], [-74.06603412022287, 10.12546706715625], [-74.06788231466294, 10.125458625680778], [-74.06942330928558, 10.126771351919615], [-74.0706108390201, 10.126206858230034], [-74.07052678179537, 10.124822752700197], [-74.07309572031505, 10.124712274205251], [-74.0744136963126, 10.12014510001552], [-74.07406706760923, 10.119332320766716], [-74.07277832461102, 10.119803306947233], [-74.07148789367699, 10.118461696255736], [-74.07275949231439, 10.11671034117876], [-74.07247637994215, 10.11483652856299], [-74.07069516843461, 10.114792288296655], [-74.06832203405673, 10.11278906337958], [-74.06699176819802, 10.105124026700935], [-74.06758798681545, 10.102759038252543], [-74.06880689921945, 10.1015574426861], [-74.06806782140853, 10.099631903238446], [-74.06853369617096, 10.098677220604372], [-74.06737619714033, 10.097778625228102], [-74.06971309255243, 10.096469426676265], [-74.06923450572026, 10.094806532369034], [-74.07118478658725, 10.094169099013584], [-74.07074733005146, 10.093133753890925], [-74.07331999837919, 10.091736739560133], [-74.07455502028404, 10.08885921601967], [-74.07620158320634, 10.08834140062612], [-74.07527627370882, 10.087023274609862], [-74.07603706202082, 10.085043408603724], [-74.07964677418676, 10.081001513016929], [-74.0826227289063, 10.075598216837136], [-74.08245469710187, 10.07471071476516], [-74.08385206536917, 10.074312900016139], [-74.08437106474321, 10.073056473935992], [-74.08397596380684, 10.069998220894433], [-74.08258223192274, 10.067987696261582], [-74.08297557934628, 10.067102800204282], [-74.08195215397865, 10.06674557316876], [-74.08147999819073, 10.064911522714112], [-74.07999052378733, 10.064437654735912], [-74.07975549557563, 10.063153846187447], [-74.07755810594341, 10.061920945206737], [-74.07681638259186, 10.059984132791556], [-74.07591249074449, 10.059897670774888], [-74.07696283415106, 10.058954336566842], [-74.07576171738702, 10.05779379224498], [-74.07384059855235, 10.058451665882728], [-74.07424468085213, 10.05529430882342], [-74.07357394332928, 10.05421344063916], [-74.07459690157259, 10.053664299170066], [-74.07360000706967, 10.052709762961513], [-74.07395875225922, 10.051736119571615], [-74.07494054517184, 10.053070914739635], [-74.07715815589722, 10.053715017193099], [-74.07847494432099, 10.053738722854007], [-74.07848149663789, 10.052733535097786], [-74.08072101100231, 10.053507842167278], [-74.08015571601487, 10.054441990195869], [-74.07909959823309, 10.054486738909134], [-74.0783691963581, 10.056295218798823], [-74.08144196708457, 10.058967328911137], [-74.08244841697473, 10.058733637393686], [-74.08517871370935, 10.061544298375964], [-74.08581057660729, 10.063271842689005], [-74.0846521532095, 10.06524448084457]]]}}, {"type": "Feature", "properties": {"dpto_ccdgo": "47", "mpio_ccdgo": "053", "mpio_cdpmp": "47053", "dpto_cnmbr": "MAGDALENA", "mpio_cnmbr": "ARACATACA", "mpio_crslc": "Ordenanza 47 del 28 de Abril de 1915", "mpio_tipo": "MUNICIPIO", "mpio_narea": 1738.42425619, "mpio_nano": 2025, "shape_Leng": 2.64354610377, "shape_Area": 0.1438347033}, "geometry": {"type": "Polygon", "coordinates": [[[-73.59859493327832, 10.835955300306182], [-73.6135113267278, 10.827604677839474], [-73.62056256474494, 10.822576836425185], [-73.62773643367586, 10.815770859337306], [-73.63072079393822, 10.810829325429324], [-73.63521681161927, 10.807864940121533], [-73.63873618194174, 10.80214714440848], [-73.63573369995072, 10.800485443963282], [-73.63380828626725, 10.797730731898127], [-73.63422176944397, 10.796167716855393], [-73.63647068738027, 10.79398187507536], [-73.6386621193808, 10.787793089588547], [-73.6351389698429, 10.788273042759329], [-73.63047002004362, 10.787395598233275], [-73.62766594820926, 10.78869764079991], [-73.62533252389017, 10.787559645107933], [-73.618445282442, 10.786398840274387], [-73.61693480091895, 10.78760622369083], [-73.61256486458348, 10.788653478687024], [-73.60711890198695, 10.787397285270742], [-73.6045125360294, 10.783801541020239], [-73.60037156966251, 10.782449510761467], [-73.59535974971408, 10.781254391155073], [-73.58899432206397, 10.78170946456595], [-73.58502142792571, 10.775528904060423], [-73.5821318849172, 10.773980731893005], [-73.57946644390285, 10.77004828173773], [-73.57732485496558, 10.770104201010383], [-73.57373832294564, 10.766506634975087], [-73.56822513666793, 10.766151319556002], [-73.56601663307015, 10.76436665043019], [-73.5642507755797, 10.761207341330191], [-73.56237152635549, 10.760026767256477], [-73.54828311525483, 10.759498436175818], [-73.547894861283, 10.758349995763695], [-73.54183790726245, 10.754371865341511], [-73.54419433116607, 10.75062420687226], [-73.55073290922513, 10.749975726026605], [-73.55286079884343, 10.746179783072364], [-73.55482232033847, 10.74599839061409], [-73.55716017964363, 10.74419489098824], [-73.55827146480766, 10.741887996635626], [-73.56231565828682, 10.74085248801947], [-73.56012018027099, 10.737418697567364], [-73.56055169534477, 10.73471487600193], [-73.55824835742516, 10.731980114636826], [-73.56073608458524, 10.72826386309157], [-73.5647422002458, 10.725961735203612], [-73.56494293165093, 10.723844536444062], [-73.56368283684827, 10.721838331812876], [-73.56408379660161, 10.72084180741615], [-73.56228732360353, 10.718187069836972], [-73.56313152774266, 10.715958865270977], [-73.56869735174473, 10.714200152087642], [-73.56959443974671, 10.712222681890296], [-73.57534424964541, 10.712086876274043], [-73.5794379942351, 10.713109298222719], [-73.58120701020465, 10.716318004821233], [-73.58291392199584, 10.716716506782006], [-73.5860527827287, 10.714307163981118], [-73.58631026614546, 10.711814104417272], [-73.5855142467783, 10.709095102209744], [-73.59378546978871, 10.705264795973562], [-73.59427830840417, 10.703228486078274], [-73.59332806884106, 10.70048058324835], [-73.59461695556985, 10.695244967631481], [-73.59599571791614, 10.692199522779447], [-73.59735810306341, 10.691067021188132], [-73.59668608813519, 10.685801986620561], [-73.5985560667383, 10.684195316115165], [-73.6003373483145, 10.679580493448213], [-73.60313193123699, 10.675204667753007], [-73.60545470512159, 10.673994428589992], [-73.61165902428866, 10.672737199415337], [-73.6113009761923, 10.671364591431995], [-73.61307014757051, 10.66576018565604], [-73.61218551471984, 10.661284234557797], [-73.61239197827933, 10.654142713087708], [-73.61467283224778, 10.65112048431439], [-73.61455371374956, 10.6475669815772], [-73.61617533672472, 10.645335348139042], [-73.63236642800177, 10.643380880221173], [-73.63776494693707, 10.638658615367376], [-73.64668052572603, 10.640733801684235], [-73.6538367939516, 10.639921565018255], [-73.65725041900612, 10.63576656336221], [-73.6578173785731, 10.632515882050313], [-73.65470926989184, 10.623879014783427], [-73.65091674143673, 10.619940201855911], [-73.65243737842218, 10.615123912961337], [-73.65540830257208, 10.612508576420169], [-73.65828167409603, 10.6113046551136], [-73.66315366307424, 10.605791105017886], [-73.66645442101157, 10.60592240468111], [-73.66782436997954, 10.60400928714705], [-73.67419637869267, 10.604373786948884], [-73.67482665606292, 10.60132305730383], [-73.68146103503182, 10.592424692944348], [-73.68534644037817, 10.59041584097588], [-73.68871319759205, 10.589939823327484], [-73.6901093118102, 10.587803908154058], [-73.69212856178638, 10.588147169070737], [-73.69391419929684, 10.587498760090341], [-73.69586011704297, 10.583845461632052], [-73.70179894969607, 10.579639284710083], [-73.70508587087204, 10.580340239786551], [-73.71039632968649, 10.577775103838462], [-73.71244753186448, 10.577545134044158], [-73.7139709832739, 10.575970556776213], [-73.71322455723816, 10.571682801981638], [-73.7141929885986, 10.566909081587312], [-73.71541605391741, 10.565249167892603], [-73.71794162174069, 10.564264557861009], [-73.7203114080948, 10.565986651192588], [-73.7210247572371, 10.568485248874595], [-73.7246398089934, 10.56968592007388], [-73.72762229626687, 10.569596301374759], [-73.72887731558416, 10.570782684858045], [-73.73143746318351, 10.57037888642617], [-73.73463006926437, 10.571404722873979], [-73.73653794692115, 10.566225323872345], [-73.73866330598327, 10.566099819245665], [-73.74059920301443, 10.567437915724952], [-73.74200834371288, 10.567300007150948], [-73.74251733584669, 10.563513195578821], [-73.74130934516864, 10.562245589057738], [-73.74180335428986, 10.561444498696744], [-73.74612368920913, 10.561902147579588], [-73.74864920223507, 10.560859198212029], [-73.75265090357078, 10.562861575118745], [-73.754204462041, 10.559331400749727], [-73.75831459910108, 10.558673370805025], [-73.75719069978379, 10.555523847959535], [-73.76123091821466, 10.55429644287608], [-73.76183388498185, 10.550207624651307], [-73.76425392942122, 10.54881591307992], [-73.76743675643405, 10.547785073011994], [-73.7810567370633, 10.547217249265032], [-73.781692431279, 10.545451955018677], [-73.78299604679694, 10.545046550397785], [-73.78397200694377, 10.543490684153824], [-73.78453807627955, 10.5408307552064], [-73.79293639663092, 10.536737367248179], [-73.79343169932724, 10.53433294182912], [-73.79535838143283, 10.532952159170122], [-73.79568918090996, 10.53067537816645], [-73.80002284414371, 10.528994634320327], [-73.80023812197982, 10.524568466996527], [-73.80198495134078, 10.525110214426661], [-73.80557846956418, 10.530148976668556], [-73.80893205477054, 10.528579503632102], [-73.8113476462575, 10.524890394704812], [-73.8132574984129, 10.523425120036165], [-73.82022227261672, 10.524773085415006], [-73.82013765304612, 10.521666697907222], [-73.82395384943294, 10.522858611423771], [-73.82624254480169, 10.520070493681544], [-73.82594392030876, 10.517961029422736], [-73.82936337094259, 10.51853896371631], [-73.83080776066254, 10.51746630344536], [-73.83149715081885, 10.515530177343578], [-73.8347330629174, 10.515408036012047], [-73.83710869102049, 10.51275412578184], [-73.83720755878113, 10.510184772240109], [-73.83972751572264, 10.50873896677416], [-73.84214943943908, 10.508798296952648], [-73.84382458138657, 10.50994043837295], [-73.8476410149288, 10.510758156563156], [-73.85095550003291, 10.509092325660959], [-73.85248447967905, 10.511451922416654], [-73.85547797491682, 10.5115690807894], [-73.8549720316675, 10.514598356851764], [-73.85754993627921, 10.513353790339465], [-73.85969977804558, 10.51463039798682], [-73.85931319494154, 10.513297481197583], [-73.86024603502204, 10.50930015466082], [-73.85934679016327, 10.506835567222595], [-73.8605876870547, 10.505609223948682], [-73.86238838303632, 10.507393715207911], [-73.86431984957295, 10.502160268125863], [-73.86535709732891, 10.501183045845039], [-73.8661318939806, 10.501499948373635], [-73.86584947690488, 10.503666522173774], [-73.86796060574324, 10.50484718068924], [-73.86759991929284, 10.508164200841122], [-73.868936380837, 10.508855375951327], [-73.87097105310221, 10.508530730837094], [-73.872706368747, 10.506729414119206], [-73.87442915288364, 10.509252022889541], [-73.87613495615284, 10.50812179224107], [-73.8773359678139, 10.508563573270067], [-73.87855494040502, 10.511220065260432], [-73.88012521204439, 10.50992673725733], [-73.88238259121914, 10.509774735901942], [-73.88395500264721, 10.510199145296099], [-73.88498758275318, 10.511490880584972], [-73.8864477397156, 10.510673634908983], [-73.88697813782142, 10.509382841953652], [-73.88874768110242, 10.509575650211673], [-73.88925238916721, 10.508029174963156], [-73.89081465770937, 10.509206154874562], [-73.89221051411079, 10.507864728337893], [-73.89663863078033, 10.512111333073108], [-73.89867970264879, 10.511882390053984], [-73.8992851236153, 10.514835671277694], [-73.9020493542368, 10.515016177098062], [-73.90206279214584, 10.51409579127062], [-73.90025531028522, 10.51242017501221], [-73.90172819189377, 10.511884094159427], [-73.90557567123687, 10.515286560332584], [-73.90720438911188, 10.513254893832709], [-73.90853492177041, 10.513178901689002], [-73.9097992431499, 10.516106949216237], [-73.91140200687897, 10.514254213788774], [-73.91120933875823, 10.512208788680994], [-73.91416901060194, 10.509167901884325], [-73.9140532607887, 10.508209092386608], [-73.91241326814963, 10.507287846870668], [-73.91374518062156, 10.504540126398922], [-73.91346246889827, 10.501766007114895], [-73.91563284976166, 10.501115169986406], [-73.91711972803182, 10.498329164185066], [-73.91878611229663, 10.498087118328726], [-73.92132085462123, 10.492003517560704], [-73.92775377724394, 10.490971167423595], [-73.93050645282676, 10.487866103135275], [-73.9302749478104, 10.485769532406039], [-73.93377408805657, 10.488302228366763], [-73.93509204878268, 10.487229024614635], [-73.93458922718145, 10.485234596906139], [-73.93522246899448, 10.484467882403521], [-73.93815350432078, 10.486591213068095], [-73.94172033896575, 10.485415982177926], [-73.9444430027093, 10.485980445324742], [-73.9460143478363, 10.48495812398744], [-73.9465024990389, 10.48270957885228], [-73.9475455391364, 10.4819258771941], [-73.94884637077303, 10.485351348341737], [-73.95133654584419, 10.486614165041885], [-73.94994674588924, 10.48910119510873], [-73.95043633080417, 10.491001439774493], [-73.95376604326282, 10.491653382730021], [-73.9621522201785, 10.486929970726635], [-73.96567261997114, 10.489388769416564], [-73.96569190681566, 10.486390454713444], [-73.96817264867047, 10.480430200817068], [-73.96762307780631, 10.478130799318194], [-73.96866128676038, 10.477950896267771], [-73.96897166122659, 10.47578787890069], [-73.97150359002546, 10.474785283684469], [-73.97242461275897, 10.473114754589574], [-73.97522691760582, 10.473299053100106], [-73.97522732993286, 10.472048713110894], [-73.97359617402827, 10.470276872835882], [-73.97591291482257, 10.468037422251882], [-73.97870612421991, 10.461085631409219], [-73.97922992419467, 10.452557689448952], [-73.98486008109711, 10.446697652583794], [-73.9890497649373, 10.445258314992998], [-73.99330201469024, 10.445290640894257], [-73.99645247986922, 10.442797206732678], [-74.00070472513062, 10.44268913302966], [-74.00475286042035, 10.43989964266052], [-74.00724121729996, 10.439713126207778], [-74.01042278936535, 10.438264028413641], [-74.01251783834732, 10.436019635295054], [-74.01579348565747, 10.436363242961647], [-74.01754192569905, 10.434586419727793], [-74.02001445065741, 10.434586878767277], [-74.0217944494384, 10.432280011364128], [-74.02798397783255, 10.429817952685426], [-74.0290709213279, 10.427807126218397], [-74.03105539569509, 10.426482350867047], [-74.03595290403422, 10.42773015131695], [-74.04204745078272, 10.427871185132346], [-74.04738639519752, 10.424847451679682], [-74.04826821631912, 10.425611397572425], [-74.0474176458145, 10.427388473233123], [-74.04771675719473, 10.42849532700427], [-74.05001579218066, 10.430865073832479], [-74.05275602159526, 10.430771763054622], [-74.05236209565624, 10.43346864602728], [-74.05385818436031, 10.433718183839062], [-74.05562209340337, 10.43267384028502], [-74.05599980473863, 10.43630612533542], [-74.06056700228459, 10.43474748958323], [-74.0646301313667, 10.434747680026192], [-74.06886643511234, 10.437179717882486], [-74.06743321774843, 10.439845408628685], [-74.06981124435521, 10.441809702326907], [-74.071307400433, 10.441310880926835], [-74.07363823400874, 10.441825359974814], [-74.07318154722236, 10.439221976426381], [-74.07511866506496, 10.43783456778857], [-74.07832110501107, 10.436813511280263], [-74.08022174403754, 10.437383726344422], [-74.080616856652, 10.439008367661359], [-74.07921909671899, 10.441412740079784], [-74.08088283184992, 10.44359765300112], [-74.08064962811801, 10.445621346048199], [-74.08149098279875, 10.446017600422351], [-74.08448274518497, 10.444856033816848], [-74.08677636512209, 10.445777474267345], [-74.08765248014043, 10.447127318923265], [-74.08807396371941, 10.448948869310755], [-74.08536305444073, 10.449607716723051], [-74.0854186458281, 10.452065980914995], [-74.08774811126852, 10.45500196506407], [-74.0864453329811, 10.4570152645951], [-74.08933919688963, 10.45997822337705], [-74.08657726865204, 10.463456839797573], [-74.08799038799208, 10.467373705068553], [-74.0915430211594, 10.468660382838266], [-74.0917072297309, 10.470646547836168], [-74.09274996260433, 10.470526806804969], [-74.09399710099535, 10.467970616287573], [-74.09656643118086, 10.470667365411146], [-74.10117595917336, 10.472059475834897], [-74.10388698074155, 10.470940607087186], [-74.1053677863955, 10.472303086557645], [-74.11110687129946, 10.473374224183033], [-74.11286199121878, 10.474826291809848], [-74.11567058158266, 10.479810351098934], [-74.1175380296296, 10.479409683298286], [-74.12045441162525, 10.480901992786983], [-74.12389252118072, 10.480693766731463], [-74.12402978027222, 10.487877670750436], [-74.12599921862619, 10.487416548977933], [-74.12967952405671, 10.484722473242755], [-74.13305960239853, 10.484240559048146], [-74.13458581702798, 10.48481233718212], [-74.13567827528527, 10.487192225099648], [-74.13529099957958, 10.48823796014517], [-74.13427622409671, 10.489480385072113], [-74.13015480239102, 10.490301779171375], [-74.1311301193436, 10.493850544189968], [-74.12828364070577, 10.495929012055171], [-74.12983651106589, 10.497549247132156], [-74.13445019556656, 10.497670792880228], [-74.13611511827122, 10.49845905708537], [-74.13453970916265, 10.502938337342698], [-74.1354494616237, 10.507620563354124], [-74.13799866593752, 10.511544244148638], [-74.13877186807827, 10.51110244605161], [-74.13962401422918, 10.50749485480975], [-74.13887050676834, 10.504042750389317], [-74.14050477174465, 10.50227668718452], [-74.1426613706439, 10.501899645094682], [-74.14737467659234, 10.505070526301381], [-74.15196061211168, 10.505181730635627], [-74.15429376603765, 10.50720157709361], [-74.15719143700937, 10.51376716931145], [-74.15864348756816, 10.51470965640749], [-74.16078682373006, 10.51340706317319], [-74.16428063426741, 10.514867176118116], [-74.16760005471963, 10.514600607133332], [-74.16953534538749, 10.51305481909651], [-74.17047184790232, 10.50931680315125], [-74.17249819008333, 10.508968246661766], [-74.17514272997931, 10.51484157141715], [-74.17868509359812, 10.514309138625663], [-74.17938228832384, 10.519429786862531], [-74.18199107703964, 10.522112566274018], [-74.18388898608379, 10.527809662989796], [-74.1846262457031, 10.527842438947346], [-74.18520195396962, 10.525704604970997], [-74.18616142732287, 10.525174676684458], [-74.19536650281594, 10.52551080317545], [-74.19869521365223, 10.52768681737848], [-74.20043303739533, 10.526810816446243], [-74.20452267757923, 10.530115331141076], [-74.21035310594897, 10.531002898790177], [-74.21225350692174, 10.535442525582596], [-74.21436461330217, 10.536521547727489], [-74.21563682099782, 10.536223515224776], [-74.21553520978006, 10.538501109204446], [-74.21372021709936, 10.540747087850832], [-74.21431372998899, 10.54644045835181], [-74.21028425811244, 10.547696614937195], [-74.2110740395733, 10.548547411817424], [-74.20938294263533, 10.54927253608588], [-74.20937975990171, 10.55183009563683], [-74.19287152894071, 10.55240581468314], [-74.18805228189149, 10.55408693043205], [-74.19480305027463, 10.574929032137788], [-74.19477478206676, 10.57787310382588], [-74.19230938255083, 10.585642870675372], [-74.19568981842247, 10.584933092339156], [-74.19579689409636, 10.589523072077156], [-74.1997658347459, 10.591264836732535], [-74.20070134462156, 10.594354802125508], [-74.20244888814375, 10.595626869683826], [-74.20127127671617, 10.597998332295617], [-74.20172708674619, 10.601120197788077], [-74.20828139701337, 10.600540453387794], [-74.2155942138699, 10.60430949537107], [-74.22198997585468, 10.603176683860738], [-74.22328394795039, 10.604011314646243], [-74.24620158182461, 10.634949238634476], [-74.2496927270584, 10.639088995868008], [-74.25165810592233, 10.640304978863526], [-74.25154671204342, 10.641953704930756], [-74.25374812613131, 10.642143536169556], [-74.25317005439541, 10.646208757429633], [-74.25472473216735, 10.64733423598642], [-74.25323078055703, 10.649424853575567], [-74.25437947878584, 10.651252317577303], [-74.2513450356098, 10.651699298957624], [-74.25103212519753, 10.652429567881825], [-74.25231168021975, 10.653423100886243], [-74.25226761961659, 10.655704591760696], [-74.25400657703443, 10.656456548728102], [-74.2531815564335, 10.657638313968846], [-74.25558383397902, 10.660654132359184], [-74.25525103125722, 10.663184606784455], [-74.25658510417912, 10.663586431616068], [-74.25754340433173, 10.665140210173718], [-74.24687780536334, 10.662795588345716], [-74.24195034267717, 10.664167245012436], [-74.23977365563547, 10.663255245863127], [-74.23488450073683, 10.662916064199408], [-74.22386609444766, 10.65764734384129], [-74.22309518301267, 10.658424687218826], [-74.22440133268003, 10.659165490694761], [-74.2246292237711, 10.660423708016992], [-74.22307046584791, 10.662934140113975], [-74.22150365721672, 10.661593181599926], [-74.21976266511314, 10.6624982861739], [-74.21942165717303, 10.66098197817331], [-74.21842655121725, 10.660715966144437], [-74.21788168034243, 10.662455695215726], [-74.21607695002365, 10.662313893340183], [-74.21480760615947, 10.663997300693211], [-74.2135391812725, 10.663377228192758], [-74.211880191945, 10.664840153765056], [-74.20891417799027, 10.664860126923031], [-74.20627299869449, 10.662516123136413], [-74.2059607494428, 10.660348837869947], [-74.20230317679699, 10.659570613244398], [-74.20098352364346, 10.65793891565528], [-74.19905384655232, 10.658204217116179], [-74.1964726253579, 10.656815688278357], [-74.1947285726917, 10.65694176513233], [-74.19393146007394, 10.65557425958383], [-74.18951819885609, 10.655081974330983], [-74.1891389711634, 10.652340848397046], [-74.19022486812065, 10.650777747115967], [-74.18771299692145, 10.649739797775226], [-74.1873371729481, 10.647222086623742], [-74.18466228973426, 10.646406147099242], [-74.18507266294097, 10.64315770708572], [-74.18310410763166, 10.642192012894157], [-74.18366012391311, 10.641309298846465], [-74.18318681289082, 10.640707690333045], [-74.1804936660144, 10.64240839835395], [-74.17899661521386, 10.641355612426139], [-74.1765952674254, 10.642369669256198], [-74.17404042258539, 10.638205954833268], [-74.17277608683287, 10.637472894841267], [-74.17168936342495, 10.639129936619725], [-74.16861584709619, 10.638835111105152], [-74.16905671274122, 10.640762941258629], [-74.16754720858597, 10.643640210575654], [-74.16562801843577, 10.644279165678483], [-74.16336716187982, 10.643163081710384], [-74.1652731387, 10.641028796082196], [-74.16486190310991, 10.639181753283196], [-74.16582625162414, 10.63615211070794], [-74.16366616725873, 10.634409565415979], [-74.15865937698157, 10.634292098920866], [-74.15278335278663, 10.63728514859389], [-74.15022422567421, 10.636732042856238], [-74.1475456710429, 10.63467488843645], [-74.14442387022922, 10.636291799744242], [-74.14010622307143, 10.636712563772107], [-74.13932407460157, 10.635805189153587], [-74.14145166418234, 10.62904233033538], [-74.14066143356342, 10.628360262352828], [-74.1327731563756, 10.632819703301266], [-74.13174713487473, 10.62977417760078], [-74.13055818490261, 10.62947635620236], [-74.12002888203102, 10.633132719714865], [-74.11905417683164, 10.631930894179504], [-74.11891974384224, 10.629921329846468], [-74.11959939535478, 10.623142703785845], [-74.11821040837577, 10.619372855114761], [-74.1158004080076, 10.618766440610727], [-74.11349340585707, 10.615172890946269], [-74.11160757467155, 10.61445572216428], [-74.11056034303158, 10.611254206585386], [-74.10866595538613, 10.611299133165176], [-74.10812759460737, 10.613975768095202], [-74.10378341209326, 10.608156682761546], [-74.10248817876192, 10.6077471899045], [-74.10012271600272, 10.610201684762501], [-74.10093327461436, 10.613272075849864], [-74.09926451340539, 10.61370020966217], [-74.09837325367755, 10.61584010078218], [-74.09375884333764, 10.61711668866667], [-74.09234192861248, 10.618725788218512], [-74.08948869284171, 10.618973100003188], [-74.0868803622671, 10.621058819075131], [-74.08904027685071, 10.622566940722038], [-74.08804733673486, 10.623750958939297], [-74.0881417614246, 10.625652014784407], [-74.08682714962049, 10.626580826815996], [-74.08907432302715, 10.628068299771314], [-74.08766534761884, 10.62964871788995], [-74.0861152108343, 10.630033814281035], [-74.08857077109502, 10.631660946628244], [-74.08611181070819, 10.634624180294907], [-74.08585145807012, 10.637352739686378], [-74.0876624613295, 10.638581620703008], [-74.08872383875155, 10.640921789578556], [-74.08813479139076, 10.642141520348446], [-74.08536540084214, 10.641668493194004], [-74.08393474367887, 10.642254127852311], [-74.08507269894659, 10.644805443208725], [-74.08727291557926, 10.64498795676542], [-74.08782592699373, 10.647013711447755], [-74.08739205923035, 10.6493449843], [-74.08483372533101, 10.648789266259428], [-74.08409841685403, 10.64939193927728], [-74.08301835176428, 10.652953020208258], [-74.08072406976828, 10.650955689142506], [-74.07952103509962, 10.6508962915903], [-74.07960679463321, 10.65404715472323], [-74.07658416521093, 10.653529064444967], [-74.0755854614996, 10.65516736555503], [-74.073292800964, 10.65554674416478], [-74.07202002463436, 10.658116313302344], [-74.07065140158073, 10.65769976327482], [-74.06945988601814, 10.656135511250966], [-74.06655654128258, 10.65773744044452], [-74.06452329644145, 10.655726098344076], [-74.0618034579017, 10.65630801307583], [-74.05804392459328, 10.659049844187848], [-74.05733765418103, 10.661481423902956], [-74.05635697967182, 10.660841115037954], [-74.05496427725785, 10.661992156973213], [-74.04993636397825, 10.662968284206784], [-74.048288624262, 10.664287419930247], [-74.04624809317977, 10.6703404051907], [-74.04648989110086, 10.671510970227587], [-74.04448918057028, 10.671310287331494], [-74.04086023366216, 10.672758506572563], [-74.04121275531844, 10.67736957158371], [-74.03810000324182, 10.680829077229646], [-74.03682515898873, 10.67956137009719], [-74.03624353980297, 10.677271947990732], [-74.03252939031717, 10.679347365174806], [-74.0306399496979, 10.678105411863783], [-74.02474136609322, 10.683206988851964], [-74.01780976759761, 10.68676909476153], [-74.01209375683845, 10.692478370845606], [-74.0091054269177, 10.692949824150446], [-74.00663325859074, 10.695128671642124], [-74.00455373969578, 10.695833102303197], [-74.00320631779812, 10.69754655832645], [-73.99834075896587, 10.699957572893368], [-73.99673809764477, 10.702304706412917], [-73.98998841083409, 10.707353658253226], [-73.98606349216016, 10.71222221925757], [-73.98175485062029, 10.710015662310582], [-73.98088555741361, 10.708709048213791], [-73.97951237001644, 10.70861161326718], [-73.97798179496112, 10.709904537926434], [-73.97669247793897, 10.713241123400792], [-73.97448225676101, 10.713136925032984], [-73.97089951383799, 10.710995131279674], [-73.96426154699498, 10.712900568211921], [-73.96702012271726, 10.715578912637284], [-73.96957024870329, 10.716116573627914], [-73.9673126979502, 10.720254692333071], [-73.96501752931636, 10.71984644903364], [-73.96427908571656, 10.718494567895334], [-73.96168335582041, 10.717478286834819], [-73.96080754263625, 10.716294491399935], [-73.95885872602435, 10.716578303560368], [-73.95559337431382, 10.722190435752225], [-73.95555941796903, 10.725333407179107], [-73.95322350800961, 10.728559534819794], [-73.94922311013039, 10.729151985001579], [-73.94791675834193, 10.727355078116886], [-73.94442784901668, 10.726860851603192], [-73.94336777774618, 10.727881546090202], [-73.9439935015526, 10.731073563774032], [-73.93631020390626, 10.738095240906546], [-73.93438730910088, 10.737867123439855], [-73.93285039462955, 10.739827831060609], [-73.92957185923342, 10.741775750254817], [-73.92782278138748, 10.74082231089011], [-73.92502319574317, 10.744033967558323], [-73.92358823564626, 10.743065073565162], [-73.9171859887183, 10.743874543417803], [-73.913365293565, 10.746419044149093], [-73.91344653816236, 10.747968023004319], [-73.91160025174543, 10.746938930161036], [-73.90989251979175, 10.747237337261481], [-73.90751066456215, 10.74916931763488], [-73.90411500762428, 10.75010809199091], [-73.90296275386078, 10.75232655342154], [-73.89821805356479, 10.752590844276938], [-73.89733351683395, 10.755264174302397], [-73.88967887187476, 10.7602174698618], [-73.88869930678584, 10.763413007147733], [-73.88517136203711, 10.765155639576335], [-73.88561674800826, 10.767579076955258], [-73.8834090771494, 10.767868732661213], [-73.88195708587943, 10.769765182840217], [-73.87629495791055, 10.772177676933609], [-73.87104841966942, 10.772251614628601], [-73.87023257356981, 10.774492480060303], [-73.86602660865043, 10.777808229095058], [-73.86630023480569, 10.779941018128739], [-73.86870892453084, 10.781824997885053], [-73.86614354334245, 10.783705608057971], [-73.8647771328412, 10.786316018234174], [-73.8602416503416, 10.78844547002393], [-73.85696986668853, 10.793045652835076], [-73.85002362474381, 10.795836940734489], [-73.84811830279602, 10.797739636904623], [-73.84379217284027, 10.799172635977698], [-73.83776926230115, 10.803041515902919], [-73.83389562669106, 10.802744712296544], [-73.83331162247629, 10.803636460708276], [-73.83380502074266, 10.805921770324062], [-73.82945667183895, 10.807387188723283], [-73.82885342210221, 10.809894792921455], [-73.82600837897337, 10.811682227962251], [-73.82634782474196, 10.813760693132508], [-73.82378870122284, 10.820656880011427], [-73.81804782328015, 10.828529629807178], [-73.81905572125572, 10.83486751598707], [-73.81729934010076, 10.840287800220722], [-73.81191700163328, 10.847239274856122], [-73.8079774709513, 10.853895905112381], [-73.80400664743144, 10.856555512462592], [-73.79753745440183, 10.85875513710505], [-73.79450118944101, 10.860887230842195], [-73.78738580896652, 10.859801956417982], [-73.78513052107144, 10.86163832812116], [-73.78000318038039, 10.861501364575588], [-73.77692587764972, 10.865612494274842], [-73.76983140098855, 10.869779396821286], [-73.7651086088232, 10.875619891720191], [-73.75535366422508, 10.878020976302025], [-73.7542373278302, 10.879000718359237], [-73.7481613941892, 10.877705063717656], [-73.74456531217191, 10.87324504155879], [-73.74176607866747, 10.866244821602209], [-73.73807065098543, 10.866268788673096], [-73.73588926485269, 10.86465954539068], [-73.73204224365071, 10.865028929336631], [-73.72869020714114, 10.862353328368329], [-73.72174329864595, 10.862700365805438], [-73.71439488422124, 10.858992344631417], [-73.71181017037424, 10.85501893306315], [-73.7110129221108, 10.850038697006937], [-73.70738950164264, 10.84066783190616], [-73.70487319366072, 10.840797925130971], [-73.69993534105174, 10.838963218007336], [-73.69575415977249, 10.838523662107036], [-73.69346895256473, 10.835297836300526], [-73.69232113019405, 10.835009137301086], [-73.69057037159888, 10.835105037025642], [-73.68757498630424, 10.838520430864378], [-73.68161394278809, 10.838758058802625], [-73.68046027956677, 10.83752343305514], [-73.677587869241, 10.837117083405815], [-73.6721873290947, 10.833806734148538], [-73.66892592817794, 10.832764662435693], [-73.666347966074, 10.829900364801688], [-73.66273699536731, 10.828353567956015], [-73.66033805326913, 10.825714170919184], [-73.65626305383938, 10.825934840447928], [-73.65460176392457, 10.824488335193791], [-73.6507646502497, 10.824011427314247], [-73.64355541102464, 10.827145046373232], [-73.63662281090666, 10.82661448387563], [-73.632247475692, 10.827707266425023], [-73.62849392696472, 10.829646326426825], [-73.62691471528456, 10.831781766391032], [-73.62180448302166, 10.834032772912053], [-73.61963195967462, 10.832604396573117], [-73.61042157064242, 10.831660606918831], [-73.60495554505638, 10.834792455397064], [-73.59859493327832, 10.835955300306182]]]}}, {"type": "Feature", "properties": {"dpto_ccdgo": "47", "mpio_ccdgo": "058", "mpio_cdpmp": "47058", "dpto_cnmbr": "MAGDALENA", "mpio_cnmbr": "ARIGUANÍ", "mpio_crslc": "Ordenanza 14 Bis de Noviembre 30 de 1966", "mpio_tipo": "MUNICIPIO", "mpio_narea": 1130.32990167, "mpio_nano": 2024, "shape_Leng": 1.99288095163, "shape_Area": 0.09327840878}, "geometry": {"type": "Polygon", "coordinates": [[[-74.03456738814822, 9.998383455175656], [-74.03420788388166, 9.99508789309806], [-74.03175954428491, 9.992533255769047], [-74.03069103333559, 9.992430564775532], [-74.03188993125906, 9.991040401900875], [-74.03043277377378, 9.991248785161702], [-74.03078081912145, 9.99055812209167], [-74.02974581535887, 9.989675208617768], [-74.02889903574783, 9.990217884008302], [-74.02864533963128, 9.989122755057565], [-74.02736637210779, 9.989199676958322], [-74.02806658966682, 9.988168305087356], [-74.02743018308655, 9.987118163801881], [-74.02607418227103, 9.98752526534173], [-74.02612489759917, 9.985503306942803], [-74.02502095257518, 9.985248205860046], [-74.02484322255123, 9.982707370258083], [-74.0235321078913, 9.982738413364075], [-74.02249644206984, 9.980866457567515], [-74.0217968811798, 9.981354066187237], [-74.02120683040005, 9.980485011034318], [-74.01894586604618, 9.98061504856355], [-74.01828313431548, 9.979249418698828], [-74.01888768661041, 9.978069203053224], [-74.0173190687708, 9.978757526908396], [-74.0168254540103, 9.977266393315404], [-74.01533153384105, 9.977861772007316], [-74.01175835259352, 9.976095317136696], [-74.01028942896528, 9.968160474840715], [-74.00858990582316, 9.966975767615054], [-74.00893482233624, 9.963865265820004], [-74.00675377217374, 9.961557518965492], [-74.00763685273438, 9.960154494002381], [-74.00520290505824, 9.959651033698492], [-74.00594435532173, 9.958021901699851], [-74.00540577265883, 9.955009324433604], [-74.00399662926543, 9.953316872835046], [-74.0043558415793, 9.951667111907796], [-74.00303010862314, 9.950818089201675], [-74.00259404627383, 9.948445139876924], [-74.00349909515222, 9.947332226964306], [-74.00180470678441, 9.946934440063103], [-74.00231600759031, 9.94572971296708], [-74.00170842976712, 9.94416724589712], [-74.00284280614392, 9.942827040171892], [-74.00139407396438, 9.941410147006309], [-74.00183122237775, 9.940197452745736], [-73.99937689730154, 9.940670708072389], [-73.99829080271479, 9.938504019287791], [-73.99632705878594, 9.93899982414274], [-73.99558032911938, 9.938653202625915], [-73.99562249337743, 9.93740905383055], [-73.99358809509857, 9.937843515380791], [-73.99332356798607, 9.936018924193604], [-73.99099919599729, 9.936565890839688], [-73.9905261320119, 9.934449434089174], [-73.98550131702422, 9.935855517818254], [-73.98811655924214, 9.93475143894517], [-73.98612243785948, 9.934324463062183], [-73.98569883605137, 9.932486578594819], [-73.98280389955352, 9.93354816981605], [-73.98353700895291, 9.934316308149505], [-73.98270081599588, 9.935560698591871], [-73.97953790375044, 9.935196620100271], [-73.97796074472228, 9.935956583758127], [-73.97745835700772, 9.934735548633455], [-73.97606856064601, 9.93647471356229], [-73.97580783520681, 9.9348476881147], [-73.97420627611945, 9.936670797080467], [-73.97265860611066, 9.934764524714353], [-73.97094354928828, 9.935314215054575], [-73.97129113200322, 9.933289129617663], [-73.96979569637489, 9.934198509277508], [-73.96904990814346, 9.932788082190541], [-73.96746521583736, 9.933724401448899], [-73.96761100803258, 9.931951132851452], [-73.96642413676369, 9.930257913192747], [-73.96534077844746, 9.931003853239531], [-73.96154756367889, 9.929922906901822], [-73.96159600806419, 9.93098102433504], [-73.96037946182452, 9.931060238738212], [-73.96075709410798, 9.931829984159037], [-73.95923015543582, 9.931670135115041], [-73.95862745906174, 9.930476106962601], [-73.95631417319078, 9.930088807002392], [-73.95669276757064, 9.9288265463598], [-73.95541192077002, 9.928971794175538], [-73.95660694156169, 9.92763272661665], [-73.95630870693788, 9.927024793060298], [-73.95478136582017, 9.926158278344985], [-73.95266612359285, 9.926935131242033], [-73.95314097073549, 9.92600799097653], [-73.95225750928887, 9.925420617178474], [-73.95247055121649, 9.924693811262443], [-73.95133628173932, 9.92458536026669], [-73.95176543963191, 9.921672977573849], [-73.95026859724067, 9.919432570283334], [-73.95051578505775, 9.91826222263893], [-73.95152506284671, 9.918004607169735], [-73.95041994372372, 9.916321901401489], [-73.95100069244131, 9.915295039975149], [-73.95013690231843, 9.913524204915689], [-73.94851847375492, 9.914705061958955], [-73.9447250631535, 9.909826549409956], [-73.94271104676636, 9.91007642588687], [-73.94210641901287, 9.908965087722208], [-73.9409570488437, 9.909272704358273], [-73.94044335402566, 9.907883653598844], [-73.93947682080693, 9.908038428954058], [-73.93918327090108, 9.906988689215837], [-73.9369812800943, 9.906729934681948], [-73.93760620080621, 9.90531693481796], [-73.93673180965624, 9.90556482691477], [-73.93633380626085, 9.904442771840252], [-73.93701754870449, 9.903646448842267], [-73.93619323328159, 9.903625916931787], [-73.9358342787844, 9.90229025668549], [-73.93480023801663, 9.902408103168284], [-73.93511572929077, 9.901705769176715], [-73.93422435727342, 9.901851674559737], [-73.93304676471053, 9.900045080235316], [-73.93199534512138, 9.900091170134317], [-73.93176839097384, 9.898659231972431], [-73.93062377289635, 9.898728507407384], [-73.93153495008653, 9.897903459856991], [-73.93094446092857, 9.89649097203312], [-73.9324719080476, 9.895689663381347], [-73.93033171689001, 9.893296464217315], [-73.92862324023235, 9.893416081280918], [-73.92830887544648, 9.891973383089976], [-73.9268360198891, 9.892419711394552], [-73.9266002083458, 9.890466706833479], [-73.92547530560955, 9.890230483861501], [-73.92535416679863, 9.888388690821273], [-73.92371532220744, 9.888338727383655], [-73.92398861418917, 9.887492956581411], [-73.9222835026232, 9.885606995140051], [-73.9231408033113, 9.883610794155857], [-73.92115779140255, 9.881817986287047], [-73.92215875617524, 9.881657073636916], [-73.92195271302762, 9.880433685822595], [-73.92324216300051, 9.879781900970727], [-73.92196557960767, 9.878376102007792], [-73.92285014059308, 9.87693345771578], [-73.91774111387025, 9.877552036316786], [-73.91746009277767, 9.874601347633018], [-73.91638437104581, 9.875365998703842], [-73.91558378823333, 9.874844601724362], [-73.91617562396698, 9.87164878685877], [-73.9138145090572, 9.87039599716178], [-73.91372045716861, 9.869569258980675], [-73.91232229658664, 9.870402409341409], [-73.91305494694654, 9.866634319573052], [-73.91092234566088, 9.864721193055857], [-73.91192232587923, 9.863666658106865], [-73.91075703216069, 9.863819320622838], [-73.91014310144669, 9.862774462333732], [-73.90852502771799, 9.863545981928667], [-73.9075191231056, 9.86194536068325], [-73.90526568035165, 9.862591169038808], [-73.90604869928967, 9.861005154411544], [-73.90437368041142, 9.861254772173368], [-73.90470926970943, 9.859879176391019], [-73.90353698888902, 9.859546938709968], [-73.90342710597758, 9.858665964700378], [-73.90423234476185, 9.85784114622055], [-73.9058480361565, 9.85906336532571], [-73.90551291667776, 9.857202890007613], [-73.90655027402823, 9.856915190833831], [-73.90519787995152, 9.855894525092992], [-73.90615909424122, 9.854686696111798], [-73.90423794216889, 9.853840513880868], [-73.90391684001298, 9.852973808722595], [-73.90480121055538, 9.852868828819851], [-73.90430030775718, 9.851749246809277], [-73.90247521710631, 9.851258203927443], [-73.90281358759063, 9.850066421565032], [-73.90098198864035, 9.84850002076928], [-73.90164172987704, 9.844909906265173], [-73.89948492616173, 9.84525447602823], [-73.90013441671454, 9.843587496179907], [-73.89852599179801, 9.844438724251802], [-73.89791270427827, 9.841463180062703], [-73.89679514527535, 9.840381224916086], [-73.8978778819569, 9.839516742191563], [-73.89719713809205, 9.839063295630979], [-73.89794468163296, 9.83794767699061], [-73.89712195443275, 9.836912966079069], [-73.89781872515334, 9.835943082141625], [-73.8971165762149, 9.835513387056096], [-73.89613892094576, 9.836396155002774], [-73.89474390267316, 9.835791320636588], [-73.89433185500542, 9.83453735055241], [-73.8956889742243, 9.833597774898521], [-73.89436098739327, 9.832839322208144], [-73.8949634367305, 9.83209091897885], [-73.89170409834725, 9.831045378867941], [-73.89176201457644, 9.832225458867867], [-73.89001283971237, 9.83156111106672], [-73.8882747958819, 9.832556425431733], [-73.88802937774733, 9.833572560965024], [-73.88628822215026, 9.833424708931204], [-73.88537567862141, 9.831951405114182], [-73.8864852956126, 9.830572211576225], [-73.8833325864403, 9.830211317614783], [-73.88500755680946, 9.828492165369767], [-73.88084330968513, 9.825069295745266], [-73.88153219139457, 9.82368232728237], [-73.87897450697767, 9.819855853262197], [-73.88035185627291, 9.819128251438258], [-73.87867788123788, 9.818555645056904], [-73.87823899637965, 9.816904464790355], [-73.87667652841134, 9.81616402423407], [-73.8758100379506, 9.816825934903932], [-73.87569691391502, 9.815285489152416], [-73.87473685935129, 9.815066672849525], [-73.87571482813269, 9.814018934559385], [-73.87452799818635, 9.81362985413682], [-73.87440365598059, 9.812731380931496], [-73.87254358759964, 9.814623502125698], [-73.87140251337871, 9.813225992822765], [-73.87149382720014, 9.814952736736302], [-73.8695053517335, 9.816727625895851], [-73.86854772441956, 9.815345563136589], [-73.8669616262489, 9.815953121196856], [-73.86682549723889, 9.814879905766588], [-73.86544757481806, 9.81396080812425], [-73.8657350637859, 9.812369780893732], [-73.86658051299099, 9.812859650574808], [-73.86680246262006, 9.810635703128355], [-73.86534185200804, 9.810025321660873], [-73.86412037401357, 9.810509803242667], [-73.86405599979071, 9.808986543174512], [-73.86299392527548, 9.808578905340028], [-73.86162597595887, 9.809637216809506], [-73.86023286391281, 9.80717455176756], [-73.85858011967815, 9.807906742189687], [-73.85887622529299, 9.809926734174837], [-73.85690715614692, 9.809638319043245], [-73.85689283609156, 9.807772853579763], [-73.85521417903351, 9.807660978203444], [-73.85435994519628, 9.805899059828619], [-73.85272542869154, 9.807630254897902], [-73.85227807271343, 9.806721353142166], [-73.85364080101743, 9.80552238874327], [-73.85265560708041, 9.803891834710441], [-73.85164491174879, 9.803754491177187], [-73.85366518131366, 9.802365345196279], [-73.85187608708321, 9.801701714251237], [-73.85143861258109, 9.800377788706896], [-73.84997704077097, 9.80141961517944], [-73.85088555086094, 9.799509851957396], [-73.84558450370326, 9.799440507352074], [-73.84185809130571, 9.79742351574231], [-73.84279806671026, 9.795459183416483], [-73.84181661336106, 9.792997307994256], [-73.842203653708, 9.791691776368339], [-73.84078015432658, 9.793059430138953], [-73.8402535354362, 9.79181162968905], [-73.83885685168576, 9.791175567163748], [-73.84115658286657, 9.78967329535061], [-73.83939401321271, 9.788939193312046], [-73.83985855487418, 9.787203740224925], [-73.8385193687376, 9.786829567356392], [-73.83855625359257, 9.785014939392], [-73.83727375658549, 9.78367326402173], [-73.83673972119823, 9.781080832741964], [-73.83770072887523, 9.780215192986475], [-73.83686738357994, 9.778908931029605], [-73.8377363246467, 9.77788235167452], [-73.83688642787911, 9.777225360183081], [-73.83703022042295, 9.77484682512943], [-73.83593499625067, 9.774637015342762], [-73.83632430215056, 9.773692666935972], [-73.83512893191397, 9.772937652999246], [-73.83450699091622, 9.770229203309782], [-73.83327131593569, 9.770420857231727], [-73.83333777694662, 9.769016829747954], [-73.8324739383147, 9.768322356919725], [-73.83205499876664, 9.76668978257419], [-73.83263592265581, 9.765235802432585], [-73.83170533555182, 9.764455118217825], [-73.83296107621686, 9.763383207142454], [-73.8317411603939, 9.762286099201503], [-73.83276365241124, 9.760777176256738], [-73.83024274325476, 9.759330632374997], [-73.82878341364136, 9.75648889415072], [-73.82942698339349, 9.754887306317244], [-73.82745170598548, 9.75255599932899], [-73.8294281512043, 9.750546069381357], [-73.82809278201239, 9.750222710655635], [-73.82806389576308, 9.749577800616123], [-73.8309225178366, 9.749382035101803], [-73.8300734403332, 9.747260610663773], [-73.83150607019843, 9.746922875288817], [-73.8318321310586, 9.744842959338257], [-73.83264575292782, 9.746227002884268], [-73.83409533491425, 9.745941244073094], [-73.83369883260491, 9.744527215637277], [-73.83255925587679, 9.74385617178865], [-73.83431092716103, 9.743862353999361], [-73.83459076966301, 9.74185105411982], [-73.83626974292827, 9.742336007317476], [-73.8358404008809, 9.740332873130342], [-73.83685068029223, 9.739992895558657], [-73.83595309821641, 9.739130575979061], [-73.83720678892428, 9.738964937288472], [-73.8369046807619, 9.738114354207482], [-73.83812283678384, 9.736904972037905], [-73.83689576587392, 9.736682453774847], [-73.83674716374628, 9.73557072035112], [-73.84292894955479, 9.737315868962867], [-73.84479408533633, 9.739249637883404], [-73.84753869493977, 9.738777288059225], [-73.850629545174, 9.739652502964987], [-73.85147965933407, 9.738907272587824], [-73.85320369482486, 9.738968215243574], [-73.85454835979073, 9.738424887675592], [-73.8556836838909, 9.735375686964346], [-73.85358760184556, 9.7327788745975], [-73.85642532100411, 9.731542956173314], [-73.8608007101177, 9.726265876086472], [-73.86338273620322, 9.725980628417119], [-73.86413378407485, 9.725045334137292], [-73.86475309570164, 9.725564830280064], [-73.86575197368626, 9.724657010096792], [-73.86803739020166, 9.725252661876823], [-73.86762303476013, 9.727274200762167], [-73.87231129116685, 9.72790544292377], [-73.87700508030184, 9.726998647719029], [-73.87797878118391, 9.725933677033026], [-73.88045612021773, 9.728038873392507], [-73.88111612376275, 9.729669440900125], [-73.88280200507808, 9.729352127841139], [-73.88235514856365, 9.730691461301546], [-73.8837138712766, 9.729998780613755], [-73.88560899015124, 9.73121197972796], [-73.88648553366636, 9.731229811300523], [-73.88812082631614, 9.729017676709475], [-73.88901992295274, 9.729974428165292], [-73.89047031791517, 9.730066297145981], [-73.89121480628336, 9.728427409435596], [-73.89342687978893, 9.728970484576735], [-73.89483850702607, 9.732301080978345], [-73.90066821135309, 9.732152721396005], [-73.90294568316182, 9.733638923234196], [-73.90443869962519, 9.73746707261364], [-73.90546919563803, 9.738119444065887], [-73.9049439242217, 9.739703959403755], [-73.90590612126908, 9.739814540306725], [-73.90553859504064, 9.740424539091578], [-73.90652855723897, 9.741289538347814], [-73.90926540629044, 9.741209614274965], [-73.91249738466325, 9.739671812267432], [-73.91967396201693, 9.742277597912846], [-73.92193103037431, 9.741021807840411], [-73.92414903096886, 9.741949761081912], [-73.92449294136799, 9.741298061569978], [-73.92588274940778, 9.741345403721539], [-73.92630205816374, 9.739923394646382], [-73.9308536672321, 9.739363234433199], [-73.93134750387668, 9.740469801641552], [-73.93464688828885, 9.741397757578], [-73.93718185788737, 9.738533077261366], [-73.93923273667161, 9.739976721379094], [-73.93905148165567, 9.740963399334078], [-73.9408030280739, 9.740251370716294], [-73.94328902597567, 9.741248693715931], [-73.94532149826506, 9.742957707566518], [-73.9468253421312, 9.743133808045286], [-73.94902523806508, 9.745473038180648], [-73.95206167819754, 9.743611784920859], [-73.95290663871867, 9.745088752968911], [-73.95920857159729, 9.74873306018236], [-73.96144236458713, 9.748755766017553], [-73.96693342264683, 9.751588583065654], [-73.9704367238927, 9.749641710409605], [-73.97034706566768, 9.74697980337038], [-73.97199654632033, 9.74608244677188], [-73.97622004457139, 9.746572710813723], [-73.9788204546939, 9.744876405439584], [-73.9808206972018, 9.746372698061407], [-73.98398136275893, 9.745740773179591], [-73.98480740744014, 9.746408610938431], [-73.98794317976257, 9.746337344835183], [-73.99254651386627, 9.74445747487465], [-73.99524591032707, 9.74115743379349], [-73.997116607583, 9.74073198325101], [-73.99871120292465, 9.740747563643708], [-74.00017360927035, 9.743125072820476], [-74.00166077230665, 9.74349983588263], [-74.0043331060997, 9.741454266145979], [-74.00680769269331, 9.742227029908577], [-74.01214118882154, 9.73935091492757], [-74.01401449568544, 9.740276229814924], [-74.01717884523646, 9.738950832828948], [-74.01867741598767, 9.740161325317047], [-74.0223799277897, 9.74074561429802], [-74.02530071333041, 9.738366150385616], [-74.02969676640697, 9.736587505366913], [-74.03045819881152, 9.73464824324401], [-74.03208957929513, 9.733250438395146], [-74.03577195534399, 9.73276827177375], [-74.03752448002842, 9.73095618694191], [-74.04123396276259, 9.729522746795624], [-74.04254136019085, 9.72750244668805], [-74.04418550215155, 9.726900995379935], [-74.0460859543283, 9.723385051234686], [-74.04825559497931, 9.723171331976857], [-74.04865995935029, 9.722155305139779], [-74.0499536376966, 9.722208884299278], [-74.05224464173756, 9.72079191837014], [-74.05363263967064, 9.72093907870061], [-74.06101642618609, 9.716290701236119], [-74.0644190549545, 9.71359596164541], [-74.065757501777, 9.711436602221056], [-74.0715313838495, 9.709553579171313], [-74.07338038857063, 9.709836774188602], [-74.0748447137193, 9.708864157573942], [-74.07637106579108, 9.709762926325197], [-74.0772915549249, 9.709166604401446], [-74.08200313969985, 9.710480791302075], [-74.08518863740619, 9.710014443127136], [-74.08910505711242, 9.704686503981634], [-74.09460555377836, 9.703356477973273], [-74.09516246388426, 9.70131857716035], [-74.09459634064945, 9.693331183378348], [-74.10385701471643, 9.680261467113269], [-74.10775562530796, 9.678410901118923], [-74.11113044490793, 9.67418846916894], [-74.11315542075027, 9.672812783554946], [-74.11411982136684, 9.673386795800866], [-74.11703682859041, 9.672345892797125], [-74.1180732876249, 9.67064735510769], [-74.12460597991759, 9.665910091071567], [-74.12576289683943, 9.664044063262281], [-74.13041580630818, 9.664665334116307], [-74.1353939349151, 9.663815324160907], [-74.14013042729772, 9.66004687776109], [-74.14058867535732, 9.658035315573272], [-74.14224996257718, 9.656266501724815], [-74.14610307436169, 9.655973612979551], [-74.14920732477572, 9.65231957161393], [-74.15088195737803, 9.653225099294787], [-74.15338188995764, 9.651575749796223], [-74.15410581138093, 9.652088617265292], [-74.15768016223592, 9.647744584769953], [-74.15924935769272, 9.6438148295627], [-74.16092555156825, 9.643041297739956], [-74.15945813082266, 9.639360012246641], [-74.1621289662246, 9.636892929286603], [-74.16106331641168, 9.636028598377493], [-74.1612009716606, 9.63519632207823], [-74.1598451702713, 9.634501216835531], [-74.1595459546864, 9.632369380016769], [-74.16028198181618, 9.629651597722386], [-74.1625809871577, 9.629330395853401], [-74.16436443816701, 9.62380310870941], [-74.16719073523763, 9.624714428731863], [-74.1677872799437, 9.621567717615449], [-74.16949421329451, 9.621028433367826], [-74.17224459367992, 9.622662245592778], [-74.17548418887407, 9.62259294141171], [-74.17484186957785, 9.621101072996169], [-74.17528099428642, 9.620092000921602], [-74.17780971969046, 9.618983881423162], [-74.17922735037342, 9.622157601308459], [-74.17608447955791, 9.629843595699356], [-74.17565628286343, 9.633912291645743], [-74.1747691526943, 9.63511814972162], [-74.17552790182896, 9.636896421939184], [-74.1742359572325, 9.638683824640623], [-74.17586730268175, 9.64245552024937], [-74.1767749764395, 9.642683266711629], [-74.17527792294402, 9.645570054584994], [-74.1762549404088, 9.649209338415346], [-74.1740527968883, 9.652122638288859], [-74.17266346944751, 9.652546270639675], [-74.17371724621785, 9.653879841402954], [-74.1674220282514, 9.667073709430838], [-74.16755574528293, 9.67129579103755], [-74.16803817061935, 9.672264478418072], [-74.16987059512206, 9.672945747797712], [-74.17002853434622, 9.677454879095706], [-74.1730544812495, 9.678506589739243], [-74.17405555022685, 9.680443939347356], [-74.1755621815675, 9.679821559971401], [-74.17861205242247, 9.68011968859389], [-74.17977057014343, 9.684427477631914], [-74.18434620916486, 9.690999916814292], [-74.18983514180889, 9.692666149263744], [-74.19214489100978, 9.697487486694286], [-74.19324724421779, 9.698075507279896], [-74.19289180213616, 9.699404426562921], [-74.1949315184458, 9.703941391283877], [-74.19362443812304, 9.71226371499995], [-74.195850396899, 9.714544167421082], [-74.19471405141354, 9.71731635532575], [-74.19498658880985, 9.718959718446456], [-74.193273457977, 9.720472798797687], [-74.19426018084783, 9.72344635142025], [-74.1994905053835, 9.730167967652562], [-74.20136977257403, 9.730559757396122], [-74.20260565596385, 9.729529082618399], [-74.2041883279573, 9.730215316092256], [-74.20465962136183, 9.734213393621246], [-74.20602005357011, 9.735586517238005], [-74.20908676695177, 9.73744956173988], [-74.21309260593102, 9.73808575002937], [-74.21425582903117, 9.740808023005457], [-74.21628389238566, 9.742082716341486], [-74.22513790957919, 9.746764062901548], [-74.22902049780657, 9.747939756424444], [-74.23156003534194, 9.753437165578248], [-74.23293121590115, 9.761623972037512], [-74.23515753490187, 9.761226205797584], [-74.23989385211291, 9.764130824345216], [-74.25249263699476, 9.764216865950004], [-74.25824772360164, 9.769125385846678], [-74.2639786248468, 9.770430364109984], [-74.26720646467777, 9.77207543762438], [-74.2695300263855, 9.775188257074717], [-74.26923293531797, 9.777578908614544], [-74.2708306810539, 9.780980673202919], [-74.27053063183178, 9.783632949396292], [-74.26885020598957, 9.786220507311782], [-74.27025263357251, 9.787305298441993], [-74.26994488488396, 9.788820396410983], [-74.27066175542501, 9.790096543222262], [-74.26964438380895, 9.791679515253236], [-74.2702124168635, 9.793041694686167], [-74.27150393655648, 9.79316493914979], [-74.27224045506512, 9.794170168228504], [-74.27283689915987, 9.796974105315542], [-74.2738201383612, 9.797307586265902], [-74.27497165999722, 9.80053964818211], [-74.27682391392727, 9.802590731782345], [-74.27547822398287, 9.804306165897401], [-74.27675351020741, 9.80489486471157], [-74.27804965982108, 9.807051177946391], [-74.27785694139465, 9.808419818966343], [-74.27663575894616, 9.808859983924833], [-74.27644675056479, 9.810536962928609], [-74.27537346596421, 9.811245589623695], [-74.27568686685703, 9.812468315379135], [-74.27436037662045, 9.813990409433075], [-74.2734717992642, 9.81862910035619], [-74.2708435880582, 9.821385302727606], [-74.26934498766252, 9.825213486243058], [-74.26683109615067, 9.82727785863193], [-74.2659305487337, 9.829721156879259], [-74.26658020367842, 9.831092974344585], [-74.26531515196803, 9.832769521258285], [-74.26463524084215, 9.838276713971709], [-74.26581887278354, 9.841623314771141], [-74.26522684930188, 9.84225921559954], [-74.26734243288922, 9.84459930811829], [-74.26700886929382, 9.847378199256923], [-74.26880324382569, 9.847983305812818], [-74.26933575297409, 9.851917796942075], [-74.27095526939826, 9.852788513081293], [-74.27047414302677, 9.854570932823833], [-74.27346342516245, 9.857049222275975], [-74.27332668080601, 9.859209110808479], [-74.27232289981265, 9.859511075240334], [-74.27268770504196, 9.862879367676214], [-74.27190537421399, 9.863506933030465], [-74.27197640765337, 9.866576061085539], [-74.27087301868698, 9.868254932841069], [-74.27146504396529, 9.8699808332359], [-74.2702848543708, 9.873220820994106], [-74.27025606783457, 9.874815048924575], [-74.2712779939128, 9.875261637740834], [-74.27069042607849, 9.878026763085074], [-74.26703014860323, 9.881090828231152], [-74.26549254692014, 9.88133964739012], [-74.2665261484114, 9.885089063863745], [-74.26422012183201, 9.893848439873409], [-74.26521967714689, 9.895798925556392], [-74.26328191611003, 9.899266091142863], [-74.2606523861761, 9.899471437197292], [-74.2621610459143, 9.904374691165572], [-74.25698525365146, 9.908537928582746], [-74.26097919263862, 9.921811361357015], [-74.25953249694146, 9.928020494599537], [-74.26196507468563, 9.93136153482294], [-74.26030349820803, 9.938280871305153], [-74.25798553929724, 9.940814364970493], [-74.25793032520261, 9.942597393771337], [-74.25518132912214, 9.94514539883329], [-74.25562214535978, 9.947769128340838], [-74.25442212184635, 9.94819867610255], [-74.25512642225158, 9.95014408809675], [-74.25399982259643, 9.95102266899255], [-74.2543723811911, 9.953841039322754], [-74.25214109270627, 9.955119669977762], [-74.25219955690818, 9.956951225808893], [-74.25324889869245, 9.957431842835206], [-74.25264275368323, 9.959850619750739], [-74.25320323190027, 9.96092769614313], [-74.25139489035121, 9.963425008334923], [-74.2521726298861, 9.964425363151065], [-74.25065233605739, 9.965490382346104], [-74.2503324259668, 9.967837707206968], [-74.24819822028877, 9.971270930821674], [-74.24646861793371, 9.971326675821047], [-74.24550554592656, 9.972872763895396], [-74.24222945035666, 9.974517308301643], [-74.24217865507848, 9.975837073744628], [-74.24004072767724, 9.977319571825944], [-74.23879902140305, 9.977136615399502], [-74.23722951782389, 9.979028308995225], [-74.23127083418382, 9.979153353684126], [-74.22995009586464, 9.98100627506301], [-74.23002893387343, 9.98328438467604], [-74.22903685344596, 9.983382351425746], [-74.22778910779334, 9.984945423062356], [-74.22498463800491, 9.984005760271828], [-74.22275586121168, 9.986175991116454], [-74.2179072374326, 9.985050339184625], [-74.21690713324665, 9.987264134761972], [-74.21513759176224, 9.985353399561973], [-74.2133974656353, 9.985902356876352], [-74.21268022498805, 9.98536149698242], [-74.2100760392434, 9.988768442159142], [-74.20757591711919, 9.989582725188939], [-74.20673537631274, 9.989458409034341], [-74.20672282863484, 9.988289812207825], [-74.20085620172352, 9.991261791879083], [-74.19715505715845, 9.98744441330848], [-74.19213739186779, 9.987918875073547], [-74.18604940641939, 9.991858094938209], [-74.18444438881545, 9.981109130448374], [-74.17147101334808, 9.982228602864382], [-74.17146007365585, 9.980948619345497], [-74.16766457716466, 9.981579355755173], [-74.16520427738868, 9.978557560868524], [-74.16380561015649, 9.978810242786267], [-74.16325764278639, 9.977677001880863], [-74.16246380273384, 9.97783610711923], [-74.16091723406043, 9.974534995245335], [-74.15949943898562, 9.97546326289745], [-74.15751078116085, 9.974650983112326], [-74.15629710683743, 9.97672386524863], [-74.15447116188807, 9.976985761193589], [-74.15364196501605, 9.975686934598286], [-74.15431108826505, 9.974389293780064], [-74.15363963658098, 9.972981285858054], [-74.15636297136655, 9.965552606898825], [-74.15226030560063, 9.966097793980907], [-74.14934823462346, 9.965110684834201], [-74.15060697117235, 9.961429393052697], [-74.14750778007402, 9.962072543291242], [-74.14659357555894, 9.957685509307282], [-74.14512920459617, 9.956750683050132], [-74.14419011942283, 9.954735337155284], [-74.14195653394398, 9.953490950306161], [-74.1402217788484, 9.955053774905934], [-74.1380310592125, 9.953858940065686], [-74.13801776503396, 9.951841123801842], [-74.13974141335058, 9.949676184936777], [-74.1348023839476, 9.94512166981616], [-74.13219996069898, 9.950037247781609], [-74.13177609388765, 9.94811186374261], [-74.12989466534879, 9.948613477108779], [-74.12850328525599, 9.948028781190715], [-74.12535320904783, 9.952100846720384], [-74.13339624092964, 9.9607323447525], [-74.13030275323962, 9.965237387814398], [-74.12729498555723, 9.966959170328664], [-74.11189126106768, 9.96741424373954], [-74.10758673471344, 9.96620696722266], [-74.10513338700497, 9.966500466822822], [-74.0990976089875, 9.977644977813782], [-74.09965846000568, 9.980433045250322], [-74.09902908723967, 9.981840854644474], [-74.09221187221863, 9.985731567241771], [-74.07730917629158, 9.986639941686008], [-74.06992690793015, 9.988874650958167], [-74.062333985365, 9.979913056830355], [-74.06013186609903, 9.980820199683421], [-74.0568954123159, 9.984719945746349], [-74.05428248326166, 9.993004342560937], [-74.03456738814822, 9.998383455175656]]]}}, {"type": "Feature", "properties": {"dpto_ccdgo": "47", "mpio_ccdgo": "161", "mpio_cdpmp": "47161", "dpto_cnmbr": "MAGDALENA", "mpio_cnmbr": "CERRO DE SAN ANTONIO", "mpio_crslc": "Ordenanza 3038 de 1912", "mpio_tipo": "MUNICIPIO", "mpio_narea": 177.065612631, "mpio_nano": 2024, "shape_Leng": 0.70041141268, "shape_Area": 0.01462305447}, "geometry": {"type": "Polygon", "coordinates": [[[-74.8508441449502, 10.366995208678077], [-74.84251573963479, 10.362299648063924], [-74.83970702530331, 10.35985955231314], [-74.83729722076805, 10.360713466349921], [-74.83479823591188, 10.359944193443312], [-74.82875503870252, 10.360127554111955], [-74.82516543803519, 10.359346232092832], [-74.82101457312427, 10.355755616328395], [-74.81356871656646, 10.355756010689163], [-74.8071683677802, 10.350654872079133], [-74.80615860669724, 10.3467013860581], [-74.8002334068878, 10.346307538272526], [-74.79684038830396, 10.341274042857322], [-74.7928640563104, 10.337403800186678], [-74.79028188020607, 10.336136344582712], [-74.78544426528964, 10.33565695465603], [-74.78145778412187, 10.333913488590213], [-74.77011116101409, 10.323165732335383], [-74.76811707825897, 10.326729547740285], [-74.76411699928195, 10.32734945764554], [-74.76115790864867, 10.327376442159903], [-74.75918748304542, 10.325406047099364], [-74.75829630236944, 10.326064713950132], [-74.7552517127142, 10.324258577766898], [-74.75368032626471, 10.323963976831294], [-74.75164392114789, 10.32508239282771], [-74.74942870173965, 10.32440302428472], [-74.74872442019904, 10.323597298613151], [-74.74939390097785, 10.321955505748804], [-74.74866984211212, 10.320685792676727], [-74.74936735214675, 10.319601391415631], [-74.74860163836814, 10.316354654609256], [-74.74726568616916, 10.31574909440377], [-74.74654771968261, 10.311215748099698], [-74.74466737810616, 10.309710263908528], [-74.74411653342986, 10.307619676862203], [-74.74235247706298, 10.305510093127339], [-74.74135266033818, 10.30491924733792], [-74.73903564915071, 10.305413699328994], [-74.73773427762615, 10.303267832610914], [-74.73554592505286, 10.302738652621656], [-74.7335655982107, 10.298708895978905], [-74.73131624369279, 10.296958067315131], [-74.72966787066372, 10.294371748177412], [-74.72278493843743, 10.289014689220494], [-74.72163115574006, 10.285386867003979], [-74.71906230884855, 10.281888148966345], [-74.71699268131113, 10.28139439676346], [-74.71034646882555, 10.277280508335764], [-74.7010495980137, 10.274445626957515], [-74.70562582902534, 10.267025925768337], [-74.70591580004026, 10.259835350854758], [-74.70947332633483, 10.256341014802558], [-74.71098829404798, 10.253123343010373], [-74.71424801421546, 10.252901640418202], [-74.71553546813027, 10.251851446132093], [-74.71777078825727, 10.244733701289931], [-74.7187887940845, 10.245628892048558], [-74.72069463166565, 10.245099871959496], [-74.72339948000626, 10.24634689536606], [-74.72614849405306, 10.24426071366139], [-74.72896132087521, 10.24346721496886], [-74.7312787183385, 10.243793991786958], [-74.7313207694088, 10.251224774602292], [-74.7335606251333, 10.255402276379186], [-74.73822674433882, 10.253395612708516], [-74.74265117791276, 10.253198676688442], [-74.74680373165774, 10.251483986379014], [-74.74740609475663, 10.252359253387112], [-74.74597008991816, 10.253332665909738], [-74.74578582015374, 10.255868694622848], [-74.74767043591771, 10.257774332777842], [-74.74607776836217, 10.259405466224564], [-74.75054306094103, 10.263512655909835], [-74.76396679725349, 10.258066068085384], [-74.76931502306923, 10.257540710430703], [-74.77306200330986, 10.258283931274946], [-74.77679457366355, 10.259653222675638], [-74.78146320815392, 10.262648227084298], [-74.78429861504702, 10.265600238987474], [-74.79130607543055, 10.268480378424158], [-74.79819408404057, 10.2743657990045], [-74.79952657143474, 10.276846977440925], [-74.80083572686743, 10.275459733194964], [-74.80225513172451, 10.275199455117104], [-74.81166536821894, 10.27465708066245], [-74.81179935923683, 10.280305585669169], [-74.81952934506063, 10.281137441556496], [-74.83016461059265, 10.279125013392047], [-74.8396103602135, 10.274591078690946], [-74.84381264563052, 10.271163100343415], [-74.85013880609165, 10.261235679073252], [-74.85458494387848, 10.247592230836858], [-74.85756576477576, 10.244318777214346], [-74.85709118263634, 10.242256344289729], [-74.86094176925457, 10.240958493265566], [-74.86541520506796, 10.237447310195137], [-74.87232479033003, 10.233687874803138], [-74.87036488490543, 10.229461526195394], [-74.8758206427396, 10.22010849176894], [-74.87644455823596, 10.21370605080466], [-74.87927149041593, 10.213603453236033], [-74.8831999376751, 10.215021976845094], [-74.88785534536066, 10.218818988795363], [-74.89389587996135, 10.231737074709542], [-74.89638254261695, 10.233079687023348], [-74.905038246672, 10.234803376662455], [-74.91567777022186, 10.238339726055642], [-74.91079706308687, 10.25418105979469], [-74.90812362706015, 10.253286072953813], [-74.90309847340728, 10.275241302269649], [-74.89531605198027, 10.295442660325477], [-74.88019557371206, 10.31849810485727], [-74.86740330863182, 10.34245564909611], [-74.86181254019107, 10.351082678904447], [-74.86103062977497, 10.353843568688717], [-74.86351196990825, 10.366747660636292], [-74.85825415330976, 10.365432048108175], [-74.85742730912733, 10.366014942902666], [-74.85663130682815, 10.3651113672625], [-74.85330869286253, 10.365641427601417], [-74.8508441449502, 10.366995208678077]]]}}, {"type": "Feature", "properties": {"dpto_ccdgo": "47", "mpio_ccdgo": "170", "mpio_cdpmp": "47170", "dpto_cnmbr": "MAGDALENA", "mpio_cnmbr": "CHIVOLO", "mpio_crslc": "Decreto 107 de Marzo 8 de 1974", "mpio_tipo": "MUNICIPIO", "mpio_narea": 536.030856837, "mpio_nano": 2024, "shape_Leng": 1.32539703997, "shape_Area": 0.04425497493}, "geometry": {"type": "Polygon", "coordinates": [[[-74.50894668513246, 10.021674718437282], [-74.51205601821846, 10.021572725435306], [-74.51507946959987, 10.01930737460441], [-74.51785267439817, 10.021403561752663], [-74.53008240501612, 10.02674057838135], [-74.5353348829226, 10.026969845692577], [-74.54208851334056, 10.029493833377956], [-74.54297551235555, 10.028534960998059], [-74.54646441539256, 10.028390324935572], [-74.54646893931198, 10.026551834104907], [-74.54883441913915, 10.025125363094162], [-74.54958927587063, 10.02227863292785], [-74.54787638129488, 10.019710607097181], [-74.5492564596741, 10.017687888722946], [-74.54871762817771, 10.01635173619951], [-74.55133441999072, 10.014816403662621], [-74.55150273566306, 10.01349222479314], [-74.55045418080363, 10.012831746937309], [-74.55054193639535, 10.01013182765655], [-74.55175894077615, 10.009571962989355], [-74.55162664038892, 10.00863760385647], [-74.55437178628699, 10.00537575378172], [-74.5556679439855, 10.00523111682088], [-74.55522039486948, 10.003635245870441], [-74.55557220236454, 10.002440600574914], [-74.55656685017908, 10.002075735158428], [-74.55584553477047, 10.001310967306608], [-74.55614094598707, 9.998868179302747], [-74.55692574987899, 9.998278630681625], [-74.55571719685514, 9.99563248998652], [-74.55643185214893, 9.994835370182273], [-74.55597609871285, 9.993589967337755], [-74.55707532308628, 9.99312111106451], [-74.55606025565072, 9.991443849989537], [-74.55698298428632, 9.989677271151322], [-74.55605635965424, 9.988778674876698], [-74.55628144889772, 9.98749767356577], [-74.55498893656551, 9.98710148387039], [-74.55467107373715, 9.984627122754091], [-74.55238370158781, 9.984405406687188], [-74.55231547358932, 9.985513111163641], [-74.55159902615509, 9.985064165166193], [-74.55135618528914, 9.986154818706666], [-74.55042966126842, 9.985308116350723], [-74.55005953890674, 9.982885742577992], [-74.54747682560941, 9.983668184797125], [-74.54567692284087, 9.981254567808776], [-74.54491102311084, 9.977186818687471], [-74.54560439280704, 9.976087909623004], [-74.54412582126497, 9.974798288071725], [-74.54540513374184, 9.973418696579756], [-74.54968154370357, 9.972207094671376], [-74.54980951780095, 9.970592301592717], [-74.55113222163556, 9.969212625659054], [-74.55047211119097, 9.963228728983893], [-74.55179493899323, 9.961956692866579], [-74.55133611421473, 9.960019804992896], [-74.55296400294401, 9.95947929095064], [-74.55324190777839, 9.956443422147174], [-74.55393592516043, 9.955839644200637], [-74.55375789689555, 9.952869010206769], [-74.55226527119964, 9.950982631946772], [-74.55425906559532, 9.947881231889426], [-74.55731162511006, 9.94980973308492], [-74.5578988120584, 9.952301043627529], [-74.5628478576848, 9.955100416370954], [-74.56416729793739, 9.956914763162445], [-74.56272612329036, 9.965499749985383], [-74.56421484400664, 9.969157371140227], [-74.56564168692017, 9.969661428824281], [-74.56666201399594, 9.968749092806434], [-74.56576739276966, 9.967172259867027], [-74.56588196578889, 9.965381042017555], [-74.5664749998761, 9.964618261240673], [-74.56785039263906, 9.965093457828232], [-74.56929678560374, 9.962782238982413], [-74.57090072433016, 9.96513333766876], [-74.57386984016995, 9.96694936161623], [-74.57406379737415, 9.96864070289621], [-74.57940077896848, 9.972950626332988], [-74.58049487934744, 9.975179041104923], [-74.58312822083616, 9.976528516553003], [-74.5843948931086, 9.976271089730119], [-74.58455895255969, 9.977269272418141], [-74.5868250588743, 9.977084557987268], [-74.59095865006685, 9.980269890403463], [-74.59190741729003, 9.979959329087535], [-74.59262098112987, 9.981370987765729], [-74.59533518902492, 9.981881445951274], [-74.59556646766566, 9.984292253007197], [-74.60002931592675, 9.985613715369084], [-74.60415509087176, 9.988080759701575], [-74.60612616056756, 9.986818561941163], [-74.60965033508398, 9.989703158821783], [-74.61115181727735, 9.989995216624777], [-74.613438775303, 9.988696064839075], [-74.61533557402856, 9.989283566197969], [-74.61609997177425, 9.99098484734452], [-74.6182557765622, 9.992095096750177], [-74.61806430859167, 9.994173219662002], [-74.61917134921259, 9.995339034403855], [-74.62180372321495, 9.995623088211289], [-74.62613810959306, 9.994544721837087], [-74.62762303492423, 9.995564090409687], [-74.6299689000216, 9.99566121543728], [-74.63061392863887, 9.99735291155207], [-74.63395773118395, 9.997008048937971], [-74.63414243034345, 9.997689374911545], [-74.63840884384479, 9.998604210044448], [-74.64083152843489, 10.001210081928207], [-74.64263123896382, 10.001501792082877], [-74.64359516886276, 10.002762659437337], [-74.6518845827722, 10.002717620568035], [-74.65744693478291, 10.009532950922107], [-74.66629541385828, 10.015466787141577], [-74.66898054595936, 10.018142501297689], [-74.66857232960939, 10.019957094227777], [-74.67154438294256, 10.025009152444852], [-74.67143215362972, 10.026989904190543], [-74.67247720505674, 10.028365802705366], [-74.67096107132943, 10.03069829277581], [-74.66983393627788, 10.03545044819623], [-74.66840374174734, 10.037293618354965], [-74.66808645384123, 10.041992599756384], [-74.67041875436695, 10.043506139147098], [-74.6709758998316, 10.045297322860563], [-74.67050870184971, 10.048172100249019], [-74.67242507577924, 10.053334405195471], [-74.66769447634954, 10.050421387393214], [-74.66470106824846, 10.043677774097034], [-74.66254608991119, 10.042618656838044], [-74.66158667405017, 10.04055368796736], [-74.65654478926183, 10.039034059790822], [-74.65393479231096, 10.03703652660397], [-74.64807033573112, 10.037068196734538], [-74.64670514963456, 10.038900403844764], [-74.64649268442582, 10.04161326696078], [-74.64553975081304, 10.043207953032379], [-74.64571757426188, 10.045532649313202], [-74.6447202889915, 10.046610747090881], [-74.644420019682, 10.048807088388344], [-74.64183774027134, 10.050275387687009], [-74.64195127663396, 10.053116859111412], [-74.64552344637764, 10.058751018909959], [-74.64535158864533, 10.059849230881241], [-74.64611219370084, 10.060041672626312], [-74.64522768841107, 10.06353069064778], [-74.64701373196039, 10.0662831659061], [-74.6473032610038, 10.070351410897842], [-74.64613231508093, 10.071537447631158], [-74.6451939099328, 10.069063373077654], [-74.64373797775056, 10.068764482683207], [-74.64254084322135, 10.06738875215342], [-74.64034818681614, 10.068145964269377], [-74.64021967732242, 10.069201040004657], [-74.63932763965295, 10.068384502201695], [-74.6377874607013, 10.06961419888927], [-74.63589678310092, 10.069143785834399], [-74.63329169544704, 10.070095397126067], [-74.6328373263159, 10.071151020834066], [-74.63168605980167, 10.07117448305138], [-74.63001590171132, 10.072641165381185], [-74.62934028273929, 10.075362902062636], [-74.62585539337817, 10.076724334994935], [-74.62430350487745, 10.078222685658716], [-74.6219432604359, 10.081307451598718], [-74.6204259391348, 10.084974063100105], [-74.62005626862606, 10.08619697031537], [-74.62066574009941, 10.086915951899016], [-74.6195879064266, 10.089027449945206], [-74.62092373196305, 10.0896280289885], [-74.62096016406673, 10.091201890298578], [-74.62345080626221, 10.095266530348226], [-74.62249177937201, 10.097695967579682], [-74.623964827169, 10.099485121099008], [-74.6218551598908, 10.104953173285935], [-74.62299686832279, 10.105629410299343], [-74.62355464260867, 10.107872755981532], [-74.62608657679743, 10.110029397101698], [-74.62894409484056, 10.115903182693216], [-74.63400696069738, 10.1175084446391], [-74.63136311519969, 10.120955024416105], [-74.63260276522851, 10.13255895217577], [-74.63163426379947, 10.13590166057196], [-74.63535701376264, 10.13836738887153], [-74.6368697868898, 10.141241950664153], [-74.63607599893953, 10.14094315728778], [-74.63561703582042, 10.14215093326834], [-74.63063932043889, 10.144390001169711], [-74.62809110427264, 10.14453495343946], [-74.62699294889529, 10.143450852215892], [-74.62593632985318, 10.144571740377955], [-74.62437781178033, 10.144018352569105], [-74.62286173015531, 10.144574949162745], [-74.62153341543899, 10.143806526063031], [-74.62014476982006, 10.144802630946174], [-74.61725632365534, 10.14398226362215], [-74.61499134562558, 10.145498052396135], [-74.61569142125069, 10.149822029986751], [-74.61223599755272, 10.15471712005916], [-74.61191438964494, 10.158165833336682], [-74.61060958655321, 10.160373053240903], [-74.61306158768599, 10.164621272249974], [-74.60347668622177, 10.166220094168466], [-74.59982272211136, 10.170366692976643], [-74.59756469255586, 10.170538766304787], [-74.59136649092073, 10.174487931425858], [-74.59235720500953, 10.174997803011024], [-74.59273530172237, 10.18000109704235], [-74.59474379795773, 10.183232097149016], [-74.59404167596875, 10.188133269719117], [-74.59165394036262, 10.191352510869365], [-74.58759845325471, 10.192292592275123], [-74.5883621260594, 10.193294907216796], [-74.58310142586652, 10.201783970060546], [-74.58379300072733, 10.203588120965492], [-74.583407656401, 10.205110010203384], [-74.58439523626532, 10.20658940370464], [-74.58579838609432, 10.20681670011055], [-74.58510063620935, 10.207907966302514], [-74.58632106407242, 10.209674328646543], [-74.5857275862171, 10.21009821162761], [-74.58764078190467, 10.213008683602311], [-74.58713831873155, 10.213487406978516], [-74.58782599939246, 10.214003414960246], [-74.58729361960161, 10.215436155318343], [-74.58786515429199, 10.216603159430576], [-74.58701871424432, 10.218494921298372], [-74.58487056490532, 10.218017838247192], [-74.58397418657296, 10.216568230209589], [-74.58281670191536, 10.216749177103111], [-74.58147617369468, 10.21220559089494], [-74.58026839322258, 10.212224670228466], [-74.58054576625386, 10.210511875365796], [-74.57867764087672, 10.210346968802753], [-74.57840104938032, 10.208934152195184], [-74.57587667272406, 10.208184771598098], [-74.57602124770114, 10.20745373461375], [-74.57462508227894, 10.20675994989557], [-74.57217887797935, 10.207692965147714], [-74.57103776962248, 10.206850810965705], [-74.56925390628606, 10.207759283326368], [-74.56704678789157, 10.20760381716616], [-74.56640388109668, 10.208573666069242], [-74.56270816775015, 10.208586120322252], [-74.56204803574599, 10.209816648850449], [-74.5601355847624, 10.210038796109018], [-74.55963866240239, 10.209484228811277], [-74.55745626386755, 10.209869482407669], [-74.55646713261154, 10.207628575653416], [-74.55318339686409, 10.205756560567977], [-74.55211934695194, 10.208508462700706], [-74.54902962230767, 10.211446018004494], [-74.54281269258058, 10.210771874965701], [-74.53629985756311, 10.213806831080092], [-74.53006564782942, 10.213956585747212], [-74.52508559592803, 10.217208628007825], [-74.5218788826927, 10.221338624139719], [-74.51604122467575, 10.223039464213059], [-74.50733280923447, 10.230391756667927], [-74.50098457984421, 10.230887007261913], [-74.49541280719359, 10.232373588189432], [-74.49671266775061, 10.230976221718777], [-74.49524632498424, 10.229465264088276], [-74.49446110337539, 10.230913760010708], [-74.49232568137745, 10.228540430698274], [-74.48869026030587, 10.226511151922296], [-74.48570163304254, 10.226726407300532], [-74.485276637048, 10.224982632213937], [-74.48623949435762, 10.223848051919447], [-74.48367470156626, 10.222137125554013], [-74.48446979656626, 10.220012060241288], [-74.48275900135502, 10.218150438671955], [-74.4829122307084, 10.216300579652284], [-74.48124740232686, 10.216096513698176], [-74.48101928036857, 10.214909433121647], [-74.47924668460979, 10.21506612727984], [-74.47865234077784, 10.214221795579874], [-74.47814113160013, 10.215039634144375], [-74.47596238921142, 10.214678715030118], [-74.47499285022741, 10.213164902551341], [-74.47342667670563, 10.213766149941705], [-74.47300149116637, 10.211589300304809], [-74.47132934689932, 10.210744675753801], [-74.47140064803688, 10.20924643019299], [-74.47028821033348, 10.208562922209865], [-74.4708775137143, 10.207106952298375], [-74.47023923324684, 10.205883508788475], [-74.46579918783908, 10.204153433020906], [-74.46440939956221, 10.202047150597423], [-74.46329105093952, 10.201714029871766], [-74.46169680773767, 10.202951355058758], [-74.46031004588741, 10.202905840980293], [-74.45929277757767, 10.199959288143475], [-74.45855499244351, 10.199666632960373], [-74.4586703757438, 10.19840093356413], [-74.45567970660818, 10.1971408962537], [-74.45387691126211, 10.195078866672986], [-74.45452914706863, 10.194105734424909], [-74.45379494711364, 10.192711699808285], [-74.4491095266905, 10.192352124574768], [-74.44863030115567, 10.191225695599655], [-74.44730365910374, 10.191459090672879], [-74.44466950913062, 10.189802249218872], [-74.4424378451497, 10.190698200851159], [-74.44031777267725, 10.188121932971171], [-74.43975012410192, 10.185811430083163], [-74.44120660874853, 10.184197314334824], [-74.43648263619593, 10.18028907289738], [-74.43539094060895, 10.178213841664729], [-74.4334887088682, 10.176791922421216], [-74.43244487286273, 10.176991680051799], [-74.43063295421933, 10.174607338283522], [-74.43077289119088, 10.173110907321075], [-74.42976421617198, 10.171666115155517], [-74.42802289079316, 10.17215421874738], [-74.42708888380014, 10.170150765658036], [-74.4278624398774, 10.16934142336629], [-74.42539591477157, 10.167784164732495], [-74.42398679742934, 10.165085460873286], [-74.41992496012563, 10.161078251063827], [-74.41931293563823, 10.159286619090722], [-74.41807404558472, 10.159393836698598], [-74.41814951131522, 10.156304319565265], [-74.4157520999475, 10.155675460635962], [-74.4148436895706, 10.154287345023533], [-74.41406208458199, 10.15470318088984], [-74.40929004134358, 10.15070122443234], [-74.40703923604536, 10.151306719060756], [-74.40675732023004, 10.150575108950818], [-74.40591234982736, 10.151043550202075], [-74.40392247029285, 10.150110435236854], [-74.40246664411188, 10.148753914296378], [-74.40250206920331, 10.147321627587871], [-74.40180276433335, 10.146724483704986], [-74.40144797173417, 10.14736155324249], [-74.40068887315459, 10.14594988558116], [-74.39842405682174, 10.14472990867273], [-74.3986954551533, 10.142871844434751], [-74.39793801576337, 10.141128947901223], [-74.39694691719535, 10.141591144958], [-74.39375100980317, 10.138152432632523], [-74.39241935874122, 10.132148337322064], [-74.3933680118783, 10.129793813356741], [-74.3857632593897, 10.127321790557005], [-74.38638672842302, 10.125167487753401], [-74.38938786383835, 10.126568907425849], [-74.39123957967712, 10.121888904746527], [-74.39487023428399, 10.118465683880459], [-74.40432196758775, 10.100973749288698], [-74.40250025191006, 10.098315575650815], [-74.4019071351778, 10.095650956595591], [-74.40230161807278, 10.094420307693042], [-74.4045462267872, 10.092971267391135], [-74.39947907596309, 10.087931864649931], [-74.39842422031523, 10.083646192151889], [-74.40056437643847, 10.077108076725494], [-74.40601110889179, 10.069847107075248], [-74.40558796971641, 10.068031841306436], [-74.40702073882062, 10.063852319216835], [-74.40824950844603, 10.05274107196908], [-74.41145344588494, 10.04889656695019], [-74.41119379572996, 10.045782491654052], [-74.41450105298355, 10.04388801507531], [-74.40237515062728, 10.034143637368288], [-74.40968019076217, 10.029444051400162], [-74.41402488801134, 10.027696261739436], [-74.42001689198844, 10.02203454879259], [-74.42404837609286, 10.01661021674704], [-74.42668897327991, 10.016181076820772], [-74.43765798476551, 10.015111337873407], [-74.4466349338087, 10.019667373843049], [-74.46237990339375, 10.025787569310012], [-74.48650849238891, 10.033281290839284], [-74.50668750483419, 10.020980460306589], [-74.50763019494963, 10.020590215666516], [-74.50894668513246, 10.021674718437282]]]}}, {"type": "Feature", "properties": {"dpto_ccdgo": "47", "mpio_ccdgo": "189", "mpio_cdpmp": "47189", "dpto_cnmbr": "MAGDALENA", "mpio_cnmbr": "CIÉNAGA", "mpio_crslc": "Ley 0339 de 1876", "mpio_tipo": "MUNICIPIO", "mpio_narea": 1329.35596405, "mpio_nano": 2025, "shape_Leng": 2.63115858104, "shape_Area": 0.11006612743}, "geometry": {"type": "Polygon", "coordinates": [[[-73.7651086088232, 10.875619891720191], [-73.76983140098855, 10.869779396821286], [-73.77692587764972, 10.865612494274842], [-73.78000318038039, 10.861501364575588], [-73.78513052107144, 10.86163832812116], [-73.78738580896652, 10.859801956417982], [-73.79450118944101, 10.860887230842195], [-73.79753745440183, 10.85875513710505], [-73.80400664743144, 10.856555512462592], [-73.8079774709513, 10.853895905112381], [-73.81191700163328, 10.847239274856122], [-73.81729934010076, 10.840287800220722], [-73.81905572125572, 10.83486751598707], [-73.81804782328015, 10.828529629807178], [-73.82378870122284, 10.820656880011427], [-73.82634782474196, 10.813760693132508], [-73.82600837897337, 10.811682227962251], [-73.82885342210221, 10.809894792921455], [-73.82945667183895, 10.807387188723283], [-73.83380502074266, 10.805921770324062], [-73.83331162247629, 10.803636460708276], [-73.83389562669106, 10.802744712296544], [-73.83776926230115, 10.803041515902919], [-73.84379217284027, 10.799172635977698], [-73.84811830279602, 10.797739636904623], [-73.85002362474381, 10.795836940734489], [-73.85696986668853, 10.793045652835076], [-73.8602416503416, 10.78844547002393], [-73.8647771328412, 10.786316018234174], [-73.86614354334245, 10.783705608057971], [-73.86870892453084, 10.781824997885053], [-73.86630023480569, 10.779941018128739], [-73.86602660865043, 10.777808229095058], [-73.87023257356981, 10.774492480060303], [-73.87104841966942, 10.772251614628601], [-73.87629495791055, 10.772177676933609], [-73.88195708587943, 10.769765182840217], [-73.8834090771494, 10.767868732661213], [-73.88561674800826, 10.767579076955258], [-73.88517136203711, 10.765155639576335], [-73.88869930678584, 10.763413007147733], [-73.88967887187476, 10.7602174698618], [-73.89733351683395, 10.755264174302397], [-73.89821805356479, 10.752590844276938], [-73.90296275386078, 10.75232655342154], [-73.90411500762428, 10.75010809199091], [-73.90751066456215, 10.74916931763488], [-73.90989251979175, 10.747237337261481], [-73.91160025174543, 10.746938930161036], [-73.91344653816236, 10.747968023004319], [-73.913365293565, 10.746419044149093], [-73.9171859887183, 10.743874543417803], [-73.92358823564626, 10.743065073565162], [-73.92502319574317, 10.744033967558323], [-73.92782278138748, 10.74082231089011], [-73.92957185923342, 10.741775750254817], [-73.93285039462955, 10.739827831060609], [-73.93438730910088, 10.737867123439855], [-73.93631020390626, 10.738095240906546], [-73.9439935015526, 10.731073563774032], [-73.94336777774618, 10.727881546090202], [-73.94442784901668, 10.726860851603192], [-73.94791675834193, 10.727355078116886], [-73.94922311013039, 10.729151985001579], [-73.95322350800961, 10.728559534819794], [-73.95555941796903, 10.725333407179107], [-73.95559337431382, 10.722190435752225], [-73.95885872602435, 10.716578303560368], [-73.96080754263625, 10.716294491399935], [-73.96168335582041, 10.717478286834819], [-73.96427908571656, 10.718494567895334], [-73.96501752931636, 10.71984644903364], [-73.9673126979502, 10.720254692333071], [-73.96957024870329, 10.716116573627914], [-73.96702012271726, 10.715578912637284], [-73.96426154699498, 10.712900568211921], [-73.97089951383799, 10.710995131279674], [-73.97448225676101, 10.713136925032984], [-73.97669247793897, 10.713241123400792], [-73.97798179496112, 10.709904537926434], [-73.97951237001644, 10.70861161326718], [-73.98088555741361, 10.708709048213791], [-73.98175485062029, 10.710015662310582], [-73.98606349216016, 10.71222221925757], [-73.98998841083409, 10.707353658253226], [-73.99673809764477, 10.702304706412917], [-73.99834075896587, 10.699957572893368], [-74.00320631779812, 10.69754655832645], [-74.00455373969578, 10.695833102303197], [-74.00663325859074, 10.695128671642124], [-74.0091054269177, 10.692949824150446], [-74.01209375683845, 10.692478370845606], [-74.01780976759761, 10.68676909476153], [-74.02474136609322, 10.683206988851964], [-74.0306399496979, 10.678105411863783], [-74.03252939031717, 10.679347365174806], [-74.03624353980297, 10.677271947990732], [-74.03682515898873, 10.67956137009719], [-74.03810000324182, 10.680829077229646], [-74.04121275531844, 10.67736957158371], [-74.04086023366216, 10.672758506572563], [-74.04448918057028, 10.671310287331494], [-74.04648989110086, 10.671510970227587], [-74.04624809317977, 10.6703404051907], [-74.048288624262, 10.664287419930247], [-74.04993636397825, 10.662968284206784], [-74.05496427725785, 10.661992156973213], [-74.05635697967182, 10.660841115037954], [-74.05733765418103, 10.661481423902956], [-74.05804392459328, 10.659049844187848], [-74.0618034579017, 10.65630801307583], [-74.06452329644145, 10.655726098344076], [-74.06655654128258, 10.65773744044452], [-74.06945988601814, 10.656135511250966], [-74.07065140158073, 10.65769976327482], [-74.07202002463436, 10.658116313302344], [-74.073292800964, 10.65554674416478], [-74.0755854614996, 10.65516736555503], [-74.07658416521093, 10.653529064444967], [-74.07960679463321, 10.65404715472323], [-74.07952103509962, 10.6508962915903], [-74.08072406976828, 10.650955689142506], [-74.08301835176428, 10.652953020208258], [-74.08409841685403, 10.64939193927728], [-74.08483372533101, 10.648789266259428], [-74.08739205923035, 10.6493449843], [-74.08782592699373, 10.647013711447755], [-74.08727291557926, 10.64498795676542], [-74.08507269894659, 10.644805443208725], [-74.08393474367887, 10.642254127852311], [-74.08536540084214, 10.641668493194004], [-74.08813479139076, 10.642141520348446], [-74.08872383875155, 10.640921789578556], [-74.0876624613295, 10.638581620703008], [-74.08585145807012, 10.637352739686378], [-74.08611181070819, 10.634624180294907], [-74.08857077109502, 10.631660946628244], [-74.0861152108343, 10.630033814281035], [-74.08766534761884, 10.62964871788995], [-74.08907432302715, 10.628068299771314], [-74.08682714962049, 10.626580826815996], [-74.0881417614246, 10.625652014784407], [-74.08804733673486, 10.623750958939297], [-74.08904027685071, 10.622566940722038], [-74.0868803622671, 10.621058819075131], [-74.08948869284171, 10.618973100003188], [-74.09234192861248, 10.618725788218512], [-74.09375884333764, 10.61711668866667], [-74.09837325367755, 10.61584010078218], [-74.09926451340539, 10.61370020966217], [-74.10093327461436, 10.613272075849864], [-74.10035092509764, 10.60964904255593], [-74.10266878519371, 10.607724178641888], [-74.10378341209326, 10.608156682761546], [-74.10812759460737, 10.613975768095202], [-74.10866595538613, 10.611299133165176], [-74.11056034303158, 10.611254206585386], [-74.11160757467155, 10.61445572216428], [-74.11349340585707, 10.615172890946269], [-74.1158004080076, 10.618766440610727], [-74.11821040837577, 10.619372855114761], [-74.11959939535478, 10.623142703785845], [-74.1189100581991, 10.628897322370051], [-74.11962874244017, 10.632959856766945], [-74.12128978262314, 10.633108715813023], [-74.12439501489655, 10.63111575595292], [-74.13121508386752, 10.629465767751697], [-74.1327731563756, 10.632819703301266], [-74.14066143356342, 10.628360262352828], [-74.14145166418234, 10.62904233033538], [-74.13936621730011, 10.635318540833623], [-74.13975100556883, 10.636463387083381], [-74.14291201068943, 10.63664406987209], [-74.1479625238029, 10.634756610937927], [-74.15154679026989, 10.637265203283732], [-74.14985543821012, 10.646483279205938], [-74.15304469896216, 10.646233806971281], [-74.15606853931439, 10.644771359303093], [-74.15422406749582, 10.650103214208002], [-74.15060296737795, 10.651248417987517], [-74.14787760778808, 10.653523856008803], [-74.14958195398879, 10.656522041354378], [-74.1491285083265, 10.657400181177024], [-74.1469276224484, 10.657811662007362], [-74.13813607055624, 10.667612345262967], [-74.13620650755121, 10.666044026562588], [-74.1348573375306, 10.666524282465843], [-74.13745369894286, 10.67547503930939], [-74.13605506135508, 10.677493411630849], [-74.13038634244174, 10.681603654692253], [-74.12762937919666, 10.682260823151921], [-74.12214828885129, 10.681698755813898], [-74.12108332714843, 10.683572030338382], [-74.12134429603128, 10.687060647710894], [-74.12495888784974, 10.686782507517705], [-74.12532215067046, 10.688738954425673], [-74.12683909108557, 10.689705990701384], [-74.12725495030804, 10.693591625118302], [-74.12973682493941, 10.695116704276359], [-74.12918586527871, 10.697194847849516], [-74.1303068908831, 10.69926937749733], [-74.12835457892368, 10.703519342832749], [-74.12901865273847, 10.706716665072577], [-74.12723865126259, 10.70857010208482], [-74.12767035318603, 10.70989277088512], [-74.13022991598172, 10.711961802839085], [-74.1288864960818, 10.711977508097675], [-74.1264681099338, 10.713682274710266], [-74.1263017040813, 10.715955084258894], [-74.12463964520799, 10.717599365458568], [-74.12264422665697, 10.716702581985658], [-74.12199488522458, 10.718168701071363], [-74.12356725173686, 10.719454114012194], [-74.12270568674273, 10.72003729716613], [-74.12285713653216, 10.721711637815815], [-74.12120934830682, 10.72422230616985], [-74.12027140309647, 10.723653880551183], [-74.12003038671031, 10.725583271079586], [-74.11750647717838, 10.725822727989168], [-74.11551069660607, 10.724478453790766], [-74.11223044542635, 10.725674875955349], [-74.11215458084354, 10.723566979257953], [-74.11117197225997, 10.723597007266903], [-74.11099090858534, 10.726213222361082], [-74.10949432311247, 10.726333010104725], [-74.10939678575784, 10.73489458052444], [-74.10047644230076, 10.735883759391243], [-74.10027082944646, 10.737235318932392], [-74.09809602886838, 10.736865178604376], [-74.09830414622769, 10.738262164189052], [-74.09954905499836, 10.73821391024677], [-74.1003444078151, 10.739552051641851], [-74.09963647731485, 10.741415789643725], [-74.0982478900865, 10.740961827449723], [-74.09833782050123, 10.742487945959397], [-74.09445515951029, 10.744108530481299], [-74.09062822285739, 10.748769632591973], [-74.08923888912841, 10.75395796085462], [-74.08674129037382, 10.756058793194939], [-74.08665566379102, 10.759085988757477], [-74.09274860974045, 10.777040617174748], [-74.09730216995115, 10.786431096107037], [-74.09463635613571, 10.784682227568737], [-74.0948095236127, 10.786236554099105], [-74.09366957228679, 10.787517294898407], [-74.0952543364582, 10.791001607540693], [-74.09270430838859, 10.792169649207892], [-74.0920554053344, 10.795503935891645], [-74.0954927710842, 10.794657575794133], [-74.096445687629, 10.798499552053443], [-74.09526671884595, 10.804300096144857], [-74.0982410422236, 10.808523642904959], [-74.10206710032344, 10.812170989121455], [-74.10067606608231, 10.81369598563441], [-74.1009637975954, 10.818031343092116], [-74.10252149101416, 10.819511201022749], [-74.10020801290352, 10.821230627254124], [-74.10087349797277, 10.822456430640102], [-74.10037765988017, 10.824033135120374], [-74.10606390044705, 10.82301480769604], [-74.11183355863773, 10.824827171904133], [-74.11365312195028, 10.82451414381245], [-74.11188333253068, 10.825240000208453], [-74.11100666684462, 10.82803333267509], [-74.10917166686994, 10.828243333803073], [-74.10931999950282, 10.829471666846928], [-74.10771166801112, 10.83016000058359], [-74.10744166745923, 10.831143332311512], [-74.1087754026143, 10.831721593592079], [-74.1075618774114, 10.835244384701923], [-74.10607314681369, 10.834398842970245], [-74.10586354004641, 10.836973003400885], [-74.10415343294522, 10.838778119097185], [-74.10571376292143, 10.841738744054226], [-74.1097457231333, 10.843202415228802], [-74.10697199731169, 10.846577946295042], [-74.10878038826814, 10.849509442457418], [-74.10487807212309, 10.850347012532893], [-74.10388821592602, 10.852212509437436], [-74.10756452385033, 10.855681966628026], [-74.108184585571, 10.854763640639078], [-74.1118233870057, 10.855991289166184], [-74.11042687842684, 10.85854287132247], [-74.11043663234193, 10.860245066954633], [-74.10760491393432, 10.861134279420298], [-74.10681108466156, 10.86346069058635], [-74.1049934733897, 10.864794244281654], [-74.10481718785786, 10.869255726204074], [-74.10736780522274, 10.870555189705442], [-74.1157767813985, 10.872100807960521], [-74.11650279140656, 10.87132354722803], [-74.11793046795736, 10.871772670193707], [-74.11760031796268, 10.870889294985432], [-74.11859969181774, 10.870356890940002], [-74.11843610308426, 10.869485413028826], [-74.12001844539571, 10.869309927896552], [-74.12033967151922, 10.868295682420126], [-74.12104756159522, 10.868845933309501], [-74.12460921924509, 10.868034536569041], [-74.12538968157577, 10.868605607728341], [-74.12822124008318, 10.86539333481528], [-74.13126695083673, 10.865098282026793], [-74.13232818991804, 10.862942490713579], [-74.13171428884851, 10.861081752188852], [-74.13273745639947, 10.861319698130899], [-74.13303251008631, 10.859649316359878], [-74.13524138379029, 10.858131236880126], [-74.13595959461878, 10.859065533130831], [-74.14012176573488, 10.867139479659443], [-74.14525158308317, 10.873656188215534], [-74.14430724904946, 10.878676564623902], [-74.1445041742897, 10.879917331259492], [-74.14564927745784, 10.879438554882654], [-74.1475025437901, 10.89432794405485], [-74.14901513276243, 10.894447163164443], [-74.14872841634639, 10.897048445551775], [-74.15069540139939, 10.89946976739651], [-74.14955944937634, 10.902800473392631], [-74.14376429967251, 10.905200455740783], [-74.1434754560442, 10.906357682581643], [-74.14336972514928, 10.9084324251304], [-74.14819720795958, 10.910776101929969], [-74.1479557684666, 10.913048488371828], [-74.15021848004511, 10.917316001411905], [-74.14779743308509, 10.917624790350374], [-74.15027087881737, 10.921551688912814], [-74.14819135902411, 10.922973181456257], [-74.15052265433428, 10.926378386594934], [-74.15484012632044, 10.923468639561179], [-74.15726101697345, 10.925426354891385], [-74.15815340678279, 10.925037417301041], [-74.16168830629397, 10.929104595093406], [-74.1608330492748, 10.931164134542144], [-74.15873406387215, 10.933012114284736], [-74.15984140542895, 10.933267613321448], [-74.1584776647228, 10.936344679795013], [-74.1604753227756, 10.937544916209333], [-74.1623806339436, 10.940078720691986], [-74.15810382872274, 10.943871650694348], [-74.15666118712574, 10.946919012552769], [-74.16251148894037, 10.945638626588277], [-74.16418388293926, 10.948382356740296], [-74.16480500287616, 10.953452554652358], [-74.16712332111337, 10.956514881556984], [-74.17462563144193, 10.957058157920926], [-74.17813099701794, 10.958895961539838], [-74.18160866212179, 10.95731776585501], [-74.18336564694516, 10.955420363461087], [-74.1866360813276, 10.955615209998143], [-74.18814816814131, 10.957037350227438], [-74.19012999337463, 10.956999859009159], [-74.19257621743719, 10.959336375331873], [-74.19452274064832, 10.959626580807253], [-74.1971782121517, 10.958357601659372], [-74.20020727441482, 10.958286842206348], [-74.20784415158187, 10.953836281111535], [-74.21048398520031, 10.953706632553178], [-74.20801168482092, 10.95021439137389], [-74.21344560908466, 10.9473689377146], [-74.21473672273885, 10.94874381125095], [-74.2165650625987, 10.946920230669264], [-74.21917634863297, 10.94636958092758], [-74.21644665736335, 10.942441219008401], [-74.22010801461448, 10.941587755926264], [-74.21943685218815, 10.93342879726299], [-74.22287590497535, 10.932634678732484], [-74.22240334314864, 10.925654862227248], [-74.22842561498504, 10.927838212977008], [-74.22727275755318, 10.9218667777414], [-74.23129360200284, 10.921027185556625], [-74.22813114520358, 10.918611146708315], [-74.22713699595442, 10.912443325222], [-74.22351041071903, 10.910740595990092], [-74.22435712565135, 10.910391452900285], [-74.22520282009668, 10.904778866160484], [-74.23790034877163, 10.90590276278283], [-74.23831378523585, 10.89690895324668], [-74.22081175806386, 10.895292505469968], [-74.22154688597925, 10.882364243432107], [-74.22410510579249, 10.877601824751366], [-74.22217118595483, 10.877680418418208], [-74.22185167561491, 10.87360027523107], [-74.2182616150098, 10.873029132206455], [-74.21673143162019, 10.870911068368628], [-74.21849161804175, 10.865681032192413], [-74.22001245535165, 10.86602281717586], [-74.22110928211964, 10.865242203029766], [-74.22188939500546, 10.86634539616324], [-74.22520890888256, 10.864393566599517], [-74.23566141741429, 10.864978201432109], [-74.24124314160952, 10.864081021801837], [-74.24372293214776, 10.864926463820382], [-74.25005262388902, 10.864160426648027], [-74.25387337743291, 10.866719454047313], [-74.26074066458773, 10.86840421067103], [-74.26376312063502, 10.870245421602533], [-74.27008614238002, 10.872307608388553], [-74.27127235877657, 10.871542636618926], [-74.27187738807731, 10.869264696787639], [-74.27556262705929, 10.87013273055527], [-74.27823729288065, 10.873885956787092], [-74.28283982478808, 10.871595188104948], [-74.28490125878534, 10.874486903241575], [-74.28317960023867, 10.874776214892563], [-74.2836884567268, 10.87673031360248], [-74.28135005573705, 10.877269416390334], [-74.28158186977413, 10.876011137084276], [-74.28034941795141, 10.876895633390916], [-74.28091092114698, 10.877345129157732], [-74.2799075246329, 10.877577137231071], [-74.27954207800599, 10.879024007201508], [-74.2800936386401, 10.880615629117244], [-74.282122576056, 10.880157634382783], [-74.28257751921103, 10.881231598110276], [-74.28177279246688, 10.881753666131772], [-74.28164825712315, 10.88098107754081], [-74.28093367010138, 10.881083306799894], [-74.28132456063065, 10.882797801276467], [-74.28042010733577, 10.883465935479592], [-74.2798178511365, 10.881957491337232], [-74.27886021843273, 10.882509228041272], [-74.27924377960176, 10.88311629202775], [-74.27814674622107, 10.883005581767236], [-74.27861530605009, 10.882452033159836], [-74.27689078546865, 10.882648487682502], [-74.27795551630425, 10.88291500187006], [-74.27668026601236, 10.8847063652467], [-74.2773013257621, 10.884696422685181], [-74.27669745439073, 10.88523990925512], [-74.27734158379366, 10.885129199892958], [-74.277160417711, 10.886447653794562], [-74.27790519713352, 10.887071656427565], [-74.27736171325859, 10.887977461688024], [-74.27540919288987, 10.887446680001347], [-74.27624454951467, 10.888500818792977], [-74.27707990613948, 10.888088171050185], [-74.27652635573543, 10.888943656241622], [-74.27577151786863, 10.888722238415653], [-74.27712016417104, 10.88964817493769], [-74.27711009943857, 10.890674756987721], [-74.27782468107046, 10.88984946509538], [-74.27800583996657, 10.890865982413004], [-74.27866003679696, 10.890694885554353], [-74.27821719755173, 10.89115785426452], [-74.27889152205034, 10.891761723839295], [-74.27754287305305, 10.8940161825887], [-74.27850906940324, 10.894187278549055], [-74.27858023579341, 10.89494104202987], [-74.27932429656317, 10.894428827636602], [-74.27943500592534, 10.89751863941757], [-74.27787112221102, 10.89740034018348], [-74.27806486651434, 10.89595906492508], [-74.276490688997, 10.896742118897464], [-74.27613549035902, 10.895894484987878], [-74.27568342091683, 10.898380567331344], [-74.2768862525661, 10.896871283263522], [-74.27776429357397, 10.897649478244603], [-74.27648775240198, 10.898647797476713], [-74.27725190670401, 10.898400704881112], [-74.27772403284752, 10.89916922320225], [-74.27560041921339, 10.900417225773253], [-74.27330570602572, 10.899662385211514], [-74.27380893276745, 10.900407159244196], [-74.27328557476415, 10.901453871657452], [-74.2746442875956, 10.900699030197416], [-74.27486616985101, 10.902558193075834], [-74.27208789585546, 10.90349697012681], [-74.27191680079346, 10.901886644373633], [-74.2710411861371, 10.904473231209522], [-74.26926982915609, 10.905056973116018], [-74.26873640821697, 10.906606910474409], [-74.26677382581073, 10.906083556962699], [-74.2651936933566, 10.90764355995185], [-74.26420676836472, 10.907189302211918], [-74.26505278889874, 10.908639946007895], [-74.26231842818254, 10.908729574588506], [-74.26137062395412, 10.910141363522484], [-74.26177500000318, 11.00495999893252], [-74.26271210888137, 11.005124449151026], [-74.26435889009446, 11.003888668169225], [-74.26547676530464, 11.005495512049606], [-74.26479089564873, 11.005932813176685], [-74.26517064616132, 11.006524938168127], [-74.25694712193388, 11.013513277895527], [-74.25067498979024, 11.017690680857697], [-74.24505650740258, 11.02391287022499], [-74.24556027493054, 11.025389383725098], [-74.24363291190139, 11.028273290699076], [-74.2440041077507, 11.032641981070299], [-74.24194687158416, 11.036306071897002], [-74.23123049260892, 11.047569006089589], [-74.22928565823184, 11.050302693967069], [-74.2290299840235, 11.052987164907563], [-74.21778665018775, 11.065326046309394], [-74.21499961401793, 11.07013356494491], [-74.2143970002889, 11.07803483896862], [-74.21275375844084, 11.078618044580423], [-74.20966181136276, 11.084440227307653], [-74.20793628287078, 11.085121286481353], [-74.20545290984836, 11.083553923589193], [-74.2036311303903, 11.085191002091165], [-74.20176798797195, 11.085182772618282], [-74.1970692706754, 11.08872696520848], [-74.19452247025521, 11.088975398989874], [-74.19155961477958, 11.093038564004644], [-74.18586138708395, 11.095948009204164], [-74.18360657978792, 11.095618897662803], [-74.1775744094075, 11.099167508171092], [-74.16847152364767, 11.097500218403695], [-74.1641298680965, 11.099996449921377], [-74.15891068357752, 11.10028657814155], [-74.15734531674354, 11.10181283768685], [-74.15364975521237, 11.100659105295165], [-74.1478043007109, 11.101237868734415], [-74.14442182296705, 11.099568464331185], [-74.143001829713, 11.097981076178712], [-74.13774124630118, 11.099941022925861], [-74.13306544324917, 11.103426613871761], [-74.12682308758599, 11.103221503176087], [-74.12536195774737, 11.10493315538082], [-74.123253441212, 11.105593307147956], [-74.11905675410026, 11.103367009706858], [-74.1157998447635, 11.10301691170713], [-74.11289801009713, 11.103903902637285], [-74.11324062871785, 11.100699631024895], [-74.11584724710218, 11.097524233085323], [-74.11405892722013, 11.094244989816218], [-74.11039461900094, 11.090191752091584], [-74.11094049868467, 11.088704190202918], [-74.11030615104465, 11.086668728317932], [-74.11049047021646, 11.081031852910144], [-74.10923965591638, 11.078900767083553], [-74.1093451855885, 11.077500241235555], [-74.10666635697078, 11.076672667620528], [-74.09329173967888, 11.076824446193598], [-74.08872386390436, 11.074992091759498], [-74.0873145713905, 11.068752157057986], [-74.08484864905472, 11.065469857717801], [-74.08488379207495, 11.062210681929798], [-74.07961168776046, 11.06027381920893], [-74.07739249420229, 11.05771055894462], [-74.06999956642318, 11.060753620564299], [-74.06583412992842, 11.061605976022804], [-74.05996032367563, 11.060892386131798], [-74.05044910478472, 11.064840969144143], [-74.04766629788668, 11.06515338997417], [-74.0458818003392, 11.064039052332419], [-74.04381568431899, 11.060002554726395], [-74.04406665674139, 11.055734340999834], [-74.04560134428738, 11.051559049080254], [-74.0454293419262, 11.049656879323322], [-74.04438058494571, 11.048450521783764], [-74.04705822688794, 11.042373193956337], [-74.046494877653, 11.040269937959408], [-74.04245420377595, 11.038074318009706], [-74.04156732513525, 11.036656505866915], [-74.04018012400843, 11.036405491223661], [-74.03888441007808, 11.037877950623681], [-74.03591150963291, 11.034840847534042], [-74.03224609558674, 11.034660524970093], [-74.03166973963442, 11.032563520354188], [-74.02958091688066, 11.033235606249377], [-74.02570003365707, 11.031220201964004], [-74.02579770665744, 11.032046267306441], [-74.02483912353529, 11.032132000788863], [-74.02243258617528, 11.030168102349649], [-74.01988751052181, 11.029344557681952], [-74.01909122435478, 11.02811431930985], [-74.01628253158282, 11.031084149310857], [-74.01625233469048, 11.035465386461624], [-74.01424174627721, 11.034807376279844], [-74.00991240484177, 11.03600080615388], [-74.00567612984219, 11.035402127947236], [-74.00194398798527, 11.036008617011476], [-73.99889384134724, 11.03349631012901], [-73.99702257455903, 11.033301363878934], [-73.99689101528253, 11.030679280086304], [-73.99457281023314, 11.030230167900413], [-73.99347765972277, 11.028615312837985], [-73.99231068974655, 11.028367967815598], [-73.9895329861817, 11.02242799430121], [-73.98501060023113, 11.017539811380459], [-73.98435431661267, 11.013843553654453], [-73.9821001911385, 11.014043895190412], [-73.97817059044161, 11.015953095168413], [-73.97411078333204, 11.015156670660701], [-73.96984904376882, 11.015526342067744], [-73.96432152665597, 11.010258608958907], [-73.95467124036338, 11.01074199459515], [-73.947404923038, 11.009358748753698], [-73.94510460974834, 11.007849947979878], [-73.9399511990286, 11.007198140670084], [-73.93596043469017, 11.005711700778136], [-73.93383489776153, 11.007102524813376], [-73.92945614535284, 11.006845251602556], [-73.91913571173097, 11.009298926298015], [-73.91716128323162, 11.013287769138515], [-73.91635120342244, 11.01334533143114], [-73.91467306469275, 11.012138193254998], [-73.91088426694398, 11.006510875031097], [-73.9095365270424, 11.002427469160239], [-73.90857858082632, 10.994192010804738], [-73.89930450029141, 10.994511471737326], [-73.89376653396681, 10.989833987936038], [-73.88685255773618, 10.989446984420113], [-73.88032501459082, 10.99052148264559], [-73.8782594752895, 10.989754634293888], [-73.87100434918477, 10.990445706996013], [-73.86845810482214, 10.988878173423814], [-73.8651619633307, 10.985407946376483], [-73.86400187984498, 10.982553913799393], [-73.8645331574021, 10.978309244935133], [-73.8685870221513, 10.972478017064134], [-73.86793250102886, 10.968476092047752], [-73.86189313244233, 10.960561713390234], [-73.86273158017252, 10.953533618688198], [-73.86578591655632, 10.949882225558156], [-73.86521352217756, 10.946042727752626], [-73.86654262022546, 10.942088559011438], [-73.86569983362898, 10.938875190152885], [-73.86752251409803, 10.933958679735383], [-73.86666716814557, 10.931928351726299], [-73.864579167351, 10.93036110920849], [-73.86789331019673, 10.924391350230508], [-73.86693913241629, 10.916452155593504], [-73.87180108001826, 10.910798597559278], [-73.87852758219128, 10.907961403017282], [-73.87815319911681, 10.906221378400062], [-73.88041563940385, 10.898372441164781], [-73.88226540499863, 10.896142351033518], [-73.88227278825781, 10.894941904413258], [-73.88110677498815, 10.893291865008052], [-73.87744597289628, 10.892463104717592], [-73.87658430279919, 10.89118380302051], [-73.8777332318952, 10.884034043094402], [-73.87066572807026, 10.884394719663362], [-73.86557487068688, 10.877371224339242], [-73.86328779228688, 10.875769036430711], [-73.86244784886054, 10.868878906896555], [-73.85911334927596, 10.867597818448985], [-73.85801467557025, 10.865683274389141], [-73.85557789191051, 10.864385384737375], [-73.85047234256899, 10.866069251129886], [-73.84589363400181, 10.869232237935591], [-73.84188398706107, 10.864853637342264], [-73.8377292001025, 10.866059576266593], [-73.83383956458613, 10.865821649189172], [-73.83279248296492, 10.865603343129749], [-73.83172037425999, 10.863706126687248], [-73.82573724833992, 10.863624159843823], [-73.81828067127896, 10.866532021312253], [-73.8148304155929, 10.863161892718438], [-73.81145998875814, 10.863744896209198], [-73.80707276343293, 10.863321951070077], [-73.8053223021804, 10.862336385230265], [-73.79707929527552, 10.864971261042683], [-73.79200572418694, 10.86901200409011], [-73.771659139875, 10.880891760675865], [-73.7651086088232, 10.875619891720191]]]}}, {"type": "Feature", "properties": {"dpto_ccdgo": "47", "mpio_ccdgo": "205", "mpio_cdpmp": "47205", "dpto_cnmbr": "MAGDALENA", "mpio_cnmbr": "CONCORDIA", "mpio_crslc": "Ordenanza 007 del 24 de Junio de 1999", "mpio_tipo": "MUNICIPIO", "mpio_narea": 109.395337708, "mpio_nano": 2024, "shape_Leng": 0.54432626638, "shape_Area": 0.00903317814}, "geometry": {"type": "Polygon", "coordinates": [[[-74.81188139704722, 10.274866990162138], [-74.80225513172451, 10.275199455117104], [-74.80083572686743, 10.275459733194964], [-74.79952657143474, 10.276846977440925], [-74.79819408404057, 10.2743657990045], [-74.79130607543055, 10.268480378424158], [-74.78429861504702, 10.265600238987474], [-74.78206470886937, 10.263085167088377], [-74.77679457366355, 10.259653222675638], [-74.77035819611746, 10.257616725032278], [-74.76339820544638, 10.25821336585824], [-74.75054306094103, 10.263512655909835], [-74.74607776836217, 10.259405466224564], [-74.74767043591771, 10.257774332777842], [-74.74578582015374, 10.255868694622848], [-74.74597008991816, 10.253332665909738], [-74.74740609475663, 10.252359253387112], [-74.74680373165774, 10.251483986379014], [-74.74265117791276, 10.253198676688442], [-74.73822674433882, 10.253395612708516], [-74.7335606251333, 10.255402276379186], [-74.7313207694088, 10.251224774602292], [-74.7312787183385, 10.243793991786958], [-74.72896132087521, 10.24346721496886], [-74.72614849405306, 10.24426071366139], [-74.72339948000626, 10.24634689536606], [-74.72069463166565, 10.245099871959496], [-74.7187887940845, 10.245628892048558], [-74.71777078825727, 10.244733701289931], [-74.7163072653048, 10.248906309041274], [-74.71187635307587, 10.247998178040632], [-74.70528959922802, 10.243691343912587], [-74.70380020207978, 10.24520113373228], [-74.6954352730325, 10.23278902520343], [-74.69269224087196, 10.224876727944093], [-74.69490214494436, 10.224491424042014], [-74.69767410557506, 10.22239534109832], [-74.70130722156779, 10.22267619240921], [-74.70507333414258, 10.220600855175292], [-74.7059645309883, 10.211099772882108], [-74.70732677420165, 10.207771591153914], [-74.70961010392898, 10.206183910150457], [-74.7109257119655, 10.202999944072928], [-74.7091925900084, 10.200048781976648], [-74.71855160093122, 10.199621297646786], [-74.72200986779933, 10.19300125580122], [-74.7216522401149, 10.19198815298273], [-74.72448262991315, 10.19002305439335], [-74.72560834293046, 10.187081611177916], [-74.72830296035016, 10.188550851911714], [-74.72996064891618, 10.190738227117208], [-74.73853445170482, 10.184828169322202], [-74.75390475075437, 10.18032108528638], [-74.75907548370151, 10.181138471099644], [-74.76192043340552, 10.18378883837147], [-74.76209334576077, 10.187482907799733], [-74.76858949994846, 10.188246832132904], [-74.77097188069285, 10.191382906289505], [-74.7756243149525, 10.192867734602544], [-74.7837980554055, 10.200637249923602], [-74.7865495344314, 10.204580399022461], [-74.78670926759264, 10.207620195263473], [-74.78913096313681, 10.214561397655473], [-74.79112024259626, 10.213972759926776], [-74.79237586378525, 10.214981990104945], [-74.79569410295198, 10.219878159953282], [-74.79925710268594, 10.221205646422277], [-74.80362518040562, 10.2199334638795], [-74.80637519337978, 10.220386324738058], [-74.8122051474387, 10.226798689399118], [-74.81740600361627, 10.230334027288507], [-74.82616882017624, 10.234601772094152], [-74.82783340870736, 10.234764836211127], [-74.83595578884143, 10.231577205902568], [-74.83574770921143, 10.230794066590192], [-74.8402152592584, 10.229629402591172], [-74.8438070787663, 10.227333402116642], [-74.8436761366329, 10.226550664351521], [-74.85108170820968, 10.225053431192862], [-74.85105419009562, 10.221057504232363], [-74.86018015000025, 10.220063992787573], [-74.86330513803915, 10.220778683115668], [-74.86278273225082, 10.216569584870115], [-74.86965080722882, 10.216521784577424], [-74.87644455823596, 10.21370605080466], [-74.8758206427396, 10.22010849176894], [-74.87036488490543, 10.229461526195394], [-74.87232479033003, 10.233687874803138], [-74.86541520506796, 10.237447310195137], [-74.86094176925457, 10.240958493265566], [-74.85709118263634, 10.242256344289729], [-74.85756576477576, 10.244318777214346], [-74.85458494387848, 10.247592230836858], [-74.85013880609165, 10.261235679073252], [-74.84381264563052, 10.271163100343415], [-74.8396103602135, 10.274591078690946], [-74.83016461059265, 10.279125013392047], [-74.81952934506063, 10.281137441556496], [-74.81179935923683, 10.280305585669169], [-74.81188139704722, 10.274866990162138]]]}}, {"type": "Feature", "properties": {"dpto_ccdgo": "47", "mpio_ccdgo": "245", "mpio_cdpmp": "47245", "dpto_cnmbr": "MAGDALENA", "mpio_cnmbr": "EL BANCO", "mpio_crslc": "Ley 0182 de 1871", "mpio_tipo": "MUNICIPIO", "mpio_narea": 813.80183925, "mpio_nano": 2025, "shape_Leng": 1.67673584434, "shape_Area": 0.06702488653}, "geometry": {"type": "Polygon", "coordinates": [[[-73.80196990634442, 9.061599169145211], [-73.79770706993742, 9.057355374342421], [-73.79786820986146, 9.049403417329984], [-73.79636580599589, 9.045945887979315], [-73.80072355397988, 9.045261617325878], [-73.80340662983565, 9.047107354871684], [-73.8053807726705, 9.045794430105047], [-73.80773714896338, 9.045998887724977], [-73.80971131695111, 9.044822898656093], [-73.80982213321283, 9.043977992932184], [-73.80536980513045, 9.040657363346611], [-73.8026909720212, 9.036525321749195], [-73.80399000163595, 9.034555571679562], [-73.80692321358191, 9.036779787722537], [-73.81104316923586, 9.037158348864693], [-73.81196025734528, 9.031555103713004], [-73.8081196321532, 9.031348887190404], [-73.80824798533996, 9.028078563300824], [-73.8111602072342, 9.02783032175904], [-73.81452535736076, 9.026005989286887], [-73.81953395594803, 9.028274442002896], [-73.82585835570978, 9.022578911051937], [-73.8252514938444, 9.021206253661205], [-73.82621957755651, 9.017608435199065], [-73.82490471781722, 9.014559680950867], [-73.82530929059754, 9.012103340951853], [-73.82435565270498, 9.009777042075314], [-73.82584390270364, 9.000703031784951], [-73.82815575665893, 8.997596482580263], [-73.83042425968068, 8.997076317192068], [-73.83090107862694, 8.995732552338836], [-73.83010998292974, 8.993203946410858], [-73.8315542091562, 8.988784845240673], [-73.83639012895037, 8.98404390799044], [-73.8360494893198, 8.98293527465529], [-73.83240484164463, 8.980864323000048], [-73.83218777256639, 8.979253177084331], [-73.83685073059792, 8.974701128739468], [-73.83811909439936, 8.969489921266586], [-73.84030977810266, 8.966809275355615], [-73.8425716955698, 8.965688850724632], [-73.84734533691233, 8.966068474574627], [-73.8504675653245, 8.964639465821222], [-73.84863761208908, 8.960091821021365], [-73.84984892294307, 8.955754663338382], [-73.8541355817921, 8.951634309730423], [-73.86312746713543, 8.946555992838398], [-73.86765512799752, 8.936489178976217], [-73.86565934023866, 8.947020888436384], [-73.8657835018829, 8.950252105037237], [-73.86724022997316, 8.955125277097636], [-73.87038742618017, 8.960431515623497], [-73.87779149756926, 8.965410990806049], [-73.88338722291775, 8.96635620339282], [-73.89377219335762, 8.977788534830154], [-73.90005575926727, 8.980717823830105], [-73.91402027282857, 8.977625100607042], [-73.92075651005212, 8.978294434960276], [-73.92441261215464, 8.97965842360162], [-73.92752604784977, 8.98200771307961], [-73.9378521758967, 8.98453992484798], [-73.94831775223128, 8.992324705252827], [-73.95488216675682, 8.993473365752322], [-73.95655961378321, 8.99538770499612], [-73.95913625895594, 8.995924507196662], [-73.9625717786663, 8.995960289817901], [-73.96709268059885, 8.994445982366983], [-73.96923130868657, 8.990858569099089], [-73.9760477251047, 8.986642811637012], [-73.97766558683082, 8.983928362993254], [-73.9838426645652, 8.98846639940524], [-73.98704188225179, 8.993533603229992], [-73.9908980177679, 8.996255674084978], [-73.99544270531152, 8.996922361999339], [-74.00184394163404, 8.995464590065922], [-74.00400535820205, 8.999129663650308], [-74.00500968716813, 9.003186446129916], [-74.00434428384568, 9.00696318308809], [-74.00225665764884, 9.009732768571268], [-74.00040612758715, 9.010746353785407], [-73.99597067886242, 9.011066289028804], [-73.98909742868591, 9.008120172773545], [-73.98637590310875, 9.007822030676266], [-73.98500165480039, 9.00827631356907], [-73.98500888444755, 9.010554475284437], [-73.99593699470734, 9.017938443259766], [-73.99988427516149, 9.022301879380677], [-74.00239811097777, 9.028665757435704], [-74.00676216783506, 9.031829938103328], [-74.00845549259674, 9.032336455376537], [-74.01197476769772, 9.031270722020281], [-74.01743354297531, 9.026115403277345], [-74.01966379660013, 9.025050584406756], [-74.02662342075831, 9.026045914941506], [-74.02835203406738, 9.027026982913071], [-74.03197697897781, 9.030398001738092], [-74.03383876943053, 9.034109210137274], [-74.0345404189053, 9.03653771132349], [-74.03409145494152, 9.041217287302686], [-74.03559382736603, 9.044391840825199], [-74.04052487343472, 9.043131958923425], [-74.0431549225953, 9.040611379448876], [-74.04487378378593, 9.036198622186305], [-74.04621219287918, 9.026194907836611], [-74.04728926208503, 9.023356735028528], [-74.05709585087004, 9.018505769339697], [-74.06592136359853, 9.020206498920118], [-74.07004586113823, 9.022341377436874], [-74.07432157760002, 9.025790433871066], [-74.07750791702847, 9.026282563715256], [-74.08287992306532, 9.023717838297557], [-74.08767571777872, 9.01780520503064], [-74.09048711088855, 9.0158701407384], [-74.09376564628468, 9.014932622228173], [-74.09799583519333, 9.01581820100563], [-74.10084211799824, 9.019465819411835], [-74.10451021172105, 9.022240465109007], [-74.10598358291185, 9.026952312192236], [-74.10878821260047, 9.031200868968142], [-74.10943626315276, 9.035031545310517], [-74.11137967280064, 9.039549046218667], [-74.11328094244493, 9.04099668784255], [-74.11933740867988, 9.039710690098048], [-74.121965892974, 9.032987242199397], [-74.12638820113233, 9.02866896172884], [-74.13111017762674, 9.027527495842207], [-74.13725215995163, 9.028625563184562], [-74.14088987891552, 9.031013035584124], [-74.14214603100925, 9.03320791532144], [-74.14230604983499, 9.03790345886756], [-74.14069453471143, 9.040799774280401], [-74.13725141075605, 9.043085109947356], [-74.13309895043596, 9.044180270339211], [-74.12318458079898, 9.04283950675972], [-74.1201014929133, 9.043230021792908], [-74.11764534784885, 9.045679231857832], [-74.11793922743664, 9.04888141398726], [-74.12698266264363, 9.052775727035055], [-74.13107631560513, 9.05546162270474], [-74.13280917974555, 9.057938998569512], [-74.13365762124118, 9.063338676332478], [-74.13466072400598, 9.064402751397381], [-74.1394993198835, 9.062905655681107], [-74.14968264712752, 9.056745153673546], [-74.15325414493083, 9.056185407584053], [-74.156772493868, 9.057012849146588], [-74.15803249883908, 9.058473546895243], [-74.15859774082588, 9.061053697296984], [-74.15755763013686, 9.070863398746894], [-74.16135011008294, 9.073009234023857], [-74.17123200739314, 9.073673769573077], [-74.17515303635878, 9.074964125048552], [-74.17758207024633, 9.077452764897657], [-74.17817592539438, 9.08091953792001], [-74.17549475576516, 9.085652757737478], [-74.17573029781363, 9.08801766893066], [-74.16873580102833, 9.094431911072206], [-74.13964685391346, 9.115167212887002], [-74.13588103957954, 9.120547419650677], [-74.11968298096366, 9.13280088467559], [-74.11176359958432, 9.137154853444201], [-74.10018239832112, 9.14839305969224], [-74.09954334440357, 9.150384507686567], [-74.10025184174117, 9.153783598886491], [-74.09505229530834, 9.160273136078558], [-74.09320551571597, 9.172605825388132], [-74.09371160628905, 9.185625465027783], [-74.0962669757456, 9.186267181554001], [-74.09682713685709, 9.188017688620675], [-74.09427640001616, 9.189908229676973], [-74.09305604761164, 9.189978251612558], [-74.09264592773008, 9.1910085499959], [-74.09052532075958, 9.190648443857583], [-74.09039033710252, 9.19678160831262], [-74.08853886919889, 9.197672523087135], [-74.08608863235878, 9.19694176188574], [-74.08568805798302, 9.197536748911944], [-74.08742558707843, 9.203215641253962], [-74.08687676001989, 9.208157980951398], [-74.088166719338, 9.210365211635406], [-74.08719179584784, 9.216584957583166], [-74.08318306159617, 9.219778629965106], [-74.08268951600598, 9.221764161650185], [-74.08164818899706, 9.222428009089356], [-74.08048043479101, 9.220932897753073], [-74.07762729963162, 9.220334858249146], [-74.07713267785886, 9.218903806725109], [-74.07507328034399, 9.218403576765581], [-74.07438404649469, 9.220008963577413], [-74.0731915104451, 9.220165409800359], [-74.07285883797914, 9.22149703391284], [-74.07124379606694, 9.22146027751711], [-74.07094767158748, 9.222202183226727], [-74.06815451519077, 9.22280189809004], [-74.06684698391336, 9.222237478062368], [-74.06654691043673, 9.222794121368452], [-74.0650180071475, 9.222083950468118], [-74.06368447052023, 9.22330838931208], [-74.06278632879355, 9.22285958794356], [-74.06053573729452, 9.226805673637386], [-74.05954302894418, 9.23127178458219], [-74.05827690913605, 9.23133072758651], [-74.05859334633698, 9.233124776029683], [-74.05723457241999, 9.235842348118126], [-74.0522809076528, 9.23931822108159], [-74.05177515933804, 9.241034937093616], [-74.05053235262676, 9.242030264035066], [-74.04771110139717, 9.241964359081749], [-74.04642299530497, 9.244762352011776], [-74.04675581868804, 9.249365221686048], [-74.04603318544986, 9.25231151760454], [-74.04405836708133, 9.254379873126538], [-74.04449672642471, 9.257189967271415], [-74.04683812150165, 9.262318354500678], [-74.04560088345124, 9.27001073232509], [-74.0442137856308, 9.274694942716565], [-74.04280225810675, 9.27648126204889], [-74.04221553558779, 9.280331014131548], [-74.03835096578274, 9.285753448035337], [-74.03593377798825, 9.294094911272111], [-74.03251498312511, 9.296881079668651], [-74.02847523361521, 9.30280426904693], [-74.02080302118833, 9.306088721650553], [-74.01811675361586, 9.310006525661777], [-74.01347009732478, 9.311625951356007], [-74.01099925670889, 9.314449007302471], [-74.00791676440667, 9.314794021731927], [-74.00673940091434, 9.319868696850904], [-74.00309621839256, 9.322215203345877], [-74.00079748074921, 9.324835205740328], [-73.99752896966129, 9.33339687587312], [-73.99442502916628, 9.336998622671103], [-73.9928319834197, 9.345703361305027], [-73.98969909289497, 9.351120434957295], [-73.98837949184377, 9.344550362837538], [-73.98807218782167, 9.331385596654798], [-73.98917124331166, 9.32932854284644], [-73.9904894636511, 9.331803182440694], [-73.99180697342263, 9.331196894599202], [-73.99048534756719, 9.32888226933909], [-73.99173570911603, 9.328839563396457], [-73.99088313536674, 9.327816726425795], [-73.99200834263212, 9.325290042894096], [-73.98986470283944, 9.321082155578438], [-73.98907077115865, 9.316715472045189], [-73.98484454472185, 9.3122090078474], [-73.98557337364554, 9.311415934956699], [-73.98433129636686, 9.311917048859186], [-73.98064503330465, 9.310159650810476], [-73.978860441434, 9.305965844598177], [-73.97493433608463, 9.304062278858169], [-73.96672518042158, 9.304062278858169], [-73.96238266967356, 9.303051008604314], [-73.95785093943994, 9.303765197672135], [-73.95467457760736, 9.298109497154257], [-73.94952843516239, 9.293484547770959], [-73.94894674590796, 9.293871904325158], [-73.94724641158649, 9.292012613885845], [-73.94608246893517, 9.292054947027339], [-73.94279143706518, 9.289562937594894], [-73.94612344022966, 9.280811482037393], [-73.94318340377703, 9.268369581756701], [-73.94437645995157, 9.267773053220253], [-73.94515626202002, 9.263089553396753], [-73.95097842498427, 9.256601472374996], [-73.94870053995021, 9.247111743897733], [-73.94945212770972, 9.237385275018482], [-73.95146374110158, 9.233406264246582], [-73.95405501085878, 9.230629552422613], [-73.95649153939672, 9.22948988855785], [-73.96344744093341, 9.22371295131262], [-73.96494079875686, 9.221276420079676], [-73.96572677315453, 9.217818119973856], [-73.96427271396118, 9.212866464739477], [-73.96403692487581, 9.20657864530358], [-73.96038212622977, 9.205045987053438], [-73.95986038699192, 9.198991337213442], [-73.95778840137501, 9.19828658136197], [-73.95594135677936, 9.196243041819457], [-73.95786700043175, 9.192234559096278], [-73.96050002391655, 9.190701902642786], [-73.9620326821667, 9.187675889264142], [-73.90643912898281, 9.177521457252567], [-73.90579172162478, 9.178358430846231], [-73.90500050914653, 9.177592126874003], [-73.9034009155746, 9.178268487855007], [-73.90289804187108, 9.177213280067292], [-73.89776735764781, 9.17654402117256], [-73.89282930291773, 9.17358728502552], [-73.89139665778112, 9.173526320810197], [-73.88565930213548, 9.180850423210643], [-73.87890851937925, 9.185847992274091], [-73.87439078401064, 9.186025042272831], [-73.86662226132876, 9.182968075619783], [-73.86403753400702, 9.180742044978501], [-73.86192883870672, 9.174885136049681], [-73.8619314384332, 9.170575698601851], [-73.8641043184117, 9.163035484728027], [-73.87549765035823, 9.145983824689324], [-73.87532567943816, 9.130541568731587], [-73.86485659428126, 9.11329781639273], [-73.8610650396007, 9.109165700235053], [-73.82897247502336, 9.085177241349413], [-73.82313002089734, 9.079362069978572], [-73.80923134761059, 9.070713936032462], [-73.80196990634442, 9.061599169145211]]]}}, {"type": "Feature", "properties": {"dpto_ccdgo": "47", "mpio_ccdgo": "258", "mpio_cdpmp": "47258", "dpto_cnmbr": "MAGDALENA", "mpio_cnmbr": "EL PIÑÓN", "mpio_crslc": "Ordenanza 032 del 20 de Abril de 1815", "mpio_tipo": "MUNICIPIO", "mpio_narea": 556.656783381, "mpio_nano": 2024, "shape_Leng": 1.17710963784, "shape_Area": 0.04598555791}, "geometry": {"type": "Polygon", "coordinates": [[[-74.67476185261364, 10.460454320975543], [-74.67389221894518, 10.46164587336915], [-74.67184047059106, 10.462095659292004], [-74.6472429229147, 10.441624972624709], [-74.63096464378168, 10.43059685194629], [-74.62810451702887, 10.416567746769601], [-74.62576159122148, 10.41203133990291], [-74.62633545973677, 10.409179526166326], [-74.62794152926875, 10.407217743261356], [-74.62864689597512, 10.399943404872317], [-74.6276873184172, 10.395475393989216], [-74.62514391003816, 10.391628657553383], [-74.62611163981381, 10.386768608991474], [-74.62446904924485, 10.378697062763194], [-74.62189997328278, 10.374013349140512], [-74.62155023910105, 10.367424256077754], [-74.62369929573919, 10.359933915809961], [-74.6249732317948, 10.359517057660014], [-74.62239789097697, 10.355736799303145], [-74.6193153187246, 10.35280833585557], [-74.61548789159121, 10.351751094280473], [-74.6151541725871, 10.352569032558051], [-74.61278179818459, 10.352577977090448], [-74.61084918988831, 10.35749407518091], [-74.60663602137294, 10.358002172591966], [-74.60555560324502, 10.359513323360432], [-74.5941946807431, 10.356118466822068], [-74.5924202811658, 10.356868998161985], [-74.59103583517418, 10.358955885943033], [-74.58933192555509, 10.359553071148468], [-74.58669065912261, 10.362072426218276], [-74.58392355119497, 10.363051004956219], [-74.5819443202983, 10.361933164780396], [-74.5794941984426, 10.362077223225697], [-74.57459945062851, 10.364032295710217], [-74.57043004178047, 10.360190439825203], [-74.56560008231293, 10.357776058369893], [-74.5641316752164, 10.352898863650523], [-74.564484993679, 10.351825340996186], [-74.56352083830274, 10.350487441248106], [-74.56740949465467, 10.348309358223332], [-74.56420777875127, 10.345302162768292], [-74.56510347077023, 10.325512329560297], [-74.55276031338428, 10.309725812860165], [-74.548561148717, 10.305521187329987], [-74.54967426195412, 10.298663052218501], [-74.54637756530337, 10.295412199328211], [-74.54582027610815, 10.29335411964297], [-74.5385142586054, 10.287640898154962], [-74.53047254634981, 10.278745377863913], [-74.52114601314366, 10.274585038414159], [-74.51631042842138, 10.26532415503965], [-74.5100319370988, 10.260980507921886], [-74.50531800771915, 10.259244878764775], [-74.50481003966559, 10.2509349006055], [-74.50287789669693, 10.24877315615214], [-74.49814860162206, 10.239958218399579], [-74.49854663466192, 10.238631014900136], [-74.49729920880975, 10.235765258400932], [-74.49467138837116, 10.234446756888588], [-74.49541280719359, 10.232373588189432], [-74.50098457984421, 10.230887007261913], [-74.50733280923447, 10.230391756667927], [-74.51604122467575, 10.223039464213059], [-74.5218788826927, 10.221338624139719], [-74.52508559592803, 10.217208628007825], [-74.53006564782942, 10.213956585747212], [-74.53629985756311, 10.213806831080092], [-74.54281269258058, 10.210771874965701], [-74.54902962230767, 10.211446018004494], [-74.55211934695194, 10.208508462700706], [-74.55318339686409, 10.205756560567977], [-74.55521225971978, 10.206542286132105], [-74.55650818565272, 10.207691706606965], [-74.5565183572848, 10.2089301331294], [-74.55808141634503, 10.209936012588969], [-74.56179574818896, 10.209921462564694], [-74.5625679882333, 10.208626852664679], [-74.56489919730512, 10.208908394780508], [-74.56511170832795, 10.208214230972999], [-74.56640388109668, 10.208573666069242], [-74.56704678789157, 10.20760381716616], [-74.56925390628606, 10.207759283326368], [-74.57103776962248, 10.206850810965705], [-74.57217887797935, 10.207692965147714], [-74.57455479444184, 10.206762696047576], [-74.5759241559112, 10.207354371880967], [-74.57587667272406, 10.208184771598098], [-74.57840104938032, 10.208934152195184], [-74.57867764087672, 10.210346968802753], [-74.58054576625386, 10.210511875365796], [-74.58026839322258, 10.212224670228466], [-74.58147617369468, 10.21220559089494], [-74.58275280200331, 10.216682467258636], [-74.58397418657296, 10.216568230209589], [-74.58487056490532, 10.218017838247192], [-74.5867815219894, 10.218175260041335], [-74.58890940531944, 10.221519976173852], [-74.59401589070626, 10.222747216865457], [-74.59728814597526, 10.222170607587998], [-74.59481461400463, 10.229357394303008], [-74.59489023244885, 10.231294735826282], [-74.59580449804946, 10.2318658348334], [-74.5995804040653, 10.230457720910124], [-74.60243390214436, 10.228254332323672], [-74.60644718277331, 10.232731344333047], [-74.60977835499546, 10.23397264097514], [-74.6127677934382, 10.233039233158934], [-74.61756225774559, 10.235408193960609], [-74.61870186771137, 10.234590033799009], [-74.61899793469865, 10.232974990090156], [-74.6200007553922, 10.232925087738067], [-74.62142328818561, 10.234705416200995], [-74.62408640435814, 10.235144903829223], [-74.62815294165114, 10.234189678612324], [-74.6308730910082, 10.232032287398283], [-74.63291787202343, 10.231626742640117], [-74.63445633788649, 10.23669495078218], [-74.63624866515624, 10.239713134438546], [-74.64233785075487, 10.24703224579531], [-74.6490301109186, 10.244535671120957], [-74.65162163220424, 10.24493342029291], [-74.65800710667418, 10.24339374260154], [-74.66705414323002, 10.239486630347358], [-74.67433510130962, 10.247213687660974], [-74.67619858059646, 10.246174123148137], [-74.68653986323432, 10.256796861663531], [-74.68903664002977, 10.25482918041564], [-74.69220405283835, 10.256730371906485], [-74.69628160707884, 10.263443554748164], [-74.69804915160677, 10.270035017568489], [-74.7010495980137, 10.274445626957515], [-74.71034646882555, 10.277280508335764], [-74.71699268131113, 10.28139439676346], [-74.71906230884855, 10.281888148966345], [-74.72163115574006, 10.285386867003979], [-74.72278493843743, 10.289014689220494], [-74.72966787066372, 10.294371748177412], [-74.73131624369279, 10.296958067315131], [-74.7335655982107, 10.298708895978905], [-74.73554592505286, 10.302738652621656], [-74.73773427762615, 10.303267832610914], [-74.73903564915071, 10.305413699328994], [-74.74135266033818, 10.30491924733792], [-74.74235247706298, 10.305510093127339], [-74.7469533318145, 10.312179333045265], [-74.74701037128722, 10.315169614108413], [-74.74860163836814, 10.316354654609256], [-74.74936735214675, 10.319601391415631], [-74.74866984211212, 10.320685792676727], [-74.74939390097785, 10.321955505748804], [-74.74872442019904, 10.323597298613151], [-74.74999232136776, 10.324810033298036], [-74.75248917990996, 10.32500902915666], [-74.75368032626471, 10.323963976831294], [-74.75829630236944, 10.326064713950132], [-74.75918748304542, 10.325406047099364], [-74.76115790864867, 10.327376442159903], [-74.76411699928195, 10.32734945764554], [-74.76811707825897, 10.326729547740285], [-74.77011116101409, 10.323165732335383], [-74.78145778412187, 10.333913488590213], [-74.78544426528964, 10.33565695465603], [-74.79028188020607, 10.336136344582712], [-74.7928640563104, 10.337403800186678], [-74.79684038830396, 10.341274042857322], [-74.8002334068878, 10.346307538272526], [-74.80615860669724, 10.3467013860581], [-74.8071683677802, 10.350654872079133], [-74.81356871656646, 10.355756010689163], [-74.82101457312427, 10.355755616328395], [-74.82516543803519, 10.359346232092832], [-74.82875503870252, 10.360127554111955], [-74.83479823591188, 10.359944193443312], [-74.83729722076805, 10.360713466349921], [-74.83970702530331, 10.35985955231314], [-74.84251573963479, 10.362299648063924], [-74.8508441449502, 10.366995208678077], [-74.85330869286253, 10.365641427601417], [-74.85663130682815, 10.3651113672625], [-74.85742730912733, 10.366014942902666], [-74.85825415330976, 10.365432048108175], [-74.86351196990825, 10.366747660636292], [-74.8651317432508, 10.369972350073056], [-74.86589043579158, 10.373092925583762], [-74.86470360135365, 10.37893181519189], [-74.86190661274088, 10.386521716720324], [-74.85876622397251, 10.391956472824745], [-74.84726658620883, 10.40309867963515], [-74.8371445726251, 10.409739449224105], [-74.83121592867212, 10.41146336883213], [-74.827177329905, 10.41119818864388], [-74.8247200089449, 10.416490629934287], [-74.81806411979937, 10.424832653720216], [-74.81487593882315, 10.431712732894937], [-74.81223024189615, 10.442226149946407], [-74.81198153143345, 10.450920802288294], [-74.81091512883171, 10.45190005655985], [-74.80791042979683, 10.452038652345607], [-74.80755940832825, 10.453278727277905], [-74.80455894664993, 10.455856068645517], [-74.80146236605788, 10.457424395430735], [-74.78892155669405, 10.45948034880206], [-74.7837362970788, 10.458641999886652], [-74.78123712088131, 10.45956982736385], [-74.77597661202975, 10.45901706568128], [-74.772519224613, 10.45778839666724], [-74.76819645974899, 10.458585923408634], [-74.76478427559329, 10.457192238236985], [-74.76176414438783, 10.45775661424716], [-74.75719503073384, 10.45594612931609], [-74.75758171624597, 10.457742549313537], [-74.75600479437327, 10.45831791711828], [-74.75456029685535, 10.457638928562915], [-74.75399804536255, 10.456018508432862], [-74.7500062129264, 10.456849713041095], [-74.7435668727341, 10.454977558716678], [-74.7385141237121, 10.450692717160905], [-74.73407191336281, 10.449088279869102], [-74.73304966119588, 10.450782667338615], [-74.7310369644349, 10.451830040014215], [-74.7304484156395, 10.453788826137043], [-74.7233054092531, 10.45261746519219], [-74.71671203122304, 10.452632326932132], [-74.71140331873488, 10.450989607903978], [-74.70518568113482, 10.451322153707395], [-74.69379419073607, 10.46063975405923], [-74.68483779516299, 10.470904424715343], [-74.67458526434928, 10.46425383832917], [-74.67476185261364, 10.460454320975543]]]}}, {"type": "Feature", "properties": {"dpto_ccdgo": "47", "mpio_ccdgo": "268", "mpio_cdpmp": "47268", "dpto_cnmbr": "MAGDALENA", "mpio_cnmbr": "EL RETÉN", "mpio_crslc": "ORD 04 DE MAYO DE 1996", "mpio_tipo": "MUNICIPIO", "mpio_narea": 261.894340527, "mpio_nano": 2025, "shape_Leng": 0.96404382177, "shape_Area": 0.02166360015}, "geometry": {"type": "Polygon", "coordinates": [[[-74.38005672766099, 10.742073595907755], [-74.37506264406363, 10.745110882253869], [-74.37463099334417, 10.757022936893122], [-74.37405011526909, 10.757349922120511], [-74.37552825831449, 10.757939335095898], [-74.37075499695959, 10.761963303888649], [-74.36885704389795, 10.765191916271363], [-74.37226775481537, 10.765961109227874], [-74.3732046310297, 10.765624258694174], [-74.37361847083781, 10.763989364896702], [-74.3732614782628, 10.766773291096513], [-74.3672164224377, 10.76799455888505], [-74.36484432741145, 10.76699014188398], [-74.36165109879761, 10.764101752313138], [-74.35570331801887, 10.76337971286182], [-74.35219138485456, 10.75985901123505], [-74.35008515183841, 10.759871207671381], [-74.34678981613649, 10.756982327620051], [-74.3449305050359, 10.753928117000441], [-74.344409044276, 10.749939740385969], [-74.34299263081118, 10.74857008965887], [-74.343581936887, 10.743907859263288], [-74.3410697863115, 10.738108371591522], [-74.3343067235756, 10.729699052259093], [-74.32698572306032, 10.722171270180354], [-74.31881563965169, 10.708887629841342], [-74.31224844214313, 10.701456296358288], [-74.31100162804421, 10.701075177710436], [-74.30275574293489, 10.702899388011645], [-74.3006363127584, 10.704571516109013], [-74.29333065278541, 10.704552878746938], [-74.29126514043355, 10.706080360001977], [-74.29051572659881, 10.704358996102997], [-74.28723184801908, 10.70124070411157], [-74.28557982872542, 10.700817632309906], [-74.28451620192016, 10.699402544759494], [-74.2822167069964, 10.700025912283081], [-74.28182586407786, 10.69820036079608], [-74.2778865651614, 10.696109341659735], [-74.27856008476891, 10.692646720653897], [-74.27684414490193, 10.692604153950242], [-74.27537514312019, 10.691439231236188], [-74.2731563591941, 10.692299562842436], [-74.27258585397385, 10.687975813424089], [-74.27055588798612, 10.684387585383604], [-74.26588335660097, 10.682367837740344], [-74.26436497888028, 10.683760076623287], [-74.26339616034568, 10.683523921024971], [-74.26201275909557, 10.680858490790456], [-74.26273057376676, 10.678792992811623], [-74.26456085129422, 10.677686494773582], [-74.26292341526243, 10.67532803169263], [-74.2633076339988, 10.671263098791997], [-74.26138317522526, 10.670323215015742], [-74.25817902937712, 10.665333859255497], [-74.25527764836028, 10.663233003558958], [-74.25558383397902, 10.660654132359184], [-74.2531815564335, 10.657638313968846], [-74.25400657703443, 10.656456548728102], [-74.25226761961659, 10.655704591760696], [-74.25231168021975, 10.653423100886243], [-74.25103212519753, 10.652429567881825], [-74.2513450356098, 10.651699298957624], [-74.25437947878584, 10.651252317577303], [-74.25323078055703, 10.649424853575567], [-74.25472473216735, 10.64733423598642], [-74.25317005439541, 10.646208757429633], [-74.25374812613131, 10.642143536169556], [-74.25154671204342, 10.641953704930756], [-74.25165810592233, 10.640304978863526], [-74.2496927270584, 10.639088995868008], [-74.24620158182461, 10.634949238634476], [-74.22266088315928, 10.603377061329411], [-74.21786389638055, 10.603498843334592], [-74.2155942138699, 10.60430949537107], [-74.20828139701337, 10.600540453387794], [-74.20143328082025, 10.600920265884156], [-74.2013318753169, 10.597599774639264], [-74.20244888814375, 10.595626869683826], [-74.20070134462156, 10.594354802125508], [-74.1997658347459, 10.591264836732535], [-74.19579689409636, 10.589523072077156], [-74.19568981842247, 10.584933092339156], [-74.19230938255083, 10.585642870675372], [-74.19477478206676, 10.57787310382588], [-74.19480305027463, 10.574929032137788], [-74.18805228189149, 10.55408693043205], [-74.19287152894071, 10.55240581468314], [-74.20937975990171, 10.55183009563683], [-74.20938294263533, 10.54927253608588], [-74.2110740395733, 10.548547411817424], [-74.21028425811244, 10.547696614937195], [-74.21431372998899, 10.54644045835181], [-74.21372021709936, 10.540747087850832], [-74.21553520978006, 10.538501109204446], [-74.21563682099782, 10.536223515224776], [-74.21849395276507, 10.536440212400237], [-74.22011132041735, 10.535723997629816], [-74.222148392983, 10.537950133374068], [-74.22634588588414, 10.540056327762613], [-74.22618452587267, 10.542541535146313], [-74.2287140921004, 10.543320978786653], [-74.23039418736238, 10.545113441702085], [-74.23072245269003, 10.547862921076558], [-74.23310836112142, 10.547817115045405], [-74.23603181735558, 10.550146797878313], [-74.23596302970623, 10.552859872996919], [-74.23761240795085, 10.553349238722717], [-74.23838692881952, 10.551902772994481], [-74.23922455638723, 10.551858258741731], [-74.23925376064034, 10.55458158993406], [-74.24040557692399, 10.555294258152912], [-74.24224796285279, 10.554988460606694], [-74.24356717493316, 10.557297038403533], [-74.2451917327067, 10.558233821192971], [-74.24556082559826, 10.559814862742826], [-74.24693056615695, 10.56068434279922], [-74.24479057262892, 10.5634553036042], [-74.24651571304838, 10.567601057097079], [-74.24407032172473, 10.567683721033688], [-74.24425356112073, 10.569353295218662], [-74.2471931088894, 10.570678269097812], [-74.247891207321, 10.572358179306661], [-74.2512603792083, 10.574648604832078], [-74.25260646800501, 10.577806791935359], [-74.25497714009873, 10.578222884720049], [-74.25614532819145, 10.576602079212421], [-74.25810878376086, 10.577658656932044], [-74.25790695910513, 10.581026413971585], [-74.26044569713923, 10.581438832643812], [-74.2612409502429, 10.582663698187957], [-74.26124470879705, 10.588977625381744], [-74.26342505917137, 10.58919016515074], [-74.26693024418591, 10.593822902035356], [-74.26654352363948, 10.595489659999657], [-74.2641849231162, 10.594906212740852], [-74.26349889984829, 10.595692712653374], [-74.26753707101693, 10.598633447097484], [-74.27056575598738, 10.60338591423357], [-74.27591749332032, 10.602546179216574], [-74.27768398322524, 10.601551435282204], [-74.28108721206871, 10.605272199967033], [-74.28285415472493, 10.604956615268009], [-74.2836745633715, 10.605553507622403], [-74.283918016889, 10.608389579269385], [-74.28727421080504, 10.608160965932257], [-74.28746684658637, 10.61099706363035], [-74.28664708023575, 10.611374935764161], [-74.28517161866364, 10.61035713475303], [-74.28532567985764, 10.612576965217272], [-74.28590469033372, 10.613375254628977], [-74.28841600996691, 10.613920701324389], [-74.2885829449275, 10.616341760860848], [-74.29072875325505, 10.617023605162728], [-74.28998619806288, 10.618764517316208], [-74.29050156285041, 10.619419775057736], [-74.29204145074772, 10.619300809273227], [-74.2937127119701, 10.616163148690532], [-74.29461844716195, 10.615992731857148], [-74.2956293580894, 10.618602308396078], [-74.2973178481144, 10.617114753693954], [-74.29882216000317, 10.619650690778826], [-74.3016440256809, 10.619515372948172], [-74.30130343815267, 10.621366132080425], [-74.30468346529045, 10.622573503818728], [-74.30591215586412, 10.62491460514633], [-74.30949397621657, 10.624245395658988], [-74.31294106174545, 10.620425405683761], [-74.31504083856453, 10.621446139696673], [-74.31567504696557, 10.623115321317528], [-74.320097381175, 10.621902142864542], [-74.31978416084371, 10.623741837438672], [-74.32261684673767, 10.6245390991769], [-74.32702092806431, 10.622873043695677], [-74.32874653470981, 10.624181947599936], [-74.33030919222278, 10.62244744762603], [-74.33130518571471, 10.622959606323775], [-74.33254891230155, 10.622066049601926], [-74.34242512596643, 10.625434853179627], [-74.34564915603926, 10.622696338650258], [-74.34759893834081, 10.617587884154773], [-74.35335592129275, 10.619831566705443], [-74.35635844370802, 10.61843257428285], [-74.35870129405686, 10.619867310699078], [-74.3622734063083, 10.618701315395697], [-74.36365760795798, 10.619717342232775], [-74.36664554890791, 10.619633072107092], [-74.36996598715217, 10.62114351859583], [-74.37139238270436, 10.620819186095616], [-74.37188211673976, 10.621657556570597], [-74.37239359990383, 10.620941814314449], [-74.37430819786266, 10.62128587563069], [-74.37614349877316, 10.623153838412634], [-74.37786123617047, 10.623716248009089], [-74.3787697785998, 10.625642991200209], [-74.38176672606596, 10.62654329337687], [-74.38278669022208, 10.626079892576684], [-74.38406034061319, 10.627758969148317], [-74.3865791602866, 10.628820878373404], [-74.38694743571062, 10.629956070421088], [-74.38944426460841, 10.631347200782102], [-74.3905062978011, 10.633902922378525], [-74.39225080411688, 10.63431066531598], [-74.39471315115497, 10.63850806928383], [-74.40032181225382, 10.641688086364297], [-74.40305492970066, 10.645227681373171], [-74.41068969402846, 10.651330234812178], [-74.41927756803898, 10.654162316139491], [-74.42128023779674, 10.660642342860001], [-74.42060175229835, 10.663236300378685], [-74.42182585696884, 10.665287655270333], [-74.42355150763177, 10.665952214175775], [-74.4266864696732, 10.669413458961458], [-74.42840445770065, 10.669238261290332], [-74.42854561728029, 10.670575095635627], [-74.43125257217196, 10.672678383971913], [-74.43364954785642, 10.673426108074295], [-74.43761417838579, 10.677584147835091], [-74.4387653281189, 10.678099585386178], [-74.43964090324937, 10.677061193175689], [-74.44671044086175, 10.676353099181938], [-74.44893850439212, 10.671826685182396], [-74.45019160670307, 10.672163154830116], [-74.4510489226625, 10.684820457812862], [-74.44739236062219, 10.687943351877152], [-74.44187909439432, 10.689839370864433], [-74.4405422411844, 10.691153997939864], [-74.4395643173188, 10.694784762141296], [-74.43647085208664, 10.698503367274498], [-74.43686361021491, 10.702047140351056], [-74.43459075215719, 10.706063690850272], [-74.43382029167685, 10.711818595997272], [-74.42861255170374, 10.717012736364495], [-74.4287996278074, 10.720108385402796], [-74.42758210689487, 10.722095374156481], [-74.42622723526262, 10.728003392774099], [-74.42009069044451, 10.729797340605899], [-74.4207089959574, 10.730577514577135], [-74.42207478841726, 10.730509069186155], [-74.42189048272019, 10.73110362591899], [-74.41044210915572, 10.731646022831569], [-74.40065861517678, 10.733496359755293], [-74.40008756198375, 10.734821028207023], [-74.3921127616938, 10.736684235304097], [-74.38005672766099, 10.742073595907755]]]}}, {"type": "Feature", "properties": {"dpto_ccdgo": "47", "mpio_ccdgo": "288", "mpio_cdpmp": "47288", "dpto_cnmbr": "MAGDALENA", "mpio_cnmbr": "FUNDACIÓN", "mpio_crslc": "Ordenanza 47 de Junio 4 de 1945", "mpio_tipo": "MUNICIPIO", "mpio_narea": 970.569392856, "mpio_nano": 2024, "shape_Leng": 2.78873970296, "shape_Area": 0.08025595221}, "geometry": {"type": "Polygon", "coordinates": [[[-73.61673617965806, 10.644810412692834], [-73.6146233152732, 10.642854785049053], [-73.59850005404076, 10.639577566584194], [-73.59693160418624, 10.63749419930349], [-73.5974793909948, 10.636421307267028], [-73.59556100214246, 10.63336154774953], [-73.59535931223417, 10.630943145431786], [-73.59733695311155, 10.626427702565593], [-73.59719460685648, 10.624681384346445], [-73.59960383736785, 10.621082822976973], [-73.59923285441943, 10.620044167559854], [-73.60053957361913, 10.619352493884321], [-73.60044478511145, 10.618108549905003], [-73.59899559029918, 10.617137620327753], [-73.59931247036985, 10.615487676144028], [-73.6012007440766, 10.613959713391637], [-73.5997282729985, 10.612414688923423], [-73.60002107820037, 10.610692951325007], [-73.59889781489079, 10.610045420897677], [-73.59928813409113, 10.607809567170932], [-73.59594454444692, 10.60459929211271], [-73.595802155971, 10.602888849939632], [-73.59429248383066, 10.601989563758366], [-73.59415006121878, 10.600394194966555], [-73.59596646425564, 10.598308566624496], [-73.59547981144408, 10.592985740693734], [-73.59702095967873, 10.58875444056821], [-73.59692678831414, 10.587127786125052], [-73.59582120925336, 10.586481141437332], [-73.59594421925652, 10.58511793163592], [-73.60017330233813, 10.574725905822163], [-73.6038052936392, 10.573221225623854], [-73.6036744152862, 10.57183486172761], [-73.60637497057468, 10.569235215173705], [-73.60774038214862, 10.569409467816456], [-73.60803648866175, 10.56838984681707], [-73.60967878009149, 10.568255432692297], [-73.61004146978661, 10.567296366276196], [-73.61035690087357, 10.567882067409869], [-73.61216093230246, 10.5670839495765], [-73.61342951708968, 10.564226379431034], [-73.60856425470166, 10.564496943227084], [-73.60295474379586, 10.562764304563984], [-73.5978352993024, 10.562299134081286], [-73.59596970807468, 10.559149548353673], [-73.59425520371667, 10.558604393610949], [-73.59606990893627, 10.556178198401938], [-73.5958120356504, 10.553798606928694], [-73.59326774602334, 10.553137703271034], [-73.593416419118, 10.551351048866877], [-73.59092752684205, 10.55066532294154], [-73.59045716229627, 10.549091741906011], [-73.58746631619238, 10.547748206123345], [-73.5844382663314, 10.547673814778761], [-73.58453036438266, 10.546698389129972], [-73.58319367915783, 10.545860102198333], [-73.57869215120644, 10.54557927873526], [-73.57853993964505, 10.546156419815816], [-73.57777004240887, 10.544171784650075], [-73.57479651943072, 10.543994596310654], [-73.57047412826614, 10.541776798735498], [-73.56996082331722, 10.539131264403693], [-73.57166914276957, 10.537723725402714], [-73.5687824384396, 10.536465143364182], [-73.56872509084445, 10.534812913864528], [-73.56598448413712, 10.532389728014095], [-73.56527893956422, 10.530498733308207], [-73.56653019224251, 10.525585950003801], [-73.56587689372816, 10.521151466070478], [-73.56669610761446, 10.518239558586743], [-73.56633552267374, 10.516298672308551], [-73.56468892561543, 10.51239577225806], [-73.56069003870374, 10.509624424278911], [-73.56309699378062, 10.503811935279657], [-73.56456694598074, 10.503336940813199], [-73.5669272586943, 10.50077584728706], [-73.57068028460162, 10.500709685415359], [-73.57226476580348, 10.499146619168641], [-73.57463812835357, 10.498867245587576], [-73.57862995989143, 10.500294783797699], [-73.58019090162082, 10.499397849407728], [-73.58216972558034, 10.500283668933832], [-73.58325527938086, 10.502006400069774], [-73.58443355825722, 10.501863887626257], [-73.58641729870021, 10.499651815019035], [-73.59001252102911, 10.498648641287275], [-73.59235596426652, 10.493839116712138], [-73.59721101639485, 10.495633134612603], [-73.59849382332095, 10.497437961949458], [-73.60008543625355, 10.497651502442466], [-73.6014704239297, 10.50062049790796], [-73.60396164823396, 10.499254456614551], [-73.60727464123522, 10.500710351965836], [-73.61041214101937, 10.498836295008118], [-73.61231389216107, 10.500192604844301], [-73.61539823589254, 10.500933422693265], [-73.61925124526897, 10.49819333521259], [-73.6206366515604, 10.499074602073222], [-73.62415029781329, 10.497865413939962], [-73.62397927820984, 10.495093155068332], [-73.62567401871758, 10.495875200231865], [-73.62613478565521, 10.495020424710049], [-73.62945601262095, 10.494608239599984], [-73.63379718757307, 10.496325184682576], [-73.63468086641217, 10.498123900775681], [-73.6371628084172, 10.499340109248521], [-73.63763619040645, 10.501154489277724], [-73.63983595069459, 10.500767711239064], [-73.64517143569446, 10.495696587163252], [-73.64615502883237, 10.492552322161316], [-73.64805444794575, 10.491278363647837], [-73.64751949627612, 10.489961966889837], [-73.64627397485395, 10.49099296236642], [-73.6454726123032, 10.490068420929106], [-73.6475010224076, 10.48881010928369], [-73.64681106361729, 10.487131066848065], [-73.64758500776708, 10.486109362653906], [-73.64602911816684, 10.486683174575319], [-73.64480497666545, 10.483161462343048], [-73.64634981877549, 10.483312500703676], [-73.64737432841054, 10.482469868617613], [-73.64771412991229, 10.479784364613693], [-73.64860564476186, 10.480798392697636], [-73.65021062014495, 10.480989212084069], [-73.64985659021607, 10.479434750806263], [-73.6511617167015, 10.478791075052925], [-73.65172282912965, 10.479318096388852], [-73.65321603783264, 10.476852575600276], [-73.65317722968314, 10.475879421792627], [-73.65206277795522, 10.476493570797402], [-73.650147493683, 10.47580585779707], [-73.6519144830516, 10.474884771283143], [-73.65195583343541, 10.473991157069065], [-73.65085316671508, 10.473324397289446], [-73.6493707647536, 10.47522393228553], [-73.64854978028643, 10.474001482313156], [-73.6466642760879, 10.473562033312476], [-73.64710647393554, 10.471115614315352], [-73.64391931075136, 10.468626181253228], [-73.64536668018553, 10.46856303413], [-73.64591721673935, 10.466881719853234], [-73.64693580826861, 10.467664443245326], [-73.64739800442703, 10.466427936424168], [-73.6500636825968, 10.465422285136924], [-73.6516697009248, 10.465801399641748], [-73.6521382248211, 10.463721292349817], [-73.65102607368044, 10.462292764195467], [-73.6522632748999, 10.46045499740751], [-73.65341543613687, 10.459762002309105], [-73.65481836408185, 10.46010027757194], [-73.65915531515213, 10.455483028553488], [-73.66063483531593, 10.455929900339243], [-73.66162305118792, 10.454824282650861], [-73.66477799357386, 10.456814302322698], [-73.6674175873419, 10.456408302118291], [-73.66994337525261, 10.457808845034322], [-73.67007571965729, 10.45941923995781], [-73.67237543107518, 10.458929787993668], [-73.6776434166108, 10.460812820026547], [-73.68265789377801, 10.461204990656142], [-73.68443128903806, 10.462271796601726], [-73.68551759383075, 10.464455595611184], [-73.6890141181807, 10.46382110693554], [-73.69101552760111, 10.465367231840844], [-73.6966388060979, 10.462752383983627], [-73.699218869363, 10.463899918893162], [-73.7033199972119, 10.46359868299561], [-73.70420961841131, 10.460179498263358], [-73.70217420593366, 10.455516929202645], [-73.69916684159523, 10.451350693206678], [-73.69961133194528, 10.450672526610504], [-73.70114378627767, 10.450860648353967], [-73.70277504459028, 10.447436728598063], [-73.7040121460966, 10.446951549024789], [-73.70459492231339, 10.443039758340888], [-73.70268780373362, 10.441400676594242], [-73.70149042665912, 10.44210457904552], [-73.70091458274692, 10.44022751003422], [-73.69943676399362, 10.439374071206657], [-73.70042156267158, 10.43656730532257], [-73.70331277205628, 10.435931933602262], [-73.70414927762727, 10.43343105958752], [-73.70321064520522, 10.431393879224004], [-73.70417396155432, 10.430109517312928], [-73.70500045180023, 10.430360001051383], [-73.70462574712866, 10.431736913765008], [-73.70681354094938, 10.43188916934389], [-73.70858871487508, 10.43138220291263], [-73.71064779079279, 10.42951816038169], [-73.7118972468391, 10.430208269190757], [-73.71130991616019, 10.432373430838197], [-73.71293091570408, 10.434381427609821], [-73.71697589341306, 10.43287891055644], [-73.7191516659691, 10.434737789567066], [-73.7202917861784, 10.43408033364625], [-73.72282190307385, 10.434691981739263], [-73.72389892736396, 10.43633002682924], [-73.7274607260494, 10.434088265776495], [-73.7292227486289, 10.436325894575646], [-73.72989163741744, 10.433252530062362], [-73.73157292115144, 10.435569906864373], [-73.73660425162512, 10.4356351991662], [-73.73811961639393, 10.43294198581441], [-73.73932869942422, 10.433741735887907], [-73.73983073320233, 10.435698507986274], [-73.74071798284751, 10.435749348180309], [-73.7419099134321, 10.433754437177868], [-73.74067435074107, 10.429441412754215], [-73.74243871882362, 10.42955305905997], [-73.74415072855811, 10.431491130914196], [-73.74627844120812, 10.431273761798366], [-73.74623043969268, 10.428988102737662], [-73.74745143618975, 10.428061145728634], [-73.74998744693653, 10.423043384318191], [-73.75186412158706, 10.421777733431043], [-73.75229952277584, 10.419991601846732], [-73.7544281705728, 10.41878607704615], [-73.75322026972634, 10.416858547828497], [-73.75355365815017, 10.416210131661614], [-73.76048628431931, 10.415759740273757], [-73.75987866068192, 10.412892841116616], [-73.76162387487074, 10.411916441693222], [-73.76530225970163, 10.413556912236402], [-73.76585771543392, 10.412619252690604], [-73.76508274630555, 10.41125111742258], [-73.7671006371296, 10.409785892161324], [-73.77066541642756, 10.403880645746824], [-73.77620050903931, 10.403796070193778], [-73.77842221159409, 10.399945527593047], [-73.77837470864398, 10.396891331346524], [-73.7790307056996, 10.396173316350882], [-73.7848672713643, 10.396997128716805], [-73.78598510615029, 10.398335589912392], [-73.78789278617757, 10.395931919977045], [-73.78998881971381, 10.39699178014331], [-73.79128301279525, 10.392900769129199], [-73.79269537305822, 10.391873993042907], [-73.7944577783203, 10.393961560849164], [-73.79620279218466, 10.392974987098796], [-73.79710759133121, 10.39583031774248], [-73.79840860083442, 10.395312445755053], [-73.79795706768692, 10.392896672808263], [-73.79906651220148, 10.39237863014074], [-73.80186696472072, 10.39493616004728], [-73.80507240414391, 10.394776705363995], [-73.80648186374458, 10.39635701478636], [-73.81043934457688, 10.392749478341727], [-73.81140482317261, 10.390833385585097], [-73.81356885923009, 10.390196861325421], [-73.813494750855, 10.38815811609544], [-73.81527221907982, 10.387955128120495], [-73.81655408367243, 10.385485124735112], [-73.81807377832433, 10.385117052330543], [-73.81945902920711, 10.38597087473903], [-73.81962182562592, 10.387153984758811], [-73.81661257392551, 10.388094330269553], [-73.81651197241496, 10.388724772031594], [-73.81862801144854, 10.389717304312], [-73.82021551728042, 10.391748259345661], [-73.82132038936646, 10.390593186666536], [-73.82308827525446, 10.39085881241948], [-73.82327241655975, 10.395668934374783], [-73.8269645537103, 10.397971744982897], [-73.83046876405194, 10.39634524055856], [-73.82887728676508, 10.40113822713613], [-73.83052017198168, 10.402644615033182], [-73.83404242500018, 10.399870106778337], [-73.83779109766817, 10.401283158744604], [-73.83940246277297, 10.397837321874988], [-73.84096622970623, 10.398649148908817], [-73.84163513017285, 10.400710096917066], [-73.84281075991532, 10.400941307285791], [-73.84314881239578, 10.399065000944802], [-73.84825647188165, 10.394447866910753], [-73.8555439939563, 10.3906098046142], [-73.85651938457079, 10.387941265307973], [-73.85826605313315, 10.388227696957813], [-73.86110172323288, 10.392562216286706], [-73.86234512822261, 10.39262009927819], [-73.86280695517314, 10.391392392360558], [-73.86442657220869, 10.391228334706113], [-73.86595646993379, 10.393691391413881], [-73.86740859864608, 10.39456607002495], [-73.87024800933364, 10.393514041377557], [-73.87200695877408, 10.388990419344168], [-73.88011584979506, 10.39013044792523], [-73.88401153636806, 10.387523652572611], [-73.88484804373564, 10.388388874611167], [-73.8833319019235, 10.39291872556771], [-73.88393194018056, 10.393660704939293], [-73.88802550780201, 10.389825959225448], [-73.89374181500546, 10.390633954941563], [-73.8943313833895, 10.388559565430967], [-73.89324631108639, 10.387436008372106], [-73.89316870377053, 10.385313198730785], [-73.89760520981321, 10.385974767142272], [-73.90069492367769, 10.381091326431715], [-73.90221758906063, 10.38098278829932], [-73.90701831193564, 10.383711108738737], [-73.90996849127418, 10.379709311283193], [-73.91294417560061, 10.379966580002417], [-73.91528045925952, 10.378260065266886], [-73.91674897325566, 10.378605306072018], [-73.91825952305072, 10.37369441372283], [-73.9193273099574, 10.373449460915936], [-73.9217654042601, 10.375133936366694], [-73.92296604222173, 10.372263917358111], [-73.9227644241787, 10.370665707192813], [-73.92420210078319, 10.36933379831413], [-73.92521945982287, 10.368703049328019], [-73.9287309240662, 10.368985240028053], [-73.93015899318112, 10.366496042324684], [-73.93286635231499, 10.365820955155698], [-73.93261391384084, 10.364608477389254], [-73.92929074202101, 10.362127123781192], [-73.93162910707804, 10.360560137283414], [-73.93156474004172, 10.357519175028244], [-73.93288132814098, 10.355225292782848], [-73.93449577806297, 10.354349305325343], [-73.93946453364066, 10.35407593698676], [-73.94106511536017, 10.352270548202398], [-73.94259956664905, 10.35263796393798], [-73.94369481058425, 10.352029824667227], [-73.94509558167255, 10.35086157818398], [-73.94603742737098, 10.347149934999834], [-73.94861414979886, 10.346933332147614], [-73.94803350977747, 10.343418557609766], [-73.95197325964858, 10.344584910442904], [-73.95461516388542, 10.344174824697348], [-73.95512432041107, 10.343280261861594], [-73.95261328464574, 10.342158838303192], [-73.95332252219572, 10.33966829761738], [-73.95664032208595, 10.338605525110665], [-73.95821109139234, 10.33968223588846], [-73.96132195880205, 10.336777424202864], [-73.96143220822643, 10.335826279137223], [-73.95998383806824, 10.334003995723833], [-73.96043242114598, 10.33171889990723], [-73.95766477961865, 10.33124632011419], [-73.95830853891539, 10.329517501989017], [-73.9555217219347, 10.326074458882147], [-73.96153177757185, 10.31959975198896], [-73.96031179168023, 10.316725604320027], [-73.96329146632633, 10.315779514976782], [-73.96233973915196, 10.313905019640856], [-73.95782674868838, 10.311948612258789], [-73.95768070137143, 10.310687028946518], [-73.95830005072753, 10.308825192679649], [-73.96141336425165, 10.309527623689291], [-73.96313530936112, 10.308637508416098], [-73.96348632004992, 10.305884833731625], [-73.96174597563214, 10.301474907961051], [-73.96401419029445, 10.297932941397903], [-73.96295707987343, 10.295006462330377], [-73.96352881309167, 10.290444697799614], [-73.96534586830592, 10.287863825151817], [-73.97000957193973, 10.288569727254526], [-73.97001662461867, 10.285767556256758], [-73.97373608135536, 10.280382063801824], [-73.9771737687023, 10.277668635645057], [-73.97892698868327, 10.277601484727427], [-73.9850595871992, 10.274077406330775], [-73.98911842412747, 10.274180376700599], [-73.99152794659153, 10.275187469785067], [-73.99503931112184, 10.273832696069235], [-74.00436070685879, 10.278964900243182], [-74.0052812867225, 10.281837128210839], [-74.00462728482671, 10.284007914214726], [-74.0048343619361, 10.28904906328222], [-74.02003917680537, 10.317641026053252], [-74.02057357241733, 10.321084821949], [-74.02827816194946, 10.328655556108913], [-74.02829719367224, 10.329499237428138], [-74.02607001857638, 10.331402804066443], [-74.02693225012098, 10.332941833173663], [-74.03313322934918, 10.339292429626596], [-74.03630564757452, 10.33688066766075], [-74.03794055215178, 10.338608662928436], [-74.03988390161248, 10.34401064666855], [-74.0410583653408, 10.343917131972944], [-74.0415247440585, 10.346082439147551], [-74.04287389790943, 10.344816568172973], [-74.04522242471711, 10.345832595010052], [-74.04602192505877, 10.343450755051833], [-74.04485598904427, 10.342684570555662], [-74.04610520164692, 10.34038600898225], [-74.04520576634519, 10.339619825384375], [-74.04553889425739, 10.338337292444635], [-74.04765423440114, 10.335239235919403], [-74.04958635670846, 10.334572987281604], [-74.05063569759437, 10.33255758299623], [-74.05330069484063, 10.33215783327455], [-74.05301753934918, 10.33095858860105], [-74.0557325036263, 10.328593405218157], [-74.05563256417469, 10.327144309220614], [-74.05451659878429, 10.326144933568969], [-74.05639874956921, 10.326178251211104], [-74.05599900344077, 10.324929032320199], [-74.05717533836128, 10.324566349811619], [-74.08294417511723, 10.362535350911003], [-74.09370006472511, 10.371469585926661], [-74.09567855810434, 10.37755661466855], [-74.10129796396086, 10.385088169674475], [-74.11040625129482, 10.393178072990224], [-74.11087563667621, 10.391117328899668], [-74.11149651855942, 10.391173128696323], [-74.1145906889696, 10.386844989207702], [-74.11519492056573, 10.383742521052625], [-74.11807471774398, 10.380568643962022], [-74.122893077257, 10.37820293506428], [-74.12512641030901, 10.375255228789626], [-74.12778302267373, 10.375183392255735], [-74.13156839873687, 10.376589812853354], [-74.13754025528272, 10.376056833885741], [-74.14133050830338, 10.371838579105145], [-74.14520080397466, 10.370301773330027], [-74.15025408479977, 10.370422883394838], [-74.15080650422397, 10.366419827398602], [-74.15658946377965, 10.359446978232256], [-74.15795863211105, 10.356290897679969], [-74.160929246342, 10.35730883703178], [-74.16570123478306, 10.363144959826684], [-74.16976618924326, 10.36581983226074], [-74.17165505314364, 10.369664710979066], [-74.1764505136835, 10.37570495632201], [-74.17939840680782, 10.382570473794317], [-74.18180063943754, 10.384484945090605], [-74.18371834287473, 10.383779848777351], [-74.1854264036121, 10.384392714088563], [-74.18568653436608, 10.387556179696674], [-74.18499999905805, 10.388727233417455], [-74.18732388865112, 10.392117697190542], [-74.18674327468091, 10.393999282036361], [-74.18749942229243, 10.395819884700472], [-74.18655502357996, 10.398039621739827], [-74.18566912140875, 10.39835563493557], [-74.18550113002857, 10.399898883433025], [-74.17998880972743, 10.402459223272047], [-74.17838531297247, 10.405063133233625], [-74.17966969105328, 10.406683160799616], [-74.17985181294415, 10.410939127784218], [-74.18378403941875, 10.414617114661098], [-74.18309086914877, 10.41897941261567], [-74.18126570483594, 10.42254403380997], [-74.18257423683735, 10.424153151328142], [-74.18293315180864, 10.426093126713965], [-74.18227052158767, 10.428310618861644], [-74.18278931524736, 10.4315137037986], [-74.18189741502022, 10.433136686824241], [-74.18278378521404, 10.43548926593536], [-74.18190418742455, 10.437926576008238], [-74.1835325792108, 10.440330093229875], [-74.1834238434489, 10.443180349286479], [-74.1849924765599, 10.446109615828505], [-74.19226005512098, 10.450573003079171], [-74.19155790708083, 10.455097143440923], [-74.19235777932533, 10.457152162563602], [-74.19446905009761, 10.459235282807356], [-74.19423373981465, 10.460885604283817], [-74.19521498026296, 10.461744511160873], [-74.19438530189359, 10.46287237205172], [-74.1958134186192, 10.464119325389618], [-74.19621096656834, 10.468297706617932], [-74.19494226589842, 10.46897975124432], [-74.19547240618749, 10.469964159154813], [-74.1942122898252, 10.471476622362957], [-74.19496792719326, 10.472534854780633], [-74.19474395904814, 10.47423699202227], [-74.19416854093771, 10.474107486296134], [-74.19357856831147, 10.475495454584745], [-74.1946820399229, 10.47562099604238], [-74.19507095056372, 10.477938989987535], [-74.19587388696414, 10.478150406861516], [-74.19491129555598, 10.478658017385328], [-74.19493509284513, 10.479656341108978], [-74.19874984024824, 10.48249441689893], [-74.20649248783604, 10.483606130559679], [-74.2073530907337, 10.484202273718552], [-74.20750631918878, 10.485743631260789], [-74.21059663133173, 10.485463454585272], [-74.21180916659046, 10.486636749604429], [-74.21264090390008, 10.486371422092361], [-74.21275778559146, 10.488588369860565], [-74.21529801662683, 10.489125985037049], [-74.2157718729269, 10.491448562190442], [-74.21688983796872, 10.49193213737135], [-74.21731392486748, 10.493642987379872], [-74.21791871162287, 10.496683980177806], [-74.21742383742333, 10.497994404032681], [-74.21887710070877, 10.502173174231814], [-74.21820209798153, 10.502630666807647], [-74.21837559514046, 10.504226049972488], [-74.21937605865281, 10.504566608754601], [-74.21947823760627, 10.505771042101344], [-74.21841241082512, 10.50716396100944], [-74.2192800439438, 10.509664879939976], [-74.22226791572342, 10.51327303532429], [-74.2222148818417, 10.51398202134584], [-74.22140242329175, 10.513892001099464], [-74.22208031679986, 10.517189969765639], [-74.22396353658081, 10.519986679002102], [-74.22673897728765, 10.522027498443776], [-74.22664325093808, 10.525835880379645], [-74.2303134314489, 10.529276134215365], [-74.23078198409138, 10.531817936405389], [-74.23201285038635, 10.534112972088508], [-74.234096064055, 10.535428174984531], [-74.23549125570258, 10.539211668177302], [-74.23843744022992, 10.541173781662621], [-74.24139930037137, 10.541798867664681], [-74.24167257798007, 10.543329228920811], [-74.24283490905248, 10.543266372851974], [-74.24370900555482, 10.544394914666327], [-74.24598834675908, 10.549575287442508], [-74.24417821217128, 10.553389247022437], [-74.2443501040396, 10.557720342869061], [-74.24224796285279, 10.554988460606694], [-74.24040557692399, 10.555294258152912], [-74.23925376064034, 10.55458158993406], [-74.23922455638723, 10.551858258741731], [-74.23838692881952, 10.551902772994481], [-74.23761240795085, 10.553349238722717], [-74.23596302970623, 10.552859872996919], [-74.23603181735558, 10.550146797878313], [-74.23310836112142, 10.547817115045405], [-74.23072245269003, 10.547862921076558], [-74.23039418736238, 10.545113441702085], [-74.2287140921004, 10.543320978786653], [-74.22618452587267, 10.542541535146313], [-74.22634588588414, 10.540056327762613], [-74.222148392983, 10.537950133374068], [-74.22046930293664, 10.535887156968272], [-74.21436461330217, 10.536521547727489], [-74.21204584411032, 10.53521582655685], [-74.21035310594897, 10.531002898790177], [-74.20452267757923, 10.530115331141076], [-74.20250108209996, 10.528904226899783], [-74.20153645420947, 10.527245431608492], [-74.20043303739533, 10.526810816446243], [-74.19869521365223, 10.52768681737848], [-74.19536650281594, 10.52551080317545], [-74.18589079705146, 10.525199568122503], [-74.1846262457031, 10.527842438947346], [-74.18388898608379, 10.527809662989796], [-74.18199107703964, 10.522112566274018], [-74.17938228832384, 10.519429786862531], [-74.17868509359812, 10.514309138625663], [-74.17514272997931, 10.51484157141715], [-74.17249819008333, 10.508968246661766], [-74.17047184790232, 10.50931680315125], [-74.16953534538749, 10.51305481909651], [-74.16760005471963, 10.514600607133332], [-74.16428063426741, 10.514867176118116], [-74.16078682373006, 10.51340706317319], [-74.15864348756816, 10.51470965640749], [-74.15719143700937, 10.51376716931145], [-74.15429376603765, 10.50720157709361], [-74.15196061211168, 10.505181730635627], [-74.14737467659234, 10.505070526301381], [-74.1426613706439, 10.501899645094682], [-74.14050477174465, 10.50227668718452], [-74.13887050676834, 10.504042750389317], [-74.13962401422918, 10.50749485480975], [-74.13877186807827, 10.51110244605161], [-74.13799866593752, 10.511544244148638], [-74.1354494616237, 10.507620563354124], [-74.13453970916265, 10.502938337342698], [-74.13611511827122, 10.49845905708537], [-74.13445019556656, 10.497670792880228], [-74.12983651106589, 10.497549247132156], [-74.12828364070577, 10.495929012055171], [-74.1311301193436, 10.493850544189968], [-74.13015480239102, 10.490301779171375], [-74.13427622409671, 10.489480385072113], [-74.13529099957958, 10.48823796014517], [-74.13567827528527, 10.487192225099648], [-74.13458581702798, 10.48481233718212], [-74.13305960239853, 10.484240559048146], [-74.12967952405671, 10.484722473242755], [-74.12599921862619, 10.487416548977933], [-74.12402978027222, 10.487877670750436], [-74.12417583477571, 10.48158678895527], [-74.12358012370686, 10.480440262854586], [-74.12045441162525, 10.480901992786983], [-74.1175380296296, 10.479409683298286], [-74.11567058158266, 10.479810351098934], [-74.11286199121878, 10.474826291809848], [-74.11006470706008, 10.472927712621924], [-74.10627796106502, 10.472603219323162], [-74.10388698074155, 10.470940607087186], [-74.10117595917336, 10.472059475834897], [-74.09656643118086, 10.470667365411146], [-74.09399710099535, 10.467970616287573], [-74.09274996260433, 10.470526806804969], [-74.09183072572301, 10.470730275378969], [-74.0915430211594, 10.468660382838266], [-74.08807429519806, 10.467485739446772], [-74.08661828576061, 10.463164878114412], [-74.08929144869927, 10.459516027218626], [-74.0864453329811, 10.4570152645951], [-74.08777160672349, 10.455130414370615], [-74.08548328685083, 10.452253068696734], [-74.08523231173348, 10.450094632741184], [-74.08769748756868, 10.449445830298373], [-74.08805509908342, 10.448442758974693], [-74.08638481433053, 10.445554878749022], [-74.0842694939497, 10.444839729381442], [-74.08149098279875, 10.446017600422351], [-74.08064962811801, 10.445621346048199], [-74.08088283184992, 10.44359765300112], [-74.07921909671899, 10.441412740079784], [-74.080616856652, 10.439008367661359], [-74.08022174403754, 10.437383726344422], [-74.07832110501107, 10.436813511280263], [-74.07511866506496, 10.43783456778857], [-74.07318154722236, 10.439221976426381], [-74.07363823400874, 10.441825359974814], [-74.071307400433, 10.441310880926835], [-74.06981124435521, 10.441809702326907], [-74.06743321774843, 10.439845408628685], [-74.06886643511234, 10.437179717882486], [-74.0646301313667, 10.434747680026192], [-74.06056700228459, 10.43474748958323], [-74.05599980473863, 10.43630612533542], [-74.05562209340337, 10.43267384028502], [-74.05385818436031, 10.433718183839062], [-74.05236209565624, 10.43346864602728], [-74.05275602159526, 10.430771763054622], [-74.05001579218066, 10.430865073832479], [-74.04771675719473, 10.42849532700427], [-74.04787457784118, 10.424894264723093], [-74.04204745078272, 10.427871185132346], [-74.03595290403422, 10.42773015131695], [-74.03105539569509, 10.426482350867047], [-74.0290709213279, 10.427807126218397], [-74.02798397783255, 10.429817952685426], [-74.0217944494384, 10.432280011364128], [-74.02001445065741, 10.434586878767277], [-74.01754192569905, 10.434586419727793], [-74.01579348565747, 10.436363242961647], [-74.01251783834732, 10.436019635295054], [-74.01091105016252, 10.438014704401098], [-74.00724121729996, 10.439713126207778], [-74.00475286042035, 10.43989964266052], [-74.00070472513062, 10.44268913302966], [-73.99645247986922, 10.442797206732678], [-73.99330201469024, 10.445290640894257], [-73.9866055540009, 10.445786192424123], [-73.98387131994724, 10.44739303540615], [-73.97879096028464, 10.45381491592866], [-73.97870612421991, 10.461085631409219], [-73.97591291482257, 10.468037422251882], [-73.97359617402827, 10.470276872835882], [-73.97522732993286, 10.472048713110894], [-73.97522691760582, 10.473299053100106], [-73.97242461275897, 10.473114754589574], [-73.97150359002546, 10.474785283684469], [-73.96897166122659, 10.47578787890069], [-73.96866128676038, 10.477950896267771], [-73.96762307780631, 10.478130799318194], [-73.96817264867047, 10.480430200817068], [-73.96569190681566, 10.486390454713444], [-73.96557545541759, 10.489460840410914], [-73.9621522201785, 10.486929970726635], [-73.95376604326282, 10.491653382730021], [-73.95043633080417, 10.491001439774493], [-73.94994674588924, 10.48910119510873], [-73.95133654584419, 10.486614165041885], [-73.94884637077303, 10.485351348341737], [-73.9475455391364, 10.4819258771941], [-73.9465024990389, 10.48270957885228], [-73.9460143478363, 10.48495812398744], [-73.9444430027093, 10.485980445324742], [-73.94172033896575, 10.485415982177926], [-73.93815350432078, 10.486591213068095], [-73.93522246899448, 10.484467882403521], [-73.93458922718145, 10.485234596906139], [-73.93509204878268, 10.487229024614635], [-73.93377408805657, 10.488302228366763], [-73.9302749478104, 10.485769532406039], [-73.93050645282676, 10.487866103135275], [-73.92775377724394, 10.490971167423595], [-73.92132085462123, 10.492003517560704], [-73.91878611229663, 10.498087118328726], [-73.91711972803182, 10.498329164185066], [-73.91563284976166, 10.501115169986406], [-73.91346246889827, 10.501766007114895], [-73.91374518062156, 10.504540126398922], [-73.91241326814963, 10.507287846870668], [-73.9140532607887, 10.508209092386608], [-73.91416901060194, 10.509167901884325], [-73.91120933875823, 10.512208788680994], [-73.91140200687897, 10.514254213788774], [-73.90960545482909, 10.516157979853233], [-73.90853492177041, 10.513178901689002], [-73.90720438911188, 10.513254893832709], [-73.90557567123687, 10.515286560332584], [-73.90172819189377, 10.511884094159427], [-73.90025531028522, 10.51242017501221], [-73.90206279214584, 10.51409579127062], [-73.9020493542368, 10.515016177098062], [-73.8992851236153, 10.514835671277694], [-73.89867970264879, 10.511882390053984], [-73.89663863078033, 10.512111333073108], [-73.89221051411079, 10.507864728337893], [-73.89081465770937, 10.509206154874562], [-73.88925238916721, 10.508029174963156], [-73.88874768110242, 10.509575650211673], [-73.88697813782142, 10.509382841953652], [-73.8864477397156, 10.510673634908983], [-73.88498758275318, 10.511490880584972], [-73.88395500264721, 10.510199145296099], [-73.88238259121914, 10.509774735901942], [-73.88012521204439, 10.50992673725733], [-73.87855494040502, 10.511220065260432], [-73.8773359678139, 10.508563573270067], [-73.87613495615284, 10.50812179224107], [-73.87442915288364, 10.509252022889541], [-73.872706368747, 10.506729414119206], [-73.87097105310221, 10.508530730837094], [-73.868936380837, 10.508855375951327], [-73.86759991929284, 10.508164200841122], [-73.86796060574324, 10.50484718068924], [-73.86584947690488, 10.503666522173774], [-73.8661318939806, 10.501499948373635], [-73.86535709732891, 10.501183045845039], [-73.86431984957295, 10.502160268125863], [-73.86238838303632, 10.507393715207911], [-73.8605876870547, 10.505609223948682], [-73.85934679016327, 10.506835567222595], [-73.86024603502204, 10.50930015466082], [-73.85931319494154, 10.513297481197583], [-73.85969977804558, 10.51463039798682], [-73.85754993627921, 10.513353790339465], [-73.8549720316675, 10.514598356851764], [-73.85547797491682, 10.5115690807894], [-73.85248447967905, 10.511451922416654], [-73.85095550003291, 10.509092325660959], [-73.8476410149288, 10.510758156563156], [-73.84382458138657, 10.50994043837295], [-73.84214943943908, 10.508798296952648], [-73.83972751572264, 10.50873896677416], [-73.83720755878113, 10.510184772240109], [-73.83710869102049, 10.51275412578184], [-73.8347330629174, 10.515408036012047], [-73.83149715081885, 10.515530177343578], [-73.83080776066254, 10.51746630344536], [-73.82936337094259, 10.51853896371631], [-73.82594392030876, 10.517961029422736], [-73.82624254480169, 10.520070493681544], [-73.82395384943294, 10.522858611423771], [-73.82013765304612, 10.521666697907222], [-73.82022227261672, 10.524773085415006], [-73.8132574984129, 10.523425120036165], [-73.8113476462575, 10.524890394704812], [-73.80893205477054, 10.528579503632102], [-73.80557846956418, 10.530148976668556], [-73.80198495134078, 10.525110214426661], [-73.80023812197982, 10.524568466996527], [-73.80002284414371, 10.528994634320327], [-73.79568918090996, 10.53067537816645], [-73.79535838143283, 10.532952159170122], [-73.79343169932724, 10.53433294182912], [-73.79293639663092, 10.536737367248179], [-73.78453807627955, 10.5408307552064], [-73.78397200694377, 10.543490684153824], [-73.78299604679694, 10.545046550397785], [-73.781692431279, 10.545451955018677], [-73.78090401705504, 10.547310047104475], [-73.76743675643405, 10.547785073011994], [-73.76425392942122, 10.54881591307992], [-73.76183388498185, 10.550207624651307], [-73.76123091821466, 10.55429644287608], [-73.75719069978379, 10.555523847959535], [-73.75831459910108, 10.558673370805025], [-73.754204462041, 10.559331400749727], [-73.75265090357078, 10.562861575118745], [-73.74864920223507, 10.560859198212029], [-73.74612368920913, 10.561902147579588], [-73.74180335428986, 10.561444498696744], [-73.74130934516864, 10.562245589057738], [-73.74251733584669, 10.563513195578821], [-73.74200834371288, 10.567300007150948], [-73.74059920301443, 10.567437915724952], [-73.73866330598327, 10.566099819245665], [-73.73653794692115, 10.566225323872345], [-73.73441864071225, 10.571474197735085], [-73.73143746318351, 10.57037888642617], [-73.72887731558416, 10.570782684858045], [-73.72762229626687, 10.569596301374759], [-73.7246398089934, 10.56968592007388], [-73.7210247572371, 10.568485248874595], [-73.7203114080948, 10.565986651192588], [-73.71794162174069, 10.564264557861009], [-73.71541605391741, 10.565249167892603], [-73.7141929885986, 10.566909081587312], [-73.71322455723816, 10.571682801981638], [-73.7139709832739, 10.575970556776213], [-73.71244753186448, 10.577545134044158], [-73.71039632968649, 10.577775103838462], [-73.70508587087204, 10.580340239786551], [-73.70179894969607, 10.579639284710083], [-73.69586011704297, 10.583845461632052], [-73.69391419929684, 10.587498760090341], [-73.69212856178638, 10.588147169070737], [-73.6901093118102, 10.587803908154058], [-73.68871319759205, 10.589939823327484], [-73.68534644037817, 10.59041584097588], [-73.68146103503182, 10.592424692944348], [-73.67482665606292, 10.60132305730383], [-73.67396131634496, 10.604528388030815], [-73.66782436997954, 10.60400928714705], [-73.66645442101157, 10.60592240468111], [-73.66315366307424, 10.605791105017886], [-73.65828167409603, 10.6113046551136], [-73.65540830257208, 10.612508576420169], [-73.65243737842218, 10.615123912961337], [-73.65100496684772, 10.61936766194998], [-73.65470926989184, 10.623879014783427], [-73.6578173785731, 10.632515882050313], [-73.65725041900612, 10.63576656336221], [-73.6538367939516, 10.639921565018255], [-73.64668052572603, 10.640733801684235], [-73.63776494693707, 10.638658615367376], [-73.63236642800177, 10.643380880221173], [-73.61912127960505, 10.64537472132929], [-73.61673617965806, 10.644810412692834]]]}}, {"type": "Feature", "properties": {"dpto_ccdgo": "47", "mpio_ccdgo": "318", "mpio_cdpmp": "47318", "dpto_cnmbr": "MAGDALENA", "mpio_cnmbr": "GUAMAL", "mpio_crslc": "Ordenanza 15 del 2 de Julio de 1904", "mpio_tipo": "MUNICIPIO", "mpio_narea": 563.843660398, "mpio_nano": 2025, "shape_Leng": 1.18112945765, "shape_Area": 0.04645062235}, "geometry": {"type": "Polygon", "coordinates": [[[-74.04684118116592, 9.262354738095269], [-74.04406220648394, 9.254350058916827], [-74.04603318544986, 9.25231151760454], [-74.04675581868804, 9.249365221686048], [-74.04642299530497, 9.244762352011776], [-74.04758464904711, 9.242191761488925], [-74.05053235262676, 9.242030264035066], [-74.05177515933804, 9.241034937093616], [-74.0522809076528, 9.23931822108159], [-74.05723457241999, 9.235842348118126], [-74.05859334633698, 9.233124776029683], [-74.05827690913605, 9.23133072758651], [-74.05954302894418, 9.23127178458219], [-74.06053573729452, 9.226805673637386], [-74.06263938136391, 9.222980828264156], [-74.06368447052023, 9.22330838931208], [-74.0650180071475, 9.222083950468118], [-74.06654691043673, 9.222794121368452], [-74.06684698391336, 9.222237478062368], [-74.06815451519077, 9.22280189809004], [-74.07094767158748, 9.222202183226727], [-74.07124379606694, 9.22146027751711], [-74.07285883797914, 9.22149703391284], [-74.0731915104451, 9.220165409800359], [-74.07438404649469, 9.220008963577413], [-74.07507328034399, 9.218403576765581], [-74.07713267785886, 9.218903806725109], [-74.07762729963162, 9.220334858249146], [-74.08048043479101, 9.220932897753073], [-74.08164818899706, 9.222428009089356], [-74.08268951600598, 9.221764161650185], [-74.08318306159617, 9.219778629965106], [-74.08719179584784, 9.216584957583166], [-74.088166719338, 9.210365211635406], [-74.08687676001989, 9.208157980951398], [-74.08742558707843, 9.203215641253962], [-74.08568805798302, 9.197536748911944], [-74.08608863235878, 9.19694176188574], [-74.08853886919889, 9.197672523087135], [-74.09039033710252, 9.19678160831262], [-74.09052532075958, 9.190648443857583], [-74.09264592773008, 9.1910085499959], [-74.09305604761164, 9.189978251612558], [-74.09427640001616, 9.189908229676973], [-74.09682713685709, 9.188017688620675], [-74.0962669757456, 9.186267181554001], [-74.09371160628905, 9.185625465027783], [-74.09320551571597, 9.172605825388132], [-74.09505229530834, 9.160273136078558], [-74.10025184174117, 9.153783598886491], [-74.09954334440357, 9.150384507686567], [-74.10018239832112, 9.14839305969224], [-74.11176359958432, 9.137154853444201], [-74.11968298096366, 9.13280088467559], [-74.13588103957954, 9.120547419650677], [-74.13964685391346, 9.115167212887002], [-74.16567967879234, 9.096850458018821], [-74.17573029781363, 9.08801766893066], [-74.17744202278197, 9.089894048933559], [-74.18249235982552, 9.092216328744314], [-74.18952549497862, 9.094161900638824], [-74.2007976638597, 9.100530473293247], [-74.2061970254154, 9.108419535609244], [-74.20890867490647, 9.114529416611845], [-74.21165299165887, 9.116311989966448], [-74.21370555927717, 9.120175427893344], [-74.22363094406495, 9.121217710710482], [-74.22759060960175, 9.123157136326881], [-74.22888356121047, 9.124934942318475], [-74.2290855825974, 9.128005702613734], [-74.2265400874303, 9.131197678076717], [-74.22007533298012, 9.133823981259582], [-74.22007533298012, 9.136127052379322], [-74.22950590375547, 9.141828154686152], [-74.23591398165263, 9.147804014128099], [-74.24120699966193, 9.156814264643685], [-74.24605556505043, 9.16255173886708], [-74.25017684212719, 9.165945733022056], [-74.25320719886372, 9.167238682834125], [-74.26274271091421, 9.167885157740159], [-74.2664599479121, 9.169582154817647], [-74.27377320135025, 9.165299258116022], [-74.27909773138646, 9.159613676014715], [-74.28571263306787, 9.15722826704706], [-74.29614062116605, 9.158852248101766], [-74.29824690897948, 9.159834908787616], [-74.29943008188138, 9.16166896193721], [-74.2999222287936, 9.164827120294433], [-74.29896636487399, 9.172569596303845], [-74.29509748225382, 9.184769521695216], [-74.29196241421107, 9.189320298024654], [-74.29100438804488, 9.192608089668852], [-74.2920278691081, 9.196050051203315], [-74.29543874801061, 9.201758208883973], [-74.29970953361595, 9.20405861290351], [-74.29070558658373, 9.210500304887091], [-74.28309382004386, 9.213979338126194], [-74.27787478823859, 9.214893124026048], [-74.27624375270835, 9.216028854165017], [-74.27233146166247, 9.222839998366567], [-74.2664573993896, 9.223005252577877], [-74.25618161476797, 9.230954343064013], [-74.25194154887487, 9.235982116206287], [-74.24802677218861, 9.239064261758472], [-74.24509155430303, 9.243280737873363], [-74.23659827925553, 9.249397162209789], [-74.23453583734772, 9.257949149394392], [-74.22831943223719, 9.264718449138286], [-74.22290968525022, 9.268707555185358], [-74.22291088270543, 9.270534278076411], [-74.22051939663004, 9.272950784049101], [-74.22117642135919, 9.275208878283308], [-74.21998689287159, 9.28249240734334], [-74.21712849897034, 9.284473042307923], [-74.21403214116066, 9.285400648799396], [-74.21220547396518, 9.288259294229135], [-74.20871926228295, 9.289078344621942], [-74.20333504813163, 9.293133248722768], [-74.20365441114774, 9.299804357137987], [-74.2049463557442, 9.301888089134934], [-74.20886031675957, 9.304529424737723], [-74.20993267429805, 9.30420204335303], [-74.21057776759409, 9.30286578482827], [-74.2124608086101, 9.302971957694638], [-74.21460355727334, 9.305303335649853], [-74.2137317173408, 9.307467794814158], [-74.21582056614568, 9.311124247259897], [-74.21423624125083, 9.318494745885118], [-74.21225035383259, 9.316516686392504], [-74.21079156410713, 9.317448958737316], [-74.20716086997436, 9.316915419220493], [-74.20174177870433, 9.318591002241192], [-74.19924114633659, 9.32081764463561], [-74.19661971382311, 9.325494398105945], [-74.19377141699368, 9.327255262756125], [-74.19342470744192, 9.32942939319048], [-74.19041923495695, 9.328740192578834], [-74.1860777168481, 9.333020566809125], [-74.18117965873955, 9.335489365552803], [-74.17919924925229, 9.335369159193874], [-74.17838313455621, 9.33661168832549], [-74.17720189213537, 9.336750053244032], [-74.17673386231286, 9.34030453155242], [-74.17471916140886, 9.341909724327934], [-74.17167878485571, 9.34090980160181], [-74.16964559660852, 9.338373978603101], [-74.16569562659629, 9.339897774067595], [-74.16128687222977, 9.338584073155914], [-74.15904668502668, 9.34055674634584], [-74.15837235962971, 9.343156115320085], [-74.15468981020581, 9.344675297033575], [-74.15144107015476, 9.344003073696001], [-74.1508501426186, 9.342691888069169], [-74.14892179413681, 9.3424507198676], [-74.1483133332689, 9.340294078747434], [-74.14160872575178, 9.335625683209173], [-74.13823284524062, 9.330769011417033], [-74.13601168526867, 9.331607432197757], [-74.13413472405534, 9.331334088113692], [-74.13308455402375, 9.332685393431461], [-74.1282717173575, 9.332576873265396], [-74.12685615819123, 9.33151835338657], [-74.12586901311192, 9.332559850177176], [-74.12400988975935, 9.332669591154684], [-74.12347599001782, 9.33859790183243], [-74.12129625768489, 9.34011800072659], [-74.12044042574348, 9.34300698408424], [-74.11744996591545, 9.344526958112453], [-74.11790328401685, 9.345370915214687], [-74.1159346766052, 9.345912705763965], [-74.11502135423643, 9.347748518714639], [-74.10815074510896, 9.350354085170977], [-74.10540689098929, 9.353881214248702], [-74.10139459311807, 9.355095822820715], [-74.10154963796805, 9.355968066097148], [-74.09931097071563, 9.356190549325902], [-74.09631488293792, 9.361817616021312], [-74.09606733759102, 9.363882571417207], [-74.09309315794394, 9.364242947050343], [-74.09137803823944, 9.366428080957348], [-74.08820337512236, 9.36793576332775], [-74.08711915172785, 9.37040370597623], [-74.08500097110891, 9.372421911210893], [-74.08525931511241, 9.37344808722213], [-74.08393328122042, 9.37452560199273], [-74.08436384407918, 9.37589383517718], [-74.08233171404822, 9.377142388415905], [-74.07715313161583, 9.392594638139144], [-74.07022317883514, 9.393642416853538], [-74.06788382024058, 9.396787829903303], [-74.06702251755473, 9.400612893567313], [-74.06542537818211, 9.401094866152505], [-74.06366461414336, 9.403223325303088], [-74.05937696535011, 9.402061021180202], [-74.0566451244103, 9.403701904050422], [-74.05413264864444, 9.402697031603111], [-74.05308730526468, 9.40068753374544], [-74.0517214050069, 9.40112281455987], [-74.04553294560884, 9.399983632192516], [-74.0432229143367, 9.398627051963217], [-74.03979967011446, 9.400167265050868], [-74.03610588365575, 9.398303517167562], [-74.03151289635576, 9.400478660004069], [-74.02969205923114, 9.398167576803928], [-74.02736504978662, 9.398100274969238], [-74.02586450094361, 9.396726950129676], [-74.02339078930976, 9.396193207593456], [-74.02259846112304, 9.394886954619722], [-74.02369248694174, 9.394068417165386], [-74.01842716491302, 9.394344765218136], [-74.01689361194013, 9.39596295303295], [-74.01518707564509, 9.395014160656899], [-74.01102203171445, 9.395339934055983], [-74.01027057690567, 9.394717825073144], [-74.01049011455632, 9.393007462850221], [-74.0073184751709, 9.392908481003417], [-74.00510261885665, 9.391675200035024], [-74.00013843031746, 9.385910309207361], [-73.99834110930908, 9.38527651403166], [-73.99845740440014, 9.38382259767053], [-73.99684888066884, 9.38169171037174], [-73.99571820535397, 9.381821012180183], [-73.99518204814433, 9.381072324184686], [-73.99379049377819, 9.38101441334544], [-73.99239865015431, 9.382165717588975], [-73.98968816128752, 9.381474075354447], [-73.98838326117772, 9.38266857063121], [-73.98726729758397, 9.381919725430464], [-73.98538266115872, 9.382739780140525], [-73.98487483503908, 9.384567865776944], [-73.98199925814936, 9.386654440045731], [-73.98414562433112, 9.381847246600614], [-73.9845551647989, 9.36503577919234], [-73.98669727116618, 9.361403575888687], [-73.98744436375245, 9.356809736086802], [-73.98962044263419, 9.351256432813159], [-73.9928319834197, 9.345703361305027], [-73.99442502916628, 9.336998622671103], [-73.99752896966129, 9.33339687587312], [-74.00079748074921, 9.324835205740328], [-74.00309621839256, 9.322215203345877], [-74.00673940091434, 9.319868696850904], [-74.00805050030289, 9.314654470137953], [-74.01099925670889, 9.314449007302471], [-74.01347009732478, 9.311625951356007], [-74.01811675361586, 9.310006525661777], [-74.02080302118833, 9.306088721650553], [-74.02847523361521, 9.30280426904693], [-74.03251498312511, 9.296881079668651], [-74.03593377798825, 9.294094911272111], [-74.03835096578274, 9.285753448035337], [-74.04221553558779, 9.280331014131548], [-74.04280225810675, 9.27648126204889], [-74.0442137856308, 9.274694942716565], [-74.04560088345124, 9.27001073232509], [-74.04684118116592, 9.262354738095269]]]}}, {"type": "Feature", "properties": {"dpto_ccdgo": "47", "mpio_ccdgo": "460", "mpio_cdpmp": "47460", "dpto_cnmbr": "MAGDALENA", "mpio_cnmbr": "NUEVA GRANADA", "mpio_crslc": "Ordenanza 004 del 23 de Junio del 2000", "mpio_tipo": "MUNICIPIO", "mpio_narea": 841.144450881, "mpio_nano": 2024, "shape_Leng": 1.5465999326, "shape_Area": 0.06938191654}, "geometry": {"type": "Polygon", "coordinates": [[[-74.47936523357566, 9.832526462101555], [-74.48102505923538, 9.837283887941965], [-74.47657405706741, 9.837959723408119], [-74.47607095159839, 9.840943547375844], [-74.47426433032444, 9.842883249673605], [-74.47260045685283, 9.843208156197704], [-74.46828177573332, 9.842184691304169], [-74.46551001722378, 9.843886278776438], [-74.4596945080861, 9.85195415987539], [-74.45399270868609, 9.856101368640168], [-74.45301140535565, 9.861414465808707], [-74.4500376443238, 9.865974634031943], [-74.44623681003895, 9.875128404901602], [-74.44106654691103, 9.877122252297909], [-74.43372642394309, 9.882009905212215], [-74.43115805765063, 9.88270631121651], [-74.42145412212989, 9.888134396426267], [-74.41984079330632, 9.89098260072916], [-74.41020612333915, 9.901857458816494], [-74.40976738939798, 9.905205647838613], [-74.41345056225316, 9.910030591109603], [-74.41420065072327, 9.91219465321825], [-74.4143489797629, 9.915698885119468], [-74.41310011211357, 9.918798299000173], [-74.41425629421298, 9.922466482554569], [-74.41123586296993, 9.9267174450207], [-74.41041888499217, 9.932361285970728], [-74.41062386363535, 9.938749766206001], [-74.40582024009802, 9.943957678655806], [-74.40040378718209, 9.952431074868514], [-74.40029328173767, 9.951103462635274], [-74.39920652778699, 9.950079234173131], [-74.39706406568655, 9.94930239744582], [-74.3964982918967, 9.94602176807507], [-74.39374826724446, 9.945454236280852], [-74.39314735582423, 9.944045716318726], [-74.39180347868148, 9.943894736348625], [-74.39047411473206, 9.940705090219012], [-74.38817171824763, 9.940493313120328], [-74.38731646661836, 9.93942766779901], [-74.3866164287225, 9.940154582411253], [-74.38460215901023, 9.940121406703042], [-74.3844261528547, 9.939333578181163], [-74.38370037820545, 9.939950161622278], [-74.38363617196768, 9.93832914770536], [-74.38222635214231, 9.937616600759213], [-74.38272682913873, 9.936344700287634], [-74.38183901265614, 9.934111401371638], [-74.37912673164897, 9.933127524365887], [-74.37735136189036, 9.93043627922441], [-74.37345446169246, 9.928739565116473], [-74.37115487873376, 9.925815339923815], [-74.37020826028242, 9.925604164696836], [-74.37082088933653, 9.92359675093229], [-74.36970149687062, 9.923508138347074], [-74.36965344594779, 9.922783605170537], [-74.3702802315637, 9.919687857317456], [-74.36519776894335, 9.915759288785637], [-74.36471074692395, 9.913971672285015], [-74.36266666300196, 9.913022990401828], [-74.36272007866796, 9.912264671560536], [-74.36031908122271, 9.910137454780966], [-74.35752165692668, 9.919197179151922], [-74.35551929439299, 9.920615138618587], [-74.35578079418059, 9.922290604858176], [-74.35025327976268, 9.926003331411437], [-74.35056993076279, 9.931824192715794], [-74.34918430707887, 9.935237383883702], [-74.33550946180003, 9.932635870629156], [-74.33443709168512, 9.934545590732114], [-74.33295328026577, 9.933744005398978], [-74.3332047593384, 9.933217228404999], [-74.33171899498012, 9.933514562916173], [-74.33153538996947, 9.93232026437056], [-74.33013015065745, 9.931230496569697], [-74.32813200571735, 9.930992641357534], [-74.32374285440261, 9.924690477611762], [-74.31768832673362, 9.924652235401311], [-74.3154092316679, 9.922891366259591], [-74.31339775032848, 9.92286736595105], [-74.3123776783745, 9.919801443087465], [-74.31003365572326, 9.918665600658926], [-74.30942067093605, 9.916532834083114], [-74.3067620580216, 9.915299931305753], [-74.30300750587537, 9.910179106998896], [-74.30173202920781, 9.909641107343134], [-74.30053465303166, 9.900518046304285], [-74.29364588624287, 9.893673873718399], [-74.29121329682056, 9.893038970919065], [-74.28548257434028, 9.885202012727689], [-74.27762621791322, 9.887719060023699], [-74.26856287422703, 9.879702349699016], [-74.27069042607849, 9.878026763085074], [-74.2712779939128, 9.875261637740834], [-74.27025606783457, 9.874815048924575], [-74.2702848543708, 9.873220820994106], [-74.27146504396529, 9.8699808332359], [-74.27087301868698, 9.868254932841069], [-74.27197640765337, 9.866576061085539], [-74.27186171425973, 9.863728036445877], [-74.27270123817249, 9.862774113787168], [-74.27202974696246, 9.861287227432172], [-74.27239266932145, 9.859333688373056], [-74.27327971055729, 9.859346280966747], [-74.27348234100248, 9.857160605375157], [-74.27047414302677, 9.854570932823833], [-74.27111016961936, 9.853345071047272], [-74.26880585972191, 9.850688386817296], [-74.26880324382569, 9.847983305812818], [-74.26692621793359, 9.84718319731121], [-74.26745798507295, 9.845001992638345], [-74.26522684930188, 9.84225921559954], [-74.26581887278354, 9.841623314771141], [-74.26468969765637, 9.839192422267786], [-74.26475520106248, 9.836362715189637], [-74.26535407330533, 9.836118862819887], [-74.26531515196803, 9.832769521258285], [-74.26661685497118, 9.83095646983844], [-74.2659305487337, 9.829721156879259], [-74.26683109615067, 9.82727785863193], [-74.26934498766252, 9.825213486243058], [-74.2708435880582, 9.821385302727606], [-74.2734717992642, 9.81862910035619], [-74.27436037662045, 9.813990409433075], [-74.27568686685703, 9.812468315379135], [-74.27537346596421, 9.811245589623695], [-74.27632299495934, 9.810759384173593], [-74.27661891372452, 9.808889631946101], [-74.27785694139465, 9.808419818966343], [-74.27805206820625, 9.80718054443355], [-74.27675351020741, 9.80489486471157], [-74.27547822398287, 9.804306165897401], [-74.27661497191389, 9.80341558439818], [-74.2763847460995, 9.80176210713762], [-74.27497165999722, 9.80053964818211], [-74.2738201383612, 9.797307586265902], [-74.27283689915987, 9.796974105315542], [-74.27224045506512, 9.794170168228504], [-74.27150393655648, 9.79316493914979], [-74.2702124168635, 9.793041694686167], [-74.26964438380895, 9.791679515253236], [-74.27066175542501, 9.790096543222262], [-74.26994488488396, 9.788820396410983], [-74.27025263357251, 9.787305298441993], [-74.26885020598957, 9.786220507311782], [-74.27053063183178, 9.783632949396292], [-74.2708306810539, 9.780980673202919], [-74.26923293531797, 9.777578908614544], [-74.2695300263855, 9.775188257074717], [-74.26720646467777, 9.77207543762438], [-74.2639786248468, 9.770430364109984], [-74.25824772360164, 9.769125385846678], [-74.25249263699476, 9.764216865950004], [-74.23989385211291, 9.764130824345216], [-74.23515753490187, 9.761226205797584], [-74.23293121590115, 9.761623972037512], [-74.23156003534194, 9.753437165578248], [-74.22902049780657, 9.747939756424444], [-74.22513790957919, 9.746764062901548], [-74.21628389238566, 9.742082716341486], [-74.21425582903117, 9.740808023005457], [-74.21309260593102, 9.73808575002937], [-74.20908676695177, 9.73744956173988], [-74.20602005357011, 9.735586517238005], [-74.20465962136183, 9.734213393621246], [-74.20463393581247, 9.731686899634212], [-74.20366891535787, 9.729724922692924], [-74.20045493744107, 9.730560088874768], [-74.19860016732787, 9.729530528008809], [-74.19323313885997, 9.721022043573157], [-74.19498658880985, 9.718959718446456], [-74.19471405141354, 9.71731635532575], [-74.195850396899, 9.714544167421082], [-74.19362443812304, 9.71226371499995], [-74.1949315184458, 9.703941391283877], [-74.19289180213616, 9.699404426562921], [-74.19324724421779, 9.698075507279896], [-74.19214489100978, 9.697487486694286], [-74.18983514180889, 9.692666149263744], [-74.18434620916486, 9.690999916814292], [-74.17977057014343, 9.684427477631914], [-74.17861205242247, 9.68011968859389], [-74.1755621815675, 9.679821559971401], [-74.17405555022685, 9.680443939347356], [-74.1730544812495, 9.678506589739243], [-74.17002853434622, 9.677454879095706], [-74.16987059512206, 9.672945747797712], [-74.16768845260731, 9.671714382039], [-74.1674220282514, 9.667073709430838], [-74.17371724621785, 9.653879841402954], [-74.17266346944751, 9.652546270639675], [-74.1740527968883, 9.652122638288859], [-74.1762549404088, 9.649209338415346], [-74.17527792294402, 9.645570054584994], [-74.1767749764395, 9.642683266711629], [-74.17586730268175, 9.64245552024937], [-74.1742359572325, 9.638683824640623], [-74.17552790182896, 9.636896421939184], [-74.1747691526943, 9.63511814972162], [-74.17565628286343, 9.633912291645743], [-74.17608447955791, 9.629843595699356], [-74.17922735037342, 9.622157601308459], [-74.17755494110315, 9.617851138184847], [-74.17805440659578, 9.616987399266009], [-74.17972591305846, 9.61708951533734], [-74.18108817513644, 9.615302037177344], [-74.18177748624095, 9.615455736350043], [-74.18248344493753, 9.613711237220741], [-74.18348294096359, 9.613933240748793], [-74.1833791657026, 9.61268491478404], [-74.18524849212827, 9.611769439151772], [-74.18517065035195, 9.61082036560282], [-74.18806644563983, 9.610818769295292], [-74.1888471289563, 9.609370646174057], [-74.18986951676897, 9.609358918658643], [-74.18998352564574, 9.606736750424375], [-74.1916828942775, 9.604421878127312], [-74.19508299338804, 9.603953317400055], [-74.19503561081228, 9.60104238908076], [-74.19627749225805, 9.599484717221628], [-74.19754718287226, 9.599470386386486], [-74.19555879903385, 9.59630171234221], [-74.19557902012701, 9.59461014109337], [-74.19754182262068, 9.593676921025178], [-74.19735668238803, 9.592053356789108], [-74.19862356037481, 9.592269398193821], [-74.19994895466584, 9.59110758275483], [-74.2006922114428, 9.591652409612209], [-74.20126785503055, 9.59109176879997], [-74.2019918941333, 9.592091908918576], [-74.20233613331607, 9.591065732907339], [-74.20425228985312, 9.592019478597763], [-74.20415819574367, 9.590945369343103], [-74.20508007277573, 9.591073285049958], [-74.2061133409918, 9.589602233311098], [-74.20532600474706, 9.589261573019257], [-74.20604191588666, 9.587957101406175], [-74.20860184789012, 9.588011929224933], [-74.20960946469279, 9.587096647628925], [-74.21056601582416, 9.587805968722307], [-74.21128941263095, 9.587121659441323], [-74.21092721611132, 9.586181248353569], [-74.21252085833976, 9.585821511423148], [-74.21177951497589, 9.584676045335357], [-74.2130546673514, 9.585000464972211], [-74.212950947786, 9.58414546217648], [-74.21459146144838, 9.583489289050874], [-74.21462453564686, 9.582553905837756], [-74.21850813807299, 9.582159864914274], [-74.21943676594981, 9.583487344196726], [-74.2244560661756, 9.585406034883249], [-74.2294147094101, 9.580275110809623], [-74.23601006193871, 9.578733740690893], [-74.24085321676995, 9.580370977296525], [-74.24296061310531, 9.577849103348626], [-74.24366943742996, 9.578382050875234], [-74.24397424233695, 9.577000696887296], [-74.24561962666866, 9.577206934071228], [-74.24639977099548, 9.576474926007222], [-74.24803348530406, 9.577349217444123], [-74.24900226521112, 9.575692999421449], [-74.2517017991143, 9.576283419409094], [-74.25264438233012, 9.575250046988401], [-74.25353409695441, 9.576831216099151], [-74.25498489975234, 9.575671394023345], [-74.25654600856848, 9.575871431928533], [-74.25946842185783, 9.577889276938492], [-74.26380089482285, 9.574228079587613], [-74.2646086596717, 9.571229384896867], [-74.26668168823352, 9.569233548628915], [-74.26794612100417, 9.569484251556503], [-74.26960688270918, 9.567895229367252], [-74.26942365499133, 9.56703161800931], [-74.26838801432268, 9.566833535738056], [-74.26963056591222, 9.566637887903141], [-74.27281152263117, 9.568214224073813], [-74.27346621084041, 9.576247055577426], [-74.27834718836846, 9.578715087159196], [-74.279993274285, 9.583596644101078], [-74.28255465167894, 9.58695554015162], [-74.28501558027608, 9.588861573565737], [-74.2920580956449, 9.591753065919988], [-74.29502759865892, 9.594568002886433], [-74.30056488316166, 9.594989366989353], [-74.3054626600973, 9.592258188108474], [-74.31243393271905, 9.590089858998851], [-74.31842939790772, 9.589651470011063], [-74.32111903955507, 9.591293962663542], [-74.32308375456353, 9.588104526739869], [-74.34940084704903, 9.569756859021425], [-74.3551360656009, 9.569362333007291], [-74.3552628027171, 9.571474513773694], [-74.35643794826728, 9.572820670842418], [-74.35981202136662, 9.569675957580785], [-74.360990885945, 9.570942159135654], [-74.35982727656892, 9.573922744674178], [-74.35987732983813, 9.577207313160557], [-74.36125605894671, 9.577010646635301], [-74.36267537576884, 9.578213813356456], [-74.36002352897049, 9.581833739375327], [-74.36238815719418, 9.584726803782587], [-74.3683316197679, 9.589748724396145], [-74.36907813294033, 9.589019371754262], [-74.37063436030735, 9.589217641773587], [-74.38032884464542, 9.591336453908639], [-74.38080290037163, 9.594128017591117], [-74.38291484038933, 9.594856374898825], [-74.38493249944787, 9.597442091266487], [-74.38677348400375, 9.602130403368847], [-74.3891667469482, 9.603882752881589], [-74.39301151786862, 9.601732360447556], [-74.39339407561869, 9.60013371998889], [-74.39429155079495, 9.60108265879046], [-74.39497734229735, 9.600004163058713], [-74.40008609503377, 9.599040367008854], [-74.40247514218123, 9.596020717300746], [-74.40522468443783, 9.594414831025233], [-74.40762073755178, 9.591174217140747], [-74.40901234581685, 9.591268136078554], [-74.41124918140292, 9.588829298868461], [-74.42088695505197, 9.590018380893014], [-74.42215955620998, 9.59381248140113], [-74.42366482211031, 9.595567722593103], [-74.43022487800664, 9.5977517389951], [-74.43484064570208, 9.601299451187344], [-74.44129087977245, 9.60803740599107], [-74.44780142318587, 9.609618914665305], [-74.45035500768853, 9.609050448622384], [-74.4480644707719, 9.619347252940145], [-74.45173098435686, 9.621783131097288], [-74.45428997492519, 9.625296628229762], [-74.45533124713683, 9.629529416864898], [-74.45423596277737, 9.630834311584806], [-74.42421638094777, 9.645111133686669], [-74.42734874955096, 9.655262221267776], [-74.42660518105833, 9.65881520388001], [-74.42728657171068, 9.66038238441405], [-74.43544433830863, 9.669356023162777], [-74.43383051630957, 9.670637480818243], [-74.44235718176282, 9.674874267857888], [-74.43957743991893, 9.679194930662447], [-74.436258918681, 9.686960705395677], [-74.43760913074817, 9.687078868984031], [-74.43660191728935, 9.692019544101868], [-74.43473334185586, 9.691901927587992], [-74.43354296625625, 9.694713857890804], [-74.43231316356741, 9.694499870934749], [-74.42897822380797, 9.698450267647047], [-74.42867863632029, 9.700125022420423], [-74.43205103855189, 9.708625242348887], [-74.43632222031454, 9.712005466217931], [-74.43683186642244, 9.715066751075994], [-74.43511055193079, 9.717472600325948], [-74.43286865613067, 9.717857708395115], [-74.42988971181546, 9.716688745055706], [-74.42753942610511, 9.71718157199308], [-74.4254668763457, 9.718116630914096], [-74.42475745374259, 9.719875527353906], [-74.42375711689277, 9.72013968615687], [-74.42198009243612, 9.72703063585351], [-74.42262425328016, 9.732005447877668], [-74.42032270839928, 9.733108155920547], [-74.41752955200258, 9.736830648965338], [-74.41533452943298, 9.747800443782523], [-74.41363570877405, 9.749049975287335], [-74.41212526498026, 9.754010227405786], [-74.41181354214172, 9.755732820201104], [-74.4131685997254, 9.760324201312073], [-74.41182222885743, 9.770983456372846], [-74.41412001518415, 9.771027678672908], [-74.4191245111623, 9.768730869714034], [-74.42099042398712, 9.768831952721882], [-74.4229942894035, 9.771066453584751], [-74.42533144892047, 9.771260493434], [-74.4251522411667, 9.772691671620578], [-74.4322406218555, 9.779993157119065], [-74.43604319977169, 9.78632139808002], [-74.43816252304856, 9.785681649764228], [-74.43616070219946, 9.792927814268523], [-74.43657642757285, 9.798177903552812], [-74.43419490741519, 9.803718039310525], [-74.43400452281372, 9.806062447339343], [-74.43066750974094, 9.809056054866574], [-74.42956118507783, 9.811915713596761], [-74.4377047349268, 9.815399376756545], [-74.44352436643652, 9.821851526036653], [-74.45006194466993, 9.823171844842307], [-74.45510114798498, 9.821826622920526], [-74.4641993867562, 9.826588281625902], [-74.46961413107505, 9.826677627236961], [-74.47577070474671, 9.831872974940836], [-74.47936523357566, 9.832526462101555]]]}}, {"type": "Feature", "properties": {"dpto_ccdgo": "47", "mpio_ccdgo": "541", "mpio_cdpmp": "47541", "dpto_cnmbr": "MAGDALENA", "mpio_cnmbr": "PEDRAZA", "mpio_crslc": "Decreto dptal 1322 del 19 dediciembre de 1908", "mpio_tipo": "MUNICIPIO", "mpio_narea": 305.547408032, "mpio_nano": 2024, "shape_Leng": 0.86015314933, "shape_Area": 0.02522262477}, "geometry": {"type": "Polygon", "coordinates": [[[-74.91563866113648, 10.238327763181474], [-74.905038246672, 10.234803376662455], [-74.89638254261695, 10.233079687023348], [-74.89389587996135, 10.231737074709542], [-74.88785534536066, 10.218818988795363], [-74.8831999376751, 10.215021976845094], [-74.87927149041593, 10.213603453236033], [-74.87512998505946, 10.214042856422566], [-74.86965080722882, 10.216521784577424], [-74.86278273225082, 10.216569584870115], [-74.86330513803915, 10.220778683115668], [-74.86018015000025, 10.220063992787573], [-74.85105419009562, 10.221057504232363], [-74.85108170820968, 10.225053431192862], [-74.8436761366329, 10.226550664351521], [-74.8438070787663, 10.227333402116642], [-74.8402152592584, 10.229629402591172], [-74.83574770921143, 10.230794066590192], [-74.83595578884143, 10.231577205902568], [-74.82783340870736, 10.234764836211127], [-74.82616882017624, 10.234601772094152], [-74.81740600361627, 10.230334027288507], [-74.8122051474387, 10.226798689399118], [-74.80637519337978, 10.220386324738058], [-74.80362518040562, 10.2199334638795], [-74.79925710268594, 10.221205646422277], [-74.79569410295198, 10.219878159953282], [-74.79237586378525, 10.214981990104945], [-74.79112024259626, 10.213972759926776], [-74.78913096313681, 10.214561397655473], [-74.78670926759264, 10.207620195263473], [-74.7865495344314, 10.204580399022461], [-74.7837980554055, 10.200637249923602], [-74.7756243149525, 10.192867734602544], [-74.77097188069285, 10.191382906289505], [-74.76858949994846, 10.188246832132904], [-74.76209334576077, 10.187482907799733], [-74.76192043340552, 10.18378883837147], [-74.75907548370151, 10.181138471099644], [-74.75390475075437, 10.18032108528638], [-74.73853445170482, 10.184828169322202], [-74.72996064891618, 10.190738227117208], [-74.72830296035016, 10.188550851911714], [-74.72560834293046, 10.187081611177916], [-74.72448262991315, 10.19002305439335], [-74.7216522401149, 10.19198815298273], [-74.72200986779933, 10.19300125580122], [-74.71855160093122, 10.199621297646786], [-74.7091925900084, 10.200048781976648], [-74.7109257119655, 10.202999944072928], [-74.70961010392898, 10.206183910150457], [-74.70732677420165, 10.207771591153914], [-74.7059645309883, 10.211099772882108], [-74.70560686737122, 10.21969835931094], [-74.70401222711371, 10.221557394628462], [-74.70074158342362, 10.22281364194373], [-74.69767410557506, 10.22239534109832], [-74.69389338278881, 10.22485696589041], [-74.68916809779654, 10.223351001100184], [-74.68619416967795, 10.218750897340897], [-74.68195710416029, 10.214684418438367], [-74.68156521021206, 10.210627163444599], [-74.68274550311287, 10.208229696381238], [-74.68883138470522, 10.203104526919958], [-74.69037759764547, 10.199833098999989], [-74.69718536507713, 10.196383809901931], [-74.6965134426755, 10.193557875751026], [-74.69792534210234, 10.18955113486254], [-74.70188090772496, 10.184617715442982], [-74.70354804028705, 10.18521725513466], [-74.706355158311, 10.183561408116532], [-74.70923793161018, 10.183541445738342], [-74.71004820365903, 10.183051917417345], [-74.7103902186114, 10.180209677034384], [-74.71557014312788, 10.177128324695161], [-74.72891591100142, 10.175044787632771], [-74.73760221619102, 10.172396279875045], [-74.74109807309219, 10.169997299149259], [-74.74482959780607, 10.164847102604142], [-74.7489004479142, 10.14881296689532], [-74.74996985089132, 10.140678267255623], [-74.74727810089627, 10.123222766564197], [-74.74811032958479, 10.117121678278522], [-74.75002281111114, 10.108148079055752], [-74.75351390334424, 10.103835480433872], [-74.7646080718082, 10.099387496607676], [-74.77369630423749, 10.097503353357922], [-74.77756139776073, 10.091901205050078], [-74.77875180659805, 10.091384914997093], [-74.77912306083789, 10.089901591363343], [-74.78152603817159, 10.08841764968821], [-74.78049243308703, 10.08637636761381], [-74.78093673479071, 10.08546451309337], [-74.78167452890807, 10.08534712565006], [-74.78364405170373, 10.087907003754651], [-74.7865194695915, 10.08305850394322], [-74.79024306576838, 10.084274323445186], [-74.79207959827016, 10.081478302318772], [-74.7965574493067, 10.08070585656003], [-74.7972058187612, 10.078319655277653], [-74.80002128303909, 10.076857386374343], [-74.7994597906233, 10.073868762704251], [-74.80053156156146, 10.072560366348569], [-74.80018250381164, 10.07139281785686], [-74.80094242435035, 10.070050880178371], [-74.80417223598499, 10.072208856196085], [-74.80599033594075, 10.072204059188664], [-74.8084652665894, 10.069278253858101], [-74.80846285011933, 10.068202342581571], [-74.81024569925694, 10.067890998832354], [-74.81101718291922, 10.06612170977479], [-74.81520341273443, 10.065574437701287], [-74.81449853201701, 10.06250197779218], [-74.81504065584153, 10.062193357737101], [-74.81721539443583, 10.063725524608401], [-74.81760662183359, 10.065261673714474], [-74.81923260703132, 10.064182115274946], [-74.81992524639656, 10.061875023292828], [-74.82209809134076, 10.059908559263135], [-74.825120703695, 10.059227508174217], [-74.82626531907755, 10.061792794141127], [-74.83974108405613, 10.078660646149785], [-74.84847632141657, 10.085029282584628], [-74.85948989027406, 10.091172928590765], [-74.86946084573418, 10.095125066239518], [-74.87485943743309, 10.096277413427856], [-74.88247767364481, 10.099823514939544], [-74.89259370174904, 10.106242354662356], [-74.89612420669829, 10.107193300301901], [-74.91457200970126, 10.106524315393528], [-74.92317589978774, 10.107018661383279], [-74.92660074660574, 10.10808272297345], [-74.93660746043258, 10.11423309197653], [-74.94371146014163, 10.124509129025], [-74.9455379297076, 10.128871253604586], [-74.94620889091112, 10.133118965963433], [-74.94659725807082, 10.139186715047344], [-74.94594481026166, 10.14528266227046], [-74.94357953704713, 10.152669618044797], [-74.93816068922081, 10.16173942780955], [-74.93726924893144, 10.167583462073424], [-74.93321891995402, 10.175428228427506], [-74.93161017613534, 10.180423826585638], [-74.93184155987899, 10.197993806871466], [-74.92827898415021, 10.215675104679406], [-74.92515835743552, 10.224131376294224], [-74.91644164694424, 10.233087991954733], [-74.917476381212, 10.23365604836556], [-74.91563866113648, 10.238327763181474]]]}}, {"type": "Feature", "properties": {"dpto_ccdgo": "47", "mpio_ccdgo": "545", "mpio_cdpmp": "47545", "dpto_cnmbr": "MAGDALENA", "mpio_cnmbr": "PIJIÑO DEL CARMEN", "mpio_crslc": "ORD 1 DE MARZO 26 DE 1996", "mpio_tipo": "MUNICIPIO", "mpio_narea": 660.763434668, "mpio_nano": 2024, "shape_Leng": 2.34502623479, "shape_Area": 0.05447777108}, "geometry": {"type": "Polygon", "coordinates": [[[-73.94492133441969, 9.732258851143172], [-73.94476649258911, 9.718579261857485], [-73.93707960167882, 9.71855606913499], [-73.94715081459441, 9.706315626098785], [-73.9407976471611, 9.70608845905042], [-73.93248400656745, 9.704228467026269], [-73.93424846627823, 9.69188266859129], [-73.93192892363635, 9.692675215068789], [-73.92981959232833, 9.68797696938816], [-73.92841499441386, 9.681073133348548], [-73.92723100673936, 9.663217401438033], [-73.91312545217613, 9.662211444723312], [-73.90318955888779, 9.670573971673662], [-73.89853541603117, 9.670607379147384], [-73.88938496533746, 9.667139147259832], [-73.88381130083332, 9.659838519653078], [-73.8772474729081, 9.664537869364096], [-73.87951251741327, 9.668085974120459], [-73.86641150471706, 9.672065653239429], [-73.86426407672576, 9.672540457262926], [-73.85929946777469, 9.670287932587883], [-73.85140479098368, 9.673199011824238], [-73.841678224188, 9.670895557123572], [-73.83148162612173, 9.671935998392883], [-73.83252917127396, 9.683338939625628], [-73.83036388565893, 9.68239190884725], [-73.82886171266057, 9.684696476561442], [-73.8256469442257, 9.685869955735427], [-73.82139909083122, 9.68471733905227], [-73.82100586737528, 9.682507638897562], [-73.81857566388027, 9.67828575581865], [-73.81410231430522, 9.676398313054221], [-73.81252492979974, 9.673777734839234], [-73.81070527036741, 9.673602562320923], [-73.81188828067411, 9.672009285707077], [-73.80741078626897, 9.672019762766581], [-73.80976964191404, 9.669133133895173], [-73.80722061007685, 9.668652716294957], [-73.80704037914114, 9.667928958365167], [-73.80934950041916, 9.666926080179394], [-73.80660089330951, 9.667324602801386], [-73.80625197659532, 9.666516988869603], [-73.80821662961995, 9.663969599154086], [-73.8105895340289, 9.664352183853623], [-73.81074451240352, 9.661716560642276], [-73.80902797605472, 9.662204766642162], [-73.80774052573321, 9.66158452795321], [-73.80825202237202, 9.659469317167009], [-73.8062949259816, 9.658379717351238], [-73.80805202399273, 9.656965377199754], [-73.80630352466233, 9.656511470701389], [-73.80605702765024, 9.655504259937572], [-73.8090818911844, 9.65321464469315], [-73.80850569333569, 9.650973896042558], [-73.80677520434278, 9.650658197257428], [-73.80780340695492, 9.648568850785466], [-73.80592377504809, 9.649246528697745], [-73.8046023477205, 9.647787715616062], [-73.8076367316076, 9.646468782912052], [-73.80674412620243, 9.645597764040303], [-73.80392134963228, 9.645505586937247], [-73.80623982507478, 9.644969027282002], [-73.8066265177734, 9.644081251223668], [-73.80390330965037, 9.643960267821399], [-73.80334116415884, 9.64302892613199], [-73.80417819165143, 9.64228880717286], [-73.80695200011809, 9.642957068936823], [-73.80824950259563, 9.64221194995082], [-73.80358180055731, 9.640851208721813], [-73.8036911480724, 9.638018085347994], [-73.80564755904777, 9.638563932692307], [-73.8032641479349, 9.636416579261265], [-73.86789294907368, 9.600995157422119], [-73.87154107592676, 9.603933019950034], [-73.87263702863328, 9.603549218930596], [-73.87581581502081, 9.599662643078489], [-73.87938423788847, 9.60086228031605], [-73.88070503190323, 9.604421661633182], [-73.88297244526768, 9.607070160407773], [-73.88194242715895, 9.611097488902317], [-73.88226845657806, 9.614031893811898], [-73.88493384998168, 9.615454193941446], [-73.89073775018164, 9.615191838957003], [-73.89339731620936, 9.616429466876525], [-73.89681172100217, 9.613666458863122], [-73.89716905224236, 9.611850091758924], [-73.89953441169519, 9.611111833212192], [-73.90102631694168, 9.607929608969357], [-73.90522651736728, 9.606799310048928], [-73.90979166315947, 9.601759981867929], [-73.91518556115727, 9.605244384341745], [-73.91870684758777, 9.60561133115641], [-73.92174418783281, 9.604443705409494], [-73.92691022079072, 9.599678197420019], [-73.92944901631705, 9.601306352949166], [-73.93049852518806, 9.599387195138377], [-73.94072433469404, 9.597851839245266], [-73.94610069037697, 9.594767765906909], [-73.9487912006959, 9.591044572175633], [-73.95211841044619, 9.590934190698817], [-73.95495678717202, 9.58934154829609], [-73.95785811518817, 9.589645185392328], [-73.97354493857523, 9.587039064675025], [-73.9845482477657, 9.586567161313894], [-73.98686950259793, 9.585441707011626], [-73.98532200057417, 9.58192465793769], [-73.98926109557294, 9.579814430110275], [-73.99453666469225, 9.580658521061594], [-73.99713928467207, 9.582909434157727], [-73.99615451114698, 9.587129890710798], [-73.99439598481337, 9.590506258109258], [-73.99749098526758, 9.59142069079661], [-74.00396235761173, 9.595359783100378], [-74.01036338821984, 9.595641148248035], [-74.01029304199221, 9.589591826320202], [-74.0140914571121, 9.591842735823093], [-74.0214772621436, 9.591772394087059], [-74.02499430582765, 9.590857962298003], [-74.03673941831977, 9.591322591096173], [-74.03738663523484, 9.590055296290757], [-74.04016212894231, 9.588695704906229], [-74.0412073636258, 9.585655101079112], [-74.04378089074368, 9.582605893181324], [-74.04579955322117, 9.581622734828386], [-74.04808289911819, 9.578431985566738], [-74.04940463277154, 9.576132063044554], [-74.04971774440662, 9.573590584248336], [-74.05286630425735, 9.569987614842262], [-74.05367238027213, 9.566776666945316], [-74.05673771743369, 9.566848919399547], [-74.06016197136313, 9.564933209325545], [-74.06272518671159, 9.567976240402459], [-74.06427642393328, 9.568707271996914], [-74.06600416497753, 9.567708102957965], [-74.06693031799375, 9.565205702704304], [-74.06981057690643, 9.563887749164735], [-74.07170673243775, 9.561690216700242], [-74.0738310557415, 9.55660168326034], [-74.07691421279753, 9.556022522765431], [-74.07807966192479, 9.554564346589814], [-74.07998353039727, 9.548610865996068], [-74.08302007203946, 9.547447643794158], [-74.08492989814363, 9.544334817157278], [-74.0870325163362, 9.542477856051391], [-74.08980991806692, 9.541434191624262], [-74.09301369830047, 9.536909231100026], [-74.09523541612663, 9.536123455230154], [-74.09658194240325, 9.53446124903303], [-74.09761922070192, 9.532677128778289], [-74.09747598870729, 9.530517928355835], [-74.10058387280952, 9.523416188809847], [-74.1000118512319, 9.522094884551564], [-74.10280142155113, 9.52010026999335], [-74.10406595942476, 9.517627242876301], [-74.10526864195356, 9.517484919977505], [-74.10656714605341, 9.51856561478678], [-74.10850692111478, 9.51765642916314], [-74.1112540918171, 9.518209360627452], [-74.11074835158723, 9.514463505078425], [-74.11334255434616, 9.512012335786324], [-74.11675224297994, 9.511518588075035], [-74.1194094293686, 9.504000072125848], [-74.12184326565347, 9.503923214903864], [-74.12386720214425, 9.50264224683059], [-74.12455892612547, 9.500720791127435], [-74.1306015331412, 9.499443321096692], [-74.1323597953699, 9.497216492750795], [-74.1375032042393, 9.496319615853054], [-74.13767813331395, 9.49502929002199], [-74.13985369656234, 9.493272000669549], [-74.14110744206755, 9.494129295967753], [-74.14326010095289, 9.494080090708849], [-74.15166168578457, 9.490849607133839], [-74.1542945385894, 9.491500814368578], [-74.16171600496949, 9.49013233504553], [-74.16522223921709, 9.491429217685038], [-74.16749319464157, 9.491207368667403], [-74.17001081685976, 9.489822248938765], [-74.17364090103598, 9.48397772958424], [-74.17469158041274, 9.483438513608576], [-74.18152613293256, 9.482038519563673], [-74.18745673072289, 9.483832296715377], [-74.19595663624074, 9.479194434937938], [-74.19750626368017, 9.474831530620122], [-74.20083071470197, 9.472793803182128], [-74.20458208680958, 9.472179116086068], [-74.20883743215944, 9.467705673984426], [-74.21200417302771, 9.465830971137507], [-74.21449511975231, 9.462596626600373], [-74.22043682072837, 9.460420276427158], [-74.222799706219, 9.461197997995725], [-74.22494165987257, 9.459199184708552], [-74.22933638972961, 9.460050476560923], [-74.23376240972965, 9.450359409416933], [-74.23775547106209, 9.447776880274432], [-74.23740516824631, 9.446452759795477], [-74.23802466223128, 9.445765929839752], [-74.24036796892466, 9.44522724027729], [-74.24255984109999, 9.443273790151522], [-74.24290834728379, 9.440881817188824], [-74.24486604015607, 9.442143229821056], [-74.24587608241194, 9.440702235735557], [-74.24618583344682, 9.43857440360955], [-74.24516232004424, 9.437728039020442], [-74.24613206923425, 9.435830651897902], [-74.24843538918753, 9.43403177859949], [-74.2535274359413, 9.432784942940941], [-74.25426030638863, 9.431328713416121], [-74.25652555660815, 9.42983441056424], [-74.258962124672, 9.426664969358058], [-74.26049449815594, 9.422572295561054], [-74.26219936268495, 9.422215628176389], [-74.26570075770428, 9.419688387688723], [-74.26600151300278, 9.416893276556436], [-74.26691760128654, 9.41607236485288], [-74.26647740309028, 9.415120580186226], [-74.26907101655394, 9.41432345858533], [-74.27045110391629, 9.415144375678778], [-74.27118873813339, 9.413502545983476], [-74.2722238011848, 9.41463278831003], [-74.2726877975685, 9.413930847780875], [-74.27199775433644, 9.413335984722323], [-74.27310420386544, 9.411872617178517], [-74.27402229269893, 9.412333616780074], [-74.27576919931505, 9.411610875743918], [-74.27537658491735, 9.40960023343166], [-74.2776727686483, 9.408696034360219], [-74.27776794163526, 9.408041684816112], [-74.2764473461483, 9.407375436178256], [-74.2779583037788, 9.40341363534435], [-74.27943357041636, 9.402783075902846], [-74.27933839024291, 9.400796228184845], [-74.28015930464136, 9.400451202975546], [-74.27889819114836, 9.39857143093144], [-74.28040914788056, 9.397928975989487], [-74.28137282894596, 9.398535737243492], [-74.28130144606166, 9.396203866112785], [-74.28265773793152, 9.396084891345083], [-74.28230081991671, 9.393860097684978], [-74.28067089021346, 9.391314073409774], [-74.28484602941933, 9.387372310412502], [-74.28488552837382, 9.384849631573502], [-74.28804109419104, 9.380968999878405], [-74.28892518625548, 9.377102739442648], [-74.29178651315851, 9.376651293431792], [-74.29429871044641, 9.372554382278167], [-74.2963307389677, 9.371060424379607], [-74.29801691223571, 9.371174203287524], [-74.29915239893108, 9.368924860447748], [-74.30215884339395, 9.369525791630906], [-74.30312169441538, 9.368549179306683], [-74.3114929089798, 9.36643865144174], [-74.313802727351, 9.36271491782253], [-74.31773393244032, 9.363123728857715], [-74.32684569356223, 9.359490924580655], [-74.33075461592313, 9.355765957573567], [-74.33272038016469, 9.356233410677248], [-74.33715076598043, 9.3542781971571], [-74.3388161333516, 9.352430230889297], [-74.33989144904461, 9.347453750692296], [-74.33935077600046, 9.345904028929738], [-74.3443610571336, 9.346598810778687], [-74.34971694917806, 9.34462078811697], [-74.35764576826529, 9.344878777285658], [-74.36406555840642, 9.34254624409607], [-74.36446749912085, 9.340733861023352], [-74.36781005480333, 9.341664086105993], [-74.36913256639832, 9.33895907966172], [-74.37209495474963, 9.337856970795656], [-74.3769795623727, 9.340663736679744], [-74.381127400857, 9.339757178630464], [-74.38488553189416, 9.3407765921188], [-74.39531424044173, 9.33929240969502], [-74.40009761324148, 9.335471619320174], [-74.40224403422053, 9.332477930944492], [-74.40634575675466, 9.331148096277502], [-74.4065400885566, 9.330032080581418], [-74.40969035700437, 9.32846945091626], [-74.40969862959639, 9.327418609842596], [-74.41128469632599, 9.326299857875995], [-74.41256227056141, 9.327584206312338], [-74.41238349669425, 9.331387107622334], [-74.41597819260994, 9.33212198221264], [-74.42409545773273, 9.32947608585954], [-74.43259416220212, 9.328940095736641], [-74.44374702124367, 9.32666758442889], [-74.44753930625512, 9.324779315213732], [-74.45148491584149, 9.324398330414965], [-74.45877066643698, 9.325144336937171], [-74.46251751372688, 9.323188269118589], [-74.46518105570118, 9.323436855613693], [-74.46998179384752, 9.319105870259932], [-74.47000591093718, 9.318285447240271], [-74.47126248434114, 9.31974205495618], [-74.47518784857982, 9.316322731883247], [-74.47676121671446, 9.305448840383974], [-74.47969876303512, 9.303132216370727], [-74.47956486813695, 9.367107663299578], [-74.47663657716606, 9.368373911566835], [-74.47617816830791, 9.397829070673879], [-74.47548154760614, 9.401303077834996], [-74.46427784837056, 9.402724626074018], [-74.45891436825087, 9.40239428473808], [-74.4603410189248, 9.396441310794557], [-74.45578043567957, 9.395687719790317], [-74.45158603029046, 9.398492017102058], [-74.45095343077338, 9.39613090219234], [-74.44744264386031, 9.397573638112533], [-74.43587113812168, 9.398551272720397], [-74.43711641430366, 9.39348636409295], [-74.4321891483487, 9.394150879879248], [-74.42607121663809, 9.398139087610332], [-74.41050292155563, 9.404935734788182], [-74.4071383903688, 9.408699274586013], [-74.40371577586609, 9.41013454460193], [-74.39942464340339, 9.418176656608125], [-74.39932404818103, 9.420070800809924], [-74.39468810430827, 9.427771323665581], [-74.39408466143357, 9.43184485614529], [-74.39101953268136, 9.435304616912958], [-74.3628326682055, 9.435963986246804], [-74.35226895893277, 9.429324882135745], [-74.34881992765139, 9.42887538816558], [-74.3447771795627, 9.42944686356708], [-74.3418312483605, 9.42838574216512], [-74.34106544115701, 9.426146808112833], [-74.33431050907922, 9.418642174739148], [-74.33538155687296, 9.417744324965156], [-74.33284981492386, 9.417052818376362], [-74.32106146109277, 9.421671919722428], [-74.31808198497447, 9.425247694408256], [-74.30833101542464, 9.430871977222353], [-74.30651555022973, 9.431612960361463], [-74.30618858386697, 9.430110537631265], [-74.30321171106851, 9.434828497754836], [-74.3020103706238, 9.431338541891478], [-74.29253887796136, 9.437806002069465], [-74.29169877463477, 9.434755012811081], [-74.28689276427184, 9.43747431415784], [-74.28460748789371, 9.435068990422792], [-74.28388560295275, 9.43572946109208], [-74.2856008439299, 9.452256686944907], [-74.27772759017887, 9.453718483334], [-74.27806559325194, 9.456964506877512], [-74.27705554560617, 9.460044047313318], [-74.27727540036238, 9.463592172730955], [-74.27614515803577, 9.47095660143492], [-74.27380138781137, 9.475965368007337], [-74.2699340440065, 9.478402151667012], [-74.26909711622699, 9.48152504213806], [-74.27137174127228, 9.485286708947001], [-74.2720533556053, 9.489974253887453], [-74.27288702159939, 9.490632547937082], [-74.27176406281893, 9.492516322877293], [-74.27105103527373, 9.50161651907905], [-74.2775797417383, 9.509131192032385], [-74.27930228063462, 9.517641577304744], [-74.27142681882287, 9.521395251796207], [-74.26465622280898, 9.527957229190463], [-74.25963138177008, 9.526198454023358], [-74.25931773204377, 9.522723165863624], [-74.24920951928874, 9.518884882581347], [-74.24642992476868, 9.520918988907567], [-74.24202910612576, 9.527866906211614], [-74.2341841601085, 9.534006332827516], [-74.23048796885786, 9.538586827246831], [-74.22896723036268, 9.541764523078712], [-74.2251316671813, 9.545621149973726], [-74.2134615658718, 9.55299378120111], [-74.20777805528718, 9.559394619569616], [-74.2018043320407, 9.5605984070271], [-74.19978718502227, 9.562699710983338], [-74.19771979968158, 9.567792614730593], [-74.1832833468265, 9.567095905095528], [-74.18388851806117, 9.565342205413799], [-74.17307245475604, 9.55583416656151], [-74.17223416423116, 9.563527346582134], [-74.16729191167036, 9.569430408292078], [-74.16598353597595, 9.572977341644389], [-74.16043146878508, 9.57343110980213], [-74.16087575162419, 9.575656718234825], [-74.14889520937311, 9.57273167198133], [-74.15007167095615, 9.578206443571958], [-74.14553603125131, 9.584188342392395], [-74.14161790564299, 9.580264333712591], [-74.13036078804646, 9.576830669923027], [-74.12949405414207, 9.57986212889324], [-74.11755211971604, 9.588440762825428], [-74.11090081377876, 9.592123367046554], [-74.11585882010718, 9.600613032660362], [-74.11613097212592, 9.603009321133129], [-74.11513992655853, 9.605770774161556], [-74.1009088862333, 9.612183657150979], [-74.09921401636808, 9.614119903627056], [-74.09891040083141, 9.616690812153763], [-74.09787110042345, 9.61819851698209], [-74.09547239727732, 9.617833694684805], [-74.09548844030274, 9.6185319566099], [-74.09137876138385, 9.619357447030097], [-74.08888423666656, 9.621388909612278], [-74.08961993770765, 9.623229750437588], [-74.08579853917291, 9.63541783422744], [-74.0817525301971, 9.6341325461525], [-74.07238126804071, 9.634545327744434], [-74.07196549325988, 9.637401866623122], [-74.06432126876632, 9.63816355594605], [-74.0656005264459, 9.645876224033998], [-74.06572835411777, 9.65330321505752], [-74.06371550194814, 9.664922034201481], [-74.06189224116696, 9.665477427051655], [-74.06194017800362, 9.667112000150325], [-74.05890137889338, 9.6684608270142], [-74.04564258777157, 9.670475560257557], [-74.04092431144073, 9.672347796328722], [-74.03340718518643, 9.673077066325561], [-74.03275542279243, 9.67526312729467], [-74.02368735486243, 9.672072215437822], [-74.02031226486935, 9.67489652543344], [-74.01716248241053, 9.668579946410773], [-74.0118214539026, 9.663913406793313], [-74.010494016841, 9.663865567873074], [-74.00975808942434, 9.665198487357259], [-74.00683132559061, 9.66507099835053], [-74.00350521807405, 9.662499492443658], [-74.00153742812995, 9.66553019593016], [-74.00538325008011, 9.670114914231362], [-74.0030798771262, 9.671590339870818], [-74.00028019985365, 9.675366740858749], [-73.99712904476797, 9.677064127805409], [-73.9971763707498, 9.680079362290371], [-73.99610423240046, 9.682507178959781], [-73.99463284738636, 9.682157724154308], [-73.99391269080536, 9.683982566869929], [-73.98983481496782, 9.681252060827717], [-73.98617189464687, 9.682330311319163], [-73.98404399514709, 9.684964131610286], [-73.98332168260771, 9.6948983064201], [-73.98549306778841, 9.71033993894656], [-73.9854745058849, 9.720480581807522], [-73.9794599505829, 9.720732945721352], [-73.97910996127939, 9.71367354470675], [-73.97155879873014, 9.717797523019783], [-73.96449860809577, 9.719735897606427], [-73.963973685226, 9.718089210716528], [-73.95967998717282, 9.718539465560355], [-73.9598141111415, 9.732216402118922], [-73.94492133441969, 9.732258851143172]]]}}, {"type": "Feature", "properties": {"dpto_ccdgo": "47", "mpio_ccdgo": "551", "mpio_cdpmp": "47551", "dpto_cnmbr": "MAGDALENA", "mpio_cnmbr": "PIVIJAY", "mpio_crslc": "Ordenanza 74 de 1912", "mpio_tipo": "MUNICIPIO", "mpio_narea": 1638.73568716, "mpio_nano": 2024, "shape_Leng": 2.35615573385, "shape_Area": 0.13544721795}, "geometry": {"type": "Polygon", "coordinates": [[[-74.4387653281189, 10.678099585386178], [-74.43364954785642, 10.673426108074295], [-74.43125257217196, 10.672678383971913], [-74.42854561728029, 10.670575095635627], [-74.42840445770065, 10.669238261290332], [-74.4266864696732, 10.669413458961458], [-74.42355150763177, 10.665952214175775], [-74.42182585696884, 10.665287655270333], [-74.42060175229835, 10.663236300378685], [-74.42128023779674, 10.660642342860001], [-74.41927756803898, 10.654162316139491], [-74.41068969402846, 10.651330234812178], [-74.40305492970066, 10.645227681373171], [-74.40032181225382, 10.641688086364297], [-74.39471315115497, 10.63850806928383], [-74.39225080411688, 10.63431066531598], [-74.3905062978011, 10.633902922378525], [-74.38944426460841, 10.631347200782102], [-74.38694743571062, 10.629956070421088], [-74.3865791602866, 10.628820878373404], [-74.38406034061319, 10.627758969148317], [-74.38278669022208, 10.626079892576684], [-74.38176672606596, 10.62654329337687], [-74.3787697785998, 10.625642991200209], [-74.37786123617047, 10.623716248009089], [-74.37614349877316, 10.623153838412634], [-74.37430819786266, 10.62128587563069], [-74.37239359990383, 10.620941814314449], [-74.37188211673976, 10.621657556570597], [-74.37139238270436, 10.620819186095616], [-74.36996598715217, 10.62114351859583], [-74.36664554890791, 10.619633072107092], [-74.36365760795798, 10.619717342232775], [-74.3622734063083, 10.618701315395697], [-74.35870129405686, 10.619867310699078], [-74.35635844370802, 10.61843257428285], [-74.35335592129275, 10.619831566705443], [-74.34759893834081, 10.617587884154773], [-74.34564915603926, 10.622696338650258], [-74.34242512596643, 10.625434853179627], [-74.33254891230155, 10.622066049601926], [-74.33130518571471, 10.622959606323775], [-74.33030919222278, 10.62244744762603], [-74.32874653470981, 10.624181947599936], [-74.32702092806431, 10.622873043695677], [-74.32261684673767, 10.6245390991769], [-74.31978416084371, 10.623741837438672], [-74.320097381175, 10.621902142864542], [-74.31567504696557, 10.623115321317528], [-74.31504083856453, 10.621446139696673], [-74.31294106174545, 10.620425405683761], [-74.30949397621657, 10.624245395658988], [-74.30578542862935, 10.62490275725662], [-74.30496723702663, 10.622796154134278], [-74.30130343815267, 10.621366132080425], [-74.3016440256809, 10.619515372948172], [-74.29882216000317, 10.619650690778826], [-74.2973178481144, 10.617114753693954], [-74.2956293580894, 10.618602308396078], [-74.29461844716195, 10.615992731857148], [-74.2937127119701, 10.616163148690532], [-74.29178413980765, 10.61950851700044], [-74.29014380940174, 10.619170037819856], [-74.29072875325505, 10.617023605162728], [-74.28877381102637, 10.616568028694928], [-74.28841600996691, 10.613920701324389], [-74.28590469033372, 10.613375254628977], [-74.28526833316084, 10.612375763992816], [-74.28517161866364, 10.61035713475303], [-74.28664708023575, 10.611374935764161], [-74.28746684658637, 10.61099706363035], [-74.28727421080504, 10.608160965932257], [-74.283918016889, 10.608389579269385], [-74.28389721099211, 10.605798623922794], [-74.28285415472493, 10.604956615268009], [-74.28108721206871, 10.605272199967033], [-74.27798920944247, 10.601721038241294], [-74.27146215408271, 10.603567736086916], [-74.27033678601879, 10.603184810925598], [-74.26753707101693, 10.598633447097484], [-74.26349889984829, 10.595692712653374], [-74.2641849231162, 10.594906212740852], [-74.26654352363948, 10.595489659999657], [-74.26693024418591, 10.593822902035356], [-74.26342505917137, 10.58919016515074], [-74.26124470879705, 10.588977625381744], [-74.2612409502429, 10.582663698187957], [-74.26044569713923, 10.581438832643812], [-74.25790695910513, 10.581026413971585], [-74.25810878376086, 10.577658656932044], [-74.25614532819145, 10.576602079212421], [-74.25497714009873, 10.578222884720049], [-74.25260646800501, 10.577806791935359], [-74.2512603792083, 10.574648604832078], [-74.247891207321, 10.572358179306661], [-74.2471931088894, 10.570678269097812], [-74.24425356112073, 10.569353295218662], [-74.24407032172473, 10.567683721033688], [-74.24651571304838, 10.567601057097079], [-74.24479057262892, 10.5634553036042], [-74.24693056615695, 10.56068434279922], [-74.24547853176779, 10.559694633027732], [-74.24390412068828, 10.555682659448564], [-74.24591875242191, 10.54933652133792], [-74.24370900555482, 10.544394914666327], [-74.24283490905248, 10.543266372851974], [-74.24167257798007, 10.543329228920811], [-74.24139930037137, 10.541798867664681], [-74.23843744022992, 10.541173781662621], [-74.23549125570258, 10.539211668177302], [-74.234096064055, 10.535428174984531], [-74.23201285038635, 10.534112972088508], [-74.23078198409138, 10.531817936405389], [-74.2303134314489, 10.529276134215365], [-74.22664325093808, 10.525835880379645], [-74.22673897728765, 10.522027498443776], [-74.22396353658081, 10.519986679002102], [-74.22208031679986, 10.517189969765639], [-74.22140242329175, 10.513892001099464], [-74.2222148818417, 10.51398202134584], [-74.22226791572342, 10.51327303532429], [-74.2192800439438, 10.509664879939976], [-74.21841241082512, 10.50716396100944], [-74.21947823760627, 10.505771042101344], [-74.21937605865281, 10.504566608754601], [-74.21837559514046, 10.504226049972488], [-74.21820209798153, 10.502630666807647], [-74.21887710070877, 10.502173174231814], [-74.21742383742333, 10.497994404032681], [-74.21791871162287, 10.496683980177806], [-74.21731392486748, 10.493642987379872], [-74.21688983796872, 10.49193213737135], [-74.2157718729269, 10.491448562190442], [-74.21529801662683, 10.489125985037049], [-74.21280853325896, 10.488640242219674], [-74.21264090390008, 10.486371422092361], [-74.21180916659046, 10.486636749604429], [-74.21084840774694, 10.485554711812767], [-74.20750631918878, 10.485743631260789], [-74.20663819199626, 10.483662675958612], [-74.19874984024824, 10.48249441689893], [-74.19515188075047, 10.480136675165738], [-74.19486795001234, 10.478771811564627], [-74.19587388696414, 10.478150406861516], [-74.19507095056372, 10.477938989987535], [-74.1946820399229, 10.47562099604238], [-74.19357856831147, 10.475495454584745], [-74.19416854093771, 10.474107486296134], [-74.19474395904814, 10.47423699202227], [-74.19496792719326, 10.472534854780633], [-74.1942122898252, 10.471476622362957], [-74.19547240618749, 10.469964159154813], [-74.19494226589842, 10.46897975124432], [-74.19621096656834, 10.468297706617932], [-74.1958134186192, 10.464119325389618], [-74.19438530189359, 10.46287237205172], [-74.19521498026296, 10.461744511160873], [-74.19423373981465, 10.460885604283817], [-74.19446905009761, 10.459235282807356], [-74.19235777932533, 10.457152162563602], [-74.19155790708083, 10.455097143440923], [-74.19226005512098, 10.450573003079171], [-74.1849924765599, 10.446109615828505], [-74.1834238434489, 10.443180349286479], [-74.1835325792108, 10.440330093229875], [-74.18190418742455, 10.437926576008238], [-74.18278378521404, 10.43548926593536], [-74.18189741502022, 10.433136686824241], [-74.18278931524736, 10.4315137037986], [-74.18227052158767, 10.428310618861644], [-74.18293315180864, 10.426093126713965], [-74.18257423683735, 10.424153151328142], [-74.18126570483594, 10.42254403380997], [-74.18309086914877, 10.41897941261567], [-74.18378403941875, 10.414617114661098], [-74.17985181294415, 10.410939127784218], [-74.17966969105328, 10.406683160799616], [-74.17838531297247, 10.405063133233625], [-74.17998880972743, 10.402459223272047], [-74.18550113002857, 10.399898883433025], [-74.18756907502012, 10.395137407085826], [-74.18674327468091, 10.393999282036361], [-74.18732388865112, 10.392117697190542], [-74.18686267704703, 10.39079311228221], [-74.18498651982645, 10.388665651160693], [-74.18568653436608, 10.387556179696674], [-74.1854264036121, 10.384392714088563], [-74.18371834287473, 10.383779848777351], [-74.18180063943754, 10.384484945090605], [-74.1807960778076, 10.38398725826363], [-74.18014833537768, 10.383001369030069], [-74.18141670187407, 10.383589262054784], [-74.1892974844115, 10.380199613054288], [-74.193734137778, 10.369517455427058], [-74.20560196203235, 10.363184439018255], [-74.20880582940259, 10.359309255609674], [-74.21423750877472, 10.355176106388626], [-74.22883967128735, 10.346561243372207], [-74.22712924977554, 10.345928185713944], [-74.22928640293583, 10.337570775571521], [-74.22764947804586, 10.337292424274096], [-74.22890142602074, 10.33048667895173], [-74.23118601878036, 10.326098304680329], [-74.23109660579564, 10.32297119392075], [-74.23605628838175, 10.319496244426148], [-74.23652114625048, 10.317044315158682], [-74.23805494266702, 10.316711984052802], [-74.24069651632351, 10.313231264674528], [-74.24507454828284, 10.312552450392502], [-74.24600274856118, 10.306372075838453], [-74.24791808044415, 10.30161205835634], [-74.25186935570957, 10.297181642896192], [-74.2514650658988, 10.296562740901436], [-74.25665849120645, 10.291228989651415], [-74.26027006288649, 10.292868875390923], [-74.26459763374112, 10.292867553069755], [-74.26204719693771, 10.297128278434172], [-74.26509222766612, 10.299093937572763], [-74.2678965636054, 10.299209561621751], [-74.2705276628974, 10.301607176008872], [-74.27323889826482, 10.298286432337193], [-74.27859888034197, 10.301684491372043], [-74.2871504057922, 10.30312489256903], [-74.28939174912801, 10.298258227011445], [-74.29050495758656, 10.290390674872015], [-74.28245846718818, 10.289429469565505], [-74.27908186443096, 10.287642952603676], [-74.27319899596637, 10.282607757574567], [-74.2717744087243, 10.279174596841983], [-74.27179598537634, 10.274855664194035], [-74.26888767744487, 10.269379791267966], [-74.27109024766548, 10.268656083643862], [-74.27018357193674, 10.265721461341798], [-74.28165347184756, 10.271480867051991], [-74.29250422003173, 10.271098371285689], [-74.29293277695092, 10.26664711130104], [-74.29198255804909, 10.26067110184033], [-74.30499943177375, 10.26717443716609], [-74.30856086664124, 10.266745817364779], [-74.30747797455103, 10.25810190909715], [-74.3080730379341, 10.251912526230228], [-74.30754545065906, 10.248127354983126], [-74.31184704311329, 10.24752940261584], [-74.3208827276498, 10.248914375918957], [-74.32810508498346, 10.248840794855369], [-74.3298214219061, 10.249902608858974], [-74.33002484736096, 10.25086759877081], [-74.33927617804318, 10.254547633808158], [-74.34206715692187, 10.257500629367371], [-74.34214772508733, 10.26204585679892], [-74.35023605006182, 10.260612331312643], [-74.3554288501415, 10.257043849156105], [-74.34053873602835, 10.242861435574298], [-74.3446422578894, 10.24033938286152], [-74.34489244159033, 10.233463900369827], [-74.35122370538465, 10.2300538407315], [-74.34770391285366, 10.217164170349008], [-74.34827775262283, 10.21666342295947], [-74.35500235395926, 10.217433690301846], [-74.36116644384089, 10.21363843994925], [-74.36361233372986, 10.213938488273072], [-74.36544711271881, 10.213047695669559], [-74.36652416575504, 10.213587218869236], [-74.37082562705513, 10.212274534851304], [-74.37351735010066, 10.213113807235572], [-74.37582334164574, 10.216197971303814], [-74.37393136328382, 10.218059917165249], [-74.37229291574823, 10.22335235935401], [-74.37246634283855, 10.225920928665857], [-74.37886664940402, 10.227965383592334], [-74.38132075079955, 10.230274544396252], [-74.3859704191442, 10.231860924638113], [-74.38668910158862, 10.236415634693344], [-74.39010978561026, 10.239052453563318], [-74.39613990693186, 10.247650846854185], [-74.40634749858935, 10.243315492091426], [-74.40803213304207, 10.24595700286585], [-74.4096534649629, 10.246304397832773], [-74.41215362661302, 10.24947564106077], [-74.4147523541896, 10.257395996214655], [-74.41396499369034, 10.260299890719637], [-74.41654045218763, 10.263132466120737], [-74.43254066029778, 10.264347337001027], [-74.43248879692186, 10.256512804262854], [-74.43381168221629, 10.253464583614345], [-74.43897968607945, 10.253726633171368], [-74.43970521728505, 10.245613096958323], [-74.44315762533626, 10.248749343591612], [-74.45117130204778, 10.25062139011817], [-74.454852780679, 10.248052218036264], [-74.44878842094136, 10.214841303039577], [-74.45142847824047, 10.216563847325801], [-74.45639571027431, 10.216232207923213], [-74.45935558423912, 10.206013637945944], [-74.46505438685699, 10.20533618910423], [-74.46550620566899, 10.20289251086922], [-74.46579918783908, 10.204153433020906], [-74.47023923324684, 10.205883508788475], [-74.4708775137143, 10.207106952298375], [-74.47028821033348, 10.208562922209865], [-74.47140064803688, 10.20924643019299], [-74.47132934689932, 10.210744675753801], [-74.47300149116637, 10.211589300304809], [-74.47342667670563, 10.213766149941705], [-74.47499285022741, 10.213164902551341], [-74.47596238921142, 10.214678715030118], [-74.47814113160013, 10.215039634144375], [-74.47865234077784, 10.214221795579874], [-74.47924668460979, 10.21506612727984], [-74.48101928036857, 10.214909433121647], [-74.48124740232686, 10.216096513698176], [-74.4829122307084, 10.216300579652284], [-74.48275900135502, 10.218150438671955], [-74.48446979656626, 10.220012060241288], [-74.48367470156626, 10.222137125554013], [-74.48623949435762, 10.223848051919447], [-74.485276637048, 10.224982632213937], [-74.48570163304254, 10.226726407300532], [-74.48869026030587, 10.226511151922296], [-74.49232568137745, 10.228540430698274], [-74.49369274944604, 10.230505988327138], [-74.49374229067513, 10.229829063203624], [-74.49446110337539, 10.230913760010708], [-74.49524632498424, 10.229465264088276], [-74.49671266775061, 10.230976221718777], [-74.49467138837116, 10.234446756888588], [-74.49729920880975, 10.235765258400932], [-74.49854663466192, 10.238631014900136], [-74.49814860162206, 10.239958218399579], [-74.50287789669693, 10.24877315615214], [-74.50481003966559, 10.2509349006055], [-74.50531800771915, 10.259244878764775], [-74.5100319370988, 10.260980507921886], [-74.51631042842138, 10.26532415503965], [-74.52114601314366, 10.274585038414159], [-74.53047254634981, 10.278745377863913], [-74.5324138880743, 10.280323374122588], [-74.5385142586054, 10.287640898154962], [-74.54582027610815, 10.29335411964297], [-74.54637756530337, 10.295412199328211], [-74.54967426195412, 10.298663052218501], [-74.548561148717, 10.305521187329987], [-74.55276031338428, 10.309725812860165], [-74.56528553427063, 10.326086128006978], [-74.56420777875127, 10.345302162768292], [-74.56740949465467, 10.348309358223332], [-74.56352083830274, 10.350487441248106], [-74.564484993679, 10.351825340996186], [-74.5641316752164, 10.352898863650523], [-74.56560008231293, 10.357776058369893], [-74.57043004178047, 10.360190439825203], [-74.57459945062851, 10.364032295710217], [-74.5794941984426, 10.362077223225697], [-74.5819443202983, 10.361933164780396], [-74.58392355119497, 10.363051004956219], [-74.58669065912261, 10.362072426218276], [-74.58933192555509, 10.359553071148468], [-74.59103583517418, 10.358955885943033], [-74.5924202811658, 10.356868998161985], [-74.5941946807431, 10.356118466822068], [-74.60555560324502, 10.359513323360432], [-74.60663602137294, 10.358002172591966], [-74.61084918988831, 10.35749407518091], [-74.61278179818459, 10.352577977090448], [-74.6151541725871, 10.352569032558051], [-74.61548789159121, 10.351751094280473], [-74.6193153187246, 10.35280833585557], [-74.62239789097697, 10.355736799303145], [-74.6249732317948, 10.359517057660014], [-74.62369929573919, 10.359933915809961], [-74.62155023910105, 10.367424256077754], [-74.62189997328278, 10.374013349140512], [-74.62446904924485, 10.378697062763194], [-74.62611163981381, 10.386768608991474], [-74.62514391003816, 10.391628657553383], [-74.6276873184172, 10.395475393989216], [-74.62864689597512, 10.399943404872317], [-74.62794152926875, 10.407217743261356], [-74.62633545973677, 10.409179526166326], [-74.62576159122148, 10.41203133990291], [-74.62810451702887, 10.416567746769601], [-74.63096464378168, 10.43059685194629], [-74.6472429229147, 10.441624972624709], [-74.67184047059106, 10.462095659292004], [-74.67389221894518, 10.46164587336915], [-74.67474064876279, 10.460350409170587], [-74.67458526434928, 10.46425383832917], [-74.67861889003905, 10.467378456261883], [-74.68477619673655, 10.47057687085396], [-74.68045970121989, 10.477722505713018], [-74.68000897835344, 10.47734118404577], [-74.67845855231116, 10.479365012738583], [-74.67804827702088, 10.482832331038765], [-74.67413977507186, 10.486591088202147], [-74.67197096715978, 10.490495842376845], [-74.66279127538195, 10.49930436076329], [-74.65903338778838, 10.506448868235736], [-74.65789581789824, 10.513335196994888], [-74.65910429366693, 10.5196127657469], [-74.6561634918491, 10.536235981155926], [-74.65725040570004, 10.535556461695819], [-74.65757493043986, 10.541295262731921], [-74.66820447369895, 10.563391419861887], [-74.6632261699205, 10.562269276752374], [-74.66002478639399, 10.556882433230157], [-74.6536148651524, 10.555374724808587], [-74.64878908195601, 10.558890811786057], [-74.64638347075982, 10.558653800990953], [-74.64395186499354, 10.559707775390791], [-74.63865383438093, 10.560207662193648], [-74.63504118921327, 10.559735833392722], [-74.62916411937846, 10.550992167133302], [-74.62769062062682, 10.550326180803722], [-74.62562161113078, 10.550825498074232], [-74.62451434233759, 10.54977960223016], [-74.62383418597142, 10.546867694746481], [-74.62559531742141, 10.543580180681943], [-74.62390408393941, 10.54093382708595], [-74.62416085768655, 10.539931633416984], [-74.60758052608674, 10.539219930887839], [-74.57771610588821, 10.54061673680934], [-74.57401557487299, 10.539987398179278], [-74.56977813206265, 10.541070619053187], [-74.5669207146309, 10.540871552227543], [-74.56530913393021, 10.539120322016515], [-74.5632116550035, 10.538359330685125], [-74.56056042894159, 10.5395289309306], [-74.55769391695861, 10.536168670338043], [-74.555407493431, 10.535264181110506], [-74.55438942921324, 10.533956823208086], [-74.55418247517315, 10.53306580872055], [-74.55703311211573, 10.530279941259892], [-74.55916668987095, 10.530294555962882], [-74.56136216698837, 10.53213459638863], [-74.56244151522196, 10.531032562981125], [-74.56383451228362, 10.52735975309929], [-74.5629187141559, 10.526441498975657], [-74.56092184123133, 10.526822048091162], [-74.55919775004492, 10.523386911063369], [-74.55530754230125, 10.527772996425597], [-74.55357872956597, 10.53103827716916], [-74.5507068321786, 10.530921664074242], [-74.55300074676336, 10.531664905579817], [-74.55079406135718, 10.531972306620048], [-74.54961348908006, 10.533325215431887], [-74.55010580757062, 10.532443241596525], [-74.5477776698412, 10.53340600727796], [-74.54659584531163, 10.533081402587982], [-74.5485369929998, 10.53265987858481], [-74.54943545183204, 10.531518533072472], [-74.54813485016427, 10.529183241154442], [-74.54724424081724, 10.530572361982536], [-74.54572787801936, 10.53018811090675], [-74.54645541516459, 10.529315243300744], [-74.54604607322466, 10.528129600928139], [-74.54538596188172, 10.528981066155495], [-74.54594016176827, 10.532738856730873], [-74.54290146596435, 10.53314604001747], [-74.54463403366049, 10.532495364585827], [-74.54506332001222, 10.531358637316032], [-74.54483571907718, 10.529970751672465], [-74.5430751131421, 10.53025075587135], [-74.54337314384816, 10.532208293334975], [-74.54139704717596, 10.532634896416823], [-74.54023379532964, 10.534160210933692], [-74.54157168339964, 10.532962937165507], [-74.54222526668019, 10.533473948713663], [-74.54223641388342, 10.535937267729707], [-74.54093425633238, 10.53452836328836], [-74.5401499788536, 10.535357721857281], [-74.54155043283635, 10.535326236779781], [-74.54161973881406, 10.538437952199786], [-74.54103720783752, 10.538436004650691], [-74.53985895141909, 10.535342878981965], [-74.54025568010405, 10.53177520800483], [-74.53958435598082, 10.531738728290406], [-74.53956210918511, 10.53815724911101], [-74.52882894966694, 10.546066555876394], [-74.5328138632733, 10.548665573609071], [-74.53505677327217, 10.549177745781549], [-74.537288027621, 10.551342068401823], [-74.53800485863616, 10.55424571407326], [-74.53941431374517, 10.55540155121929], [-74.5362298571871, 10.558521337110221], [-74.53518801903641, 10.5580409680191], [-74.53531168570856, 10.560141762630167], [-74.53615428096373, 10.560216056058323], [-74.53787994599969, 10.558129839319292], [-74.53973722780444, 10.558021752141542], [-74.54133327033321, 10.560652765195186], [-74.53830393138878, 10.56002710157594], [-74.53352649735609, 10.565462137056613], [-74.52661742862574, 10.562781251295291], [-74.51990635233506, 10.562678507301143], [-74.51345850509028, 10.561198520013022], [-74.51462509777377, 10.560464050563212], [-74.51465611572695, 10.558687852557227], [-74.51425547487577, 10.556300743975726], [-74.51285369228367, 10.555373131196006], [-74.51026878080717, 10.556574221010521], [-74.50731703839875, 10.559529633039801], [-74.50177265360634, 10.55999226218654], [-74.49628674289733, 10.565376683848797], [-74.4917714051341, 10.563150268728293], [-74.4884764063006, 10.563872813931539], [-74.48341746608469, 10.566411747798554], [-74.48127501656069, 10.571369222323938], [-74.47343825510052, 10.574906843732606], [-74.47038586357087, 10.577185236315188], [-74.46961472306532, 10.589522145015053], [-74.46505294595812, 10.592647724145877], [-74.45627932355501, 10.593001389358449], [-74.45363252080102, 10.595189431114363], [-74.45260758266926, 10.601096445414726], [-74.44452011558656, 10.60894439899397], [-74.44259348917649, 10.617574038410226], [-74.43463002204112, 10.628332683153303], [-74.43852968276411, 10.634395568754371], [-74.43823467578972, 10.637742654644455], [-74.44067520273217, 10.63790672397704], [-74.44090140858248, 10.638851214317754], [-74.4374300361822, 10.647981077405404], [-74.4373686183173, 10.650515326554455], [-74.43970192226197, 10.652394685373224], [-74.44161920438899, 10.65765319187841], [-74.44606527120885, 10.658166541743185], [-74.44803144238756, 10.663010595788705], [-74.44690329044232, 10.665885301311903], [-74.44693468838312, 10.669829108876343], [-74.44918031399129, 10.67220320624898], [-74.44671044086175, 10.676353099181938], [-74.43964090324937, 10.677061193175689], [-74.4387653281189, 10.678099585386178]]]}}, {"type": "Feature", "properties": {"dpto_ccdgo": "47", "mpio_ccdgo": "555", "mpio_cdpmp": "47555", "dpto_cnmbr": "MAGDALENA", "mpio_cnmbr": "PLATO", "mpio_crslc": "Ordenanza 07 de diciembre de 1853", "mpio_tipo": "MUNICIPIO", "mpio_narea": 1455.97522675, "mpio_nano": 2024, "shape_Leng": 2.47387135031, "shape_Area": 0.12007918859}, "geometry": {"type": "Polygon", "coordinates": [[[-74.48102505923538, 9.837283887941965], [-74.47936523357566, 9.832526462101555], [-74.47577070474671, 9.831872974940836], [-74.46961413107505, 9.826677627236961], [-74.4641993867562, 9.826588281625902], [-74.45510114798498, 9.821826622920526], [-74.45006194466993, 9.823171844842307], [-74.44352436643652, 9.821851526036653], [-74.4377047349268, 9.815399376756545], [-74.42956118507783, 9.811915713596761], [-74.43066750974094, 9.809056054866574], [-74.43400452281372, 9.806062447339343], [-74.43419490741519, 9.803718039310525], [-74.43657642757285, 9.798177903552812], [-74.43616070219946, 9.792927814268523], [-74.43816252304856, 9.785681649764228], [-74.43604319977169, 9.78632139808002], [-74.4322406218555, 9.779993157119065], [-74.4251522411667, 9.772691671620578], [-74.42533144892047, 9.771260493434], [-74.4229942894035, 9.771066453584751], [-74.42099042398712, 9.768831952721882], [-74.4191245111623, 9.768730869714034], [-74.41412001518415, 9.771027678672908], [-74.41182222885743, 9.770983456372846], [-74.4131685997254, 9.760324201312073], [-74.41181354214172, 9.755732820201104], [-74.41212526498026, 9.754010227405786], [-74.41363570877405, 9.749049975287335], [-74.41533452943298, 9.747800443782523], [-74.41752955200258, 9.736830648965338], [-74.42032270839928, 9.733108155920547], [-74.42262425328016, 9.732005447877668], [-74.42198009243612, 9.72703063585351], [-74.42375711689277, 9.72013968615687], [-74.42475745374259, 9.719875527353906], [-74.4254668763457, 9.718116630914096], [-74.42753942610511, 9.71718157199308], [-74.42988971181546, 9.716688745055706], [-74.43286865613067, 9.717857708395115], [-74.43511055193079, 9.717472600325948], [-74.43683186642244, 9.715066751075994], [-74.43632222031454, 9.712005466217931], [-74.43205103855189, 9.708625242348887], [-74.42867863632029, 9.700125022420423], [-74.42897822380797, 9.698450267647047], [-74.43231316356741, 9.694499870934749], [-74.43354296625625, 9.694713857890804], [-74.43473334185586, 9.691901927587992], [-74.43660191728935, 9.692019544101868], [-74.43760913074817, 9.687078868984031], [-74.436258918681, 9.686960705395677], [-74.43957743991893, 9.679194930662447], [-74.44235718176282, 9.674874267857888], [-74.43383051630957, 9.670637480818243], [-74.43544433830863, 9.669356023162777], [-74.42728657171068, 9.66038238441405], [-74.42660518105833, 9.65881520388001], [-74.42734874955096, 9.655262221267776], [-74.42421638094777, 9.645111133686669], [-74.45423596277737, 9.630834311584806], [-74.45533124713683, 9.629529416864898], [-74.45428997492519, 9.625296628229762], [-74.45173098435686, 9.621783131097288], [-74.4480644707719, 9.619347252940145], [-74.45035500768853, 9.609050448622384], [-74.45547507381661, 9.608967104660508], [-74.45847168171935, 9.611008057951267], [-74.46403530215224, 9.612255049018415], [-74.46543708743928, 9.614234635648245], [-74.4703392643267, 9.615036158997555], [-74.47609976867733, 9.618456819663038], [-74.47719475120255, 9.619648999081164], [-74.47710845537438, 9.620990398668368], [-74.47863589171357, 9.620638584885057], [-74.47927680424692, 9.618267840027784], [-74.4804608107861, 9.617921502378806], [-74.48031181968759, 9.617129546993226], [-74.48175497332477, 9.61608020700561], [-74.48358619677896, 9.616293837330204], [-74.48525566316601, 9.615212987112272], [-74.48477341928941, 9.61386211208793], [-74.4855616843929, 9.612748228994008], [-74.48795804922247, 9.612616021133363], [-74.48911739069928, 9.611659062166552], [-74.48965231901263, 9.612162302383013], [-74.49028404536654, 9.611013905988386], [-74.49331096604436, 9.610875937227263], [-74.49482972285438, 9.609661490352096], [-74.49675792670735, 9.609562617201561], [-74.49712366079535, 9.61035345238713], [-74.4981851918294, 9.60964327519855], [-74.50012917729782, 9.61005663440767], [-74.50154795063872, 9.608590558441108], [-74.50309267057781, 9.60338218425693], [-74.50425180274692, 9.60293523431767], [-74.50507197423809, 9.600669475651273], [-74.5040701210309, 9.595741267362826], [-74.50424886076206, 9.591924855380228], [-74.50766252624078, 9.58358042320907], [-74.50795253857825, 9.58177335098054], [-74.50730661883148, 9.58135707224443], [-74.50813251618882, 9.581016322121002], [-74.50739974275962, 9.579966479076461], [-74.50892991267443, 9.579888160294331], [-74.50918880375241, 9.579123653852378], [-74.50988235760332, 9.57960040722162], [-74.50997399661514, 9.578803503911502], [-74.5106858096371, 9.579454462312697], [-74.5108350926883, 9.578389797054115], [-74.5122216200781, 9.578950201609246], [-74.51273813740505, 9.577523984821937], [-74.51333492465648, 9.577590100879547], [-74.51309025392084, 9.574399942709817], [-74.51430290955386, 9.574407969163246], [-74.51357981907279, 9.573405885987142], [-74.51426064198944, 9.571456360603918], [-74.51586722715479, 9.570957617357351], [-74.51748688191964, 9.573143044115454], [-74.51963415629882, 9.567448910045812], [-74.52100306861018, 9.567287213165798], [-74.52152353044266, 9.56532336233738], [-74.53688518859059, 9.575981210635348], [-74.53676560296805, 9.578598864831747], [-74.53818956588049, 9.580385885748854], [-74.53811992393258, 9.581859832760188], [-74.54010440099472, 9.583585116011875], [-74.53892332206738, 9.587719012631851], [-74.53944965170001, 9.588085993582467], [-74.53844091469728, 9.589693887594251], [-74.53913424486757, 9.592325469281889], [-74.53805899475157, 9.59248682929342], [-74.53866296673436, 9.592982367348498], [-74.53748222377726, 9.595043018912463], [-74.53858306691609, 9.594554500298614], [-74.53865216358616, 9.59560026858179], [-74.53769328132478, 9.596020984100619], [-74.5389476224135, 9.596795398968027], [-74.53824162419102, 9.597215058965503], [-74.53846426013348, 9.598102515223388], [-74.53707196824996, 9.59828191791172], [-74.5365961572142, 9.59959981934901], [-74.53719380056083, 9.600748054945086], [-74.5360158666378, 9.600578664886825], [-74.53517486499521, 9.601544933102332], [-74.53549500864796, 9.602541612009418], [-74.53460953587177, 9.60292675062135], [-74.53448100841177, 9.60408831183696], [-74.53630030492445, 9.60434678699454], [-74.5367279177135, 9.605766526923503], [-74.53789138335901, 9.605016457318015], [-74.53928894925582, 9.607127122625286], [-74.5404994138961, 9.607144962282746], [-74.54133112695126, 9.610497915972985], [-74.54277271123038, 9.609820624336521], [-74.54343034861103, 9.61155042432108], [-74.54654640918551, 9.611892254220379], [-74.5461007456347, 9.613531411425583], [-74.54883294230768, 9.61375664170464], [-74.55040769564556, 9.617846891845147], [-74.55297023366381, 9.618210740367886], [-74.55247239502143, 9.61987909913131], [-74.55373120882552, 9.61921549513579], [-74.55639693191108, 9.619774795660533], [-74.55716431206588, 9.622228295184357], [-74.55641808815119, 9.622940192648059], [-74.55722194442717, 9.6245094743432], [-74.55600225228488, 9.62503711731381], [-74.55720696680447, 9.625797816692511], [-74.55600917470798, 9.626301054214025], [-74.55692520909275, 9.626660775873063], [-74.55566902555796, 9.628071052042912], [-74.55679463706554, 9.628642875991034], [-74.5559470893943, 9.629236844326897], [-74.55711491995726, 9.630696297009536], [-74.55846661424579, 9.630177433281176], [-74.55808844926099, 9.631721826233218], [-74.55985958076468, 9.631875346640982], [-74.56089489444628, 9.631153730296546], [-74.56120714818957, 9.633391829813263], [-74.56224423155362, 9.633075726785933], [-74.56372723718351, 9.637559822915307], [-74.56283795195424, 9.641589631660338], [-74.56637997780626, 9.643330850139591], [-74.5680736987253, 9.642946759862411], [-74.56983236160289, 9.645538537168136], [-74.56993448306412, 9.647065126395376], [-74.57165321040566, 9.647628678649767], [-74.57143105865549, 9.648916252938875], [-74.57249912493842, 9.64894770567696], [-74.57343970401126, 9.647844995837488], [-74.57558822615141, 9.649212358553712], [-74.57575671340209, 9.650136713141308], [-74.57741359528023, 9.650211215877107], [-74.5787785873406, 9.651689421804576], [-74.58158034601132, 9.651712891208376], [-74.58353087032191, 9.65378386442319], [-74.58449550000898, 9.653549854901826], [-74.58458299239413, 9.654385015693776], [-74.58605470259863, 9.654715969681206], [-74.58599561766033, 9.655476722958895], [-74.58669299115093, 9.655504253649326], [-74.58647920541767, 9.659053663658824], [-74.58731652306636, 9.659910163049062], [-74.58661093627256, 9.660582179773883], [-74.58692180121932, 9.661685717860735], [-74.58775309386255, 9.661888900770236], [-74.58769653229393, 9.663643052304906], [-74.5889122763374, 9.66358525465347], [-74.58844304366971, 9.66477223911022], [-74.58928266639725, 9.664464060128296], [-74.59095372639683, 9.668461702872321], [-74.59900690655451, 9.666924014950894], [-74.59682593274886, 9.662485682631825], [-74.5980833712311, 9.661582799593248], [-74.60344584433858, 9.658184329129654], [-74.61387435615495, 9.654873911600362], [-74.61660530327038, 9.651664313872345], [-74.62348838192219, 9.649611439030025], [-74.62407422678643, 9.650756400264243], [-74.6239242888629, 9.6494517310216], [-74.62773101969395, 9.647794390103968], [-74.63277462116417, 9.643241161371805], [-74.63941806863312, 9.642835160269101], [-74.64215681313135, 9.646260284666766], [-74.6457113228808, 9.647891018362827], [-74.65875257780004, 9.64674324809448], [-74.66516864711633, 9.644843316940978], [-74.66855139615166, 9.642549444577071], [-74.66952221972758, 9.64085051701852], [-74.67329454415756, 9.639971640576732], [-74.67649270003466, 9.635813788564008], [-74.68026570269319, 9.634677666759217], [-74.6830854788879, 9.629062611447068], [-74.68776204371187, 9.62432035097737], [-74.68686101569591, 9.622939942916219], [-74.6818357740081, 9.622540044972368], [-74.68076975588565, 9.621805021261594], [-74.67995663797171, 9.623592718610666], [-74.67800374300515, 9.623915152969175], [-74.67873706440713, 9.62044577213544], [-74.67806930659845, 9.620210240866811], [-74.67755934158839, 9.621656923089176], [-74.6760362710649, 9.620819971953495], [-74.67448287069834, 9.618179380156334], [-74.67477093728331, 9.616114648441055], [-74.67277446410935, 9.614503259081744], [-74.66972633419078, 9.614532119279886], [-74.66822577277134, 9.61300328965251], [-74.66592353978041, 9.612176005295282], [-74.66061995937162, 9.612476454268005], [-74.65973119516565, 9.610411689315072], [-74.65892576863331, 9.612002327574771], [-74.65765099714378, 9.61256049262812], [-74.65585480711525, 9.610932467354814], [-74.65609795969687, 9.60972857299771], [-74.6576234592668, 9.60916458236511], [-74.65894687097443, 9.607473841160243], [-74.65927066718001, 9.60110586229274], [-74.6578372962041, 9.597253712604697], [-74.65790423691578, 9.590095083604695], [-74.66170943521973, 9.578257378089177], [-74.6700840508085, 9.572702456948377], [-74.68857089103153, 9.566097840086854], [-74.69245657755084, 9.56555299795815], [-74.69589876456257, 9.561006835379658], [-74.70065110773106, 9.557291510896505], [-74.71143997811254, 9.554634581426285], [-74.71463574536739, 9.54928172658822], [-74.7194384903517, 9.547973871018769], [-74.7234289959751, 9.54329707892083], [-74.72443074767261, 9.543516646215892], [-74.72620670762478, 9.54959323293258], [-74.73172873512863, 9.547702151988346], [-74.73236217636781, 9.551751118220409], [-74.74108823743029, 9.55062513840329], [-74.74274873413208, 9.553092074937865], [-74.74500247872027, 9.554711532971453], [-74.74861665731333, 9.55488171893768], [-74.75020367535961, 9.55270869792355], [-74.75057600218878, 9.547511074785234], [-74.7547258861386, 9.543704375395237], [-74.75955866272506, 9.542529063656616], [-74.76178040570403, 9.541158008861657], [-74.76339873904607, 9.539283307811331], [-74.76361024664993, 9.535338272248907], [-74.76832616040969, 9.532300754137225], [-74.76999472578575, 9.52829442108424], [-74.76933770644655, 9.525869267921792], [-74.77075280477669, 9.524546398797042], [-74.77157442884481, 9.521546249732637], [-74.771550527351, 9.516873836925242], [-74.77719084330909, 9.51762871611453], [-74.77549751764906, 9.512728767050874], [-74.77528785069467, 9.50864294830319], [-74.77769164100431, 9.507584676359613], [-74.78194755229333, 9.516871380929274], [-74.78943105188478, 9.528937922564296], [-74.79614099539901, 9.536260658626134], [-74.80530273163663, 9.54307524697117], [-74.80676815812069, 9.545303957289036], [-74.80706140529406, 9.547558893044254], [-74.80556180956432, 9.553627238609977], [-74.79967174469027, 9.55682955458849], [-74.78695277141577, 9.568918484054848], [-74.7808966806769, 9.573626860943364], [-74.77444035692236, 9.583518250758743], [-74.77358049423708, 9.587267881929904], [-74.77213558259547, 9.604440217248452], [-74.77259894207316, 9.609550336323537], [-74.77632906721067, 9.621153796060526], [-74.77697453869774, 9.626194693599587], [-74.78572577865941, 9.645895442606502], [-74.79074368020719, 9.652640264137744], [-74.80192530512363, 9.664268263172914], [-74.80368161531169, 9.667324404273586], [-74.80575276729138, 9.675530603578636], [-74.805399472185, 9.678540204723959], [-74.80185694417435, 9.683347824869202], [-74.79271652767034, 9.686621723158112], [-74.7897306079314, 9.689512767252722], [-74.78752760831577, 9.693136365587407], [-74.78764598390666, 9.69686482255213], [-74.78864563174812, 9.699165769154547], [-74.79961957229358, 9.709736861686451], [-74.80709532660455, 9.722935135055991], [-74.81528884797592, 9.7311688075593], [-74.8157255023155, 9.734071634864847], [-74.81484756461396, 9.736991390037133], [-74.8095080542601, 9.748736409104367], [-74.80523041809698, 9.76181129427971], [-74.80775654018117, 9.769378558244966], [-74.81491479907498, 9.784545102157665], [-74.81559729914756, 9.78989428198497], [-74.82415631116334, 9.79524874391035], [-74.83406115326079, 9.804320308086233], [-74.83720563385856, 9.808641321234006], [-74.83936900875545, 9.810330278383333], [-74.83298675834163, 9.812775725402503], [-74.82736850502454, 9.816125629309909], [-74.82090458241493, 9.817547847692708], [-74.81864302786744, 9.817239916646031], [-74.81660081334104, 9.82099899181327], [-74.81408014313666, 9.822412465089826], [-74.80494032401276, 9.820101233667515], [-74.80343240089371, 9.821650208929498], [-74.80151777508706, 9.822143208343562], [-74.79991485055945, 9.825152480705185], [-74.7956036003099, 9.826797420370497], [-74.7951963828873, 9.829143243247017], [-74.78817303668365, 9.828252476694672], [-74.77883527273087, 9.834735987084628], [-74.77619084242946, 9.834960049552933], [-74.77487212262628, 9.836742728908803], [-74.77602534297785, 9.84129061894896], [-74.7673526679369, 9.839961953889372], [-74.76642542256843, 9.841771971696119], [-74.76220087238931, 9.84358868914353], [-74.75976864319176, 9.849268069271147], [-74.75827304496818, 9.84825160764916], [-74.75099607990319, 9.8465927072549], [-74.74580346218164, 9.84381548428911], [-74.74056789417551, 9.845856778041593], [-74.73845825564342, 9.848994953359352], [-74.73665495095219, 9.849164177229113], [-74.73437982284992, 9.850766056116981], [-74.73470698594383, 9.85173622931211], [-74.73285111898679, 9.858355179703722], [-74.73445058409953, 9.861185912658698], [-74.73340581115048, 9.867065740323653], [-74.73124244613507, 9.865939776676214], [-74.72974503241488, 9.866714301138131], [-74.7296378184003, 9.867589634621595], [-74.72768141191654, 9.867357232187544], [-74.72699722121325, 9.868387714725657], [-74.72608117425204, 9.867654715819128], [-74.72456305883964, 9.868402662703886], [-74.72358728464417, 9.867490530603845], [-74.72182217365435, 9.868728982279151], [-74.72209474698326, 9.869854316207068], [-74.72097710443688, 9.8697244322899], [-74.7207873019442, 9.870813344893918], [-74.71997288416702, 9.87065684387369], [-74.71931414006104, 9.872574081084906], [-74.7153951817138, 9.87168766777188], [-74.7117309238003, 9.874872295908347], [-74.70974760736243, 9.874218573388816], [-74.705112977726, 9.875856935584352], [-74.70086200537838, 9.88141927861193], [-74.69725838020162, 9.883085214617097], [-74.69466218587615, 9.888256019429548], [-74.69323036719027, 9.889195453149455], [-74.68712362310714, 9.886580906228119], [-74.68593726567497, 9.884790586694635], [-74.68430642777423, 9.884259318120655], [-74.67991078163482, 9.884410848758478], [-74.67900755094803, 9.883253614731075], [-74.67625798803016, 9.88236652139284], [-74.6729131497267, 9.883316671124362], [-74.66976067231991, 9.880900220847309], [-74.66819013388067, 9.881748980346856], [-74.66740987816263, 9.880864955656136], [-74.66601332736292, 9.88156080380611], [-74.65935426716192, 9.880691435140932], [-74.65493803431474, 9.88205754021476], [-74.6537389037274, 9.884721728976615], [-74.64918956560183, 9.885835244659233], [-74.64732112311913, 9.88827613631804], [-74.64507306666786, 9.88837269899983], [-74.64318923962531, 9.889564645754092], [-74.64259642832047, 9.890142208144823], [-74.64318369432067, 9.890922613881628], [-74.63902292008595, 9.892111804602393], [-74.63822561163533, 9.8939172796251], [-74.63584447505855, 9.89237349303636], [-74.63499881295257, 9.89317514484486], [-74.63391723779364, 9.891533801138507], [-74.6320334403955, 9.891141893715542], [-74.63173523721281, 9.89013164933857], [-74.6309511088545, 9.89048613022203], [-74.63021911067199, 9.888941370757095], [-74.62818770737869, 9.888562143064405], [-74.62823150028368, 9.889270629622274], [-74.6268907214328, 9.889627567399998], [-74.62221610236128, 9.886111901732704], [-74.62101853843706, 9.888678528885407], [-74.61279791127873, 9.896810723121746], [-74.60772249504902, 9.898764615219022], [-74.60595127371374, 9.897964269561953], [-74.60397394724697, 9.898975686241329], [-74.601676760097, 9.898835824728337], [-74.60190669665366, 9.897147706606177], [-74.59826719722741, 9.895097592288892], [-74.59693189540923, 9.895498884419169], [-74.59394593704275, 9.894059827102922], [-74.59153654124123, 9.89413166812841], [-74.59064317765734, 9.894899732800013], [-74.58845949812388, 9.894290304445803], [-74.58692483123917, 9.892767471077775], [-74.58624820166165, 9.889383351212246], [-74.5850127386837, 9.889382990089189], [-74.58501931795007, 9.888792464100277], [-74.58401834599084, 9.889280267654613], [-74.58202085771978, 9.887672188589761], [-74.58089667992454, 9.88826486963876], [-74.57996212675545, 9.886740756170411], [-74.57809244818986, 9.88736156888325], [-74.57550057925596, 9.89003712044422], [-74.57169347023381, 9.889927613028874], [-74.5709905649133, 9.89083072873126], [-74.57178868095002, 9.891689889831753], [-74.57156068924752, 9.894926993995625], [-74.57274953860826, 9.896442327323427], [-74.57320893920729, 9.8959269975702], [-74.57370211199634, 9.896875029970943], [-74.57268825818568, 9.897975019709577], [-74.57451655582469, 9.9005361608464], [-74.5728811059696, 9.902349215859488], [-74.57385015716807, 9.903140964632428], [-74.5717917379194, 9.903770167616756], [-74.5713932871626, 9.906080659724921], [-74.57036737615459, 9.90629485598862], [-74.57103955727132, 9.907529319140849], [-74.56979420922409, 9.908824947731262], [-74.57041130829862, 9.909024289441561], [-74.56960226784099, 9.909422435669171], [-74.57015685490171, 9.910762714158011], [-74.56921258913997, 9.913100886077132], [-74.57043661565694, 9.91346965826989], [-74.57025503904384, 9.915938763339284], [-74.56933831115913, 9.917438096760748], [-74.56575102006224, 9.918188221163462], [-74.56594091597975, 9.919930532893261], [-74.5646556467695, 9.92179944160199], [-74.56588223438541, 9.923027451252096], [-74.56457276364375, 9.923587349157003], [-74.56368701598291, 9.92309568733549], [-74.56374503731507, 9.923913106386408], [-74.56248362019124, 9.924445257106697], [-74.5627450337405, 9.925101847050882], [-74.56005779508837, 9.926095288427064], [-74.55843995941348, 9.92817328737135], [-74.5585288846126, 9.929318221656104], [-74.55757936729555, 9.929831351433393], [-74.558261596975, 9.93237479035514], [-74.55728515982241, 9.932742733402222], [-74.55786345344234, 9.933225698626586], [-74.55443759691718, 9.936303841282665], [-74.55468400679257, 9.938228460854816], [-74.55333062456828, 9.939439527366801], [-74.55437813288955, 9.940260878346862], [-74.55290734884886, 9.942574312440001], [-74.55360050564411, 9.944632274445894], [-74.55277761674705, 9.945804829252666], [-74.55425906559532, 9.947881231889426], [-74.55226527119964, 9.950982631946772], [-74.55375789689555, 9.952869010206769], [-74.55393592516043, 9.955839644200637], [-74.55324190777839, 9.956443422147174], [-74.55296400294401, 9.95947929095064], [-74.55133611421473, 9.960019804992896], [-74.55179493899323, 9.961956692866579], [-74.55047211119097, 9.963228728983893], [-74.55113222163556, 9.969212625659054], [-74.54980951780095, 9.970592301592717], [-74.54968154370357, 9.972207094671376], [-74.54540513374184, 9.973418696579756], [-74.54412582126497, 9.974798288071725], [-74.54560439280704, 9.976087909623004], [-74.54491102311084, 9.977186818687471], [-74.54567692284087, 9.981254567808776], [-74.54747682560941, 9.983668184797125], [-74.55005953890674, 9.982885742577992], [-74.55042966126842, 9.985308116350723], [-74.55135618528914, 9.986154818706666], [-74.55159902615509, 9.985064165166193], [-74.55231547358932, 9.985513111163641], [-74.55238370158781, 9.984405406687188], [-74.55488100659306, 9.98492103108805], [-74.55498893656551, 9.98710148387039], [-74.55628144889772, 9.98749767356577], [-74.55605635965424, 9.988778674876698], [-74.55694771190855, 9.989435033055372], [-74.55606025565072, 9.991443849989537], [-74.55707532308628, 9.99312111106451], [-74.55597609871285, 9.993589967337755], [-74.55643185214893, 9.994835370182273], [-74.55571719685514, 9.99563248998652], [-74.55692574987899, 9.998278630681625], [-74.55614094598707, 9.998868179302747], [-74.55584553477047, 10.001310967306608], [-74.55656685017908, 10.002075735158428], [-74.55557220236454, 10.002440600574914], [-74.55523383098188, 10.003868862827744], [-74.55578431543341, 10.004218526042507], [-74.55505145486757, 10.004518115326846], [-74.5556679439855, 10.00523111682088], [-74.55437178628699, 10.00537575378172], [-74.55162664038892, 10.00863760385647], [-74.55175894077615, 10.009571962989355], [-74.55054193639535, 10.01013182765655], [-74.55045418080363, 10.012831746937309], [-74.55150273566306, 10.01349222479314], [-74.55133441999072, 10.014816403662621], [-74.54871762817771, 10.01635173619951], [-74.5492564596741, 10.017687888722946], [-74.54787638129488, 10.019710607097181], [-74.54958927587063, 10.02227863292785], [-74.54883441913915, 10.025125363094162], [-74.54646893931198, 10.026551834104907], [-74.54646441539256, 10.028390324935572], [-74.54297551235555, 10.028534960998059], [-74.54208851334056, 10.029493833377956], [-74.5353348829226, 10.026969845692577], [-74.53008240501612, 10.02674057838135], [-74.51456730012234, 10.019308049239669], [-74.51117175637228, 10.021873857128185], [-74.50802612233673, 10.021446527308626], [-74.50763019494963, 10.020590215666516], [-74.50668750483419, 10.020980460306589], [-74.48650849238891, 10.033281290839284], [-74.46237990339375, 10.025787569310012], [-74.44165876173406, 10.017303448102552], [-74.44131426832786, 9.998098120369662], [-74.44030516660882, 9.985453814222808], [-74.43934837742376, 9.983055079635562], [-74.44420008781657, 9.980862793336541], [-74.44348166229054, 9.976985056015565], [-74.44140598908638, 9.976219875836648], [-74.44061611060738, 9.977418509655251], [-74.43923862117487, 9.977128095770524], [-74.43850953173961, 9.977826436747478], [-74.43640308761917, 9.974877472830485], [-74.43639523723567, 9.973698904696391], [-74.43408273469623, 9.973169281837272], [-74.43323517085531, 9.970939268062864], [-74.43038536305835, 9.969339396013027], [-74.42857324409056, 9.970176712763362], [-74.42732483188746, 9.968868549071487], [-74.4236103617028, 9.967607484087523], [-74.4219205340853, 9.965609460420126], [-74.41693646221978, 9.964062827966302], [-74.41531201763405, 9.96223284239153], [-74.41255991158363, 9.962512265379985], [-74.41112635824953, 9.961535812955958], [-74.4114080297229, 9.960183885105266], [-74.41043770561066, 9.958580779117767], [-74.40716264759578, 9.956722463351298], [-74.4035481509988, 9.957012092107789], [-74.40327424906047, 9.955470831583625], [-74.40275337130771, 9.955715461895068], [-74.40243275963235, 9.954341483081521], [-74.40040378718209, 9.952431074868514], [-74.40582024009802, 9.943957678655806], [-74.41062386363535, 9.938749766206001], [-74.41041888499217, 9.932361285970728], [-74.41123586296993, 9.9267174450207], [-74.41425629421298, 9.922466482554569], [-74.41310011211357, 9.918798299000173], [-74.4143489797629, 9.915698885119468], [-74.41420065072327, 9.91219465321825], [-74.41345056225316, 9.910030591109603], [-74.40976738939798, 9.905205647838613], [-74.41020612333915, 9.901857458816494], [-74.41984079330632, 9.89098260072916], [-74.42145412212989, 9.888134396426267], [-74.43115805765063, 9.88270631121651], [-74.43372642394309, 9.882009905212215], [-74.44106654691103, 9.877122252297909], [-74.44623681003895, 9.875128404901602], [-74.4500376443238, 9.865974634031943], [-74.45301140535565, 9.861414465808707], [-74.45399270868609, 9.856101368640168], [-74.4596945080861, 9.85195415987539], [-74.46551001722378, 9.843886278776438], [-74.46828177573332, 9.842184691304169], [-74.47260045685283, 9.843208156197704], [-74.47426433032444, 9.842883249673605], [-74.47607095159839, 9.840943547375844], [-74.47657405706741, 9.837959723408119], [-74.48102505923538, 9.837283887941965]]]}}, {"type": "Feature", "properties": {"dpto_ccdgo": "47", "mpio_ccdgo": "570", "mpio_cdpmp": "47570", "dpto_cnmbr": "MAGDALENA", "mpio_cnmbr": "PUEBLOVIEJO", "mpio_crslc": "Ordenanza 73 del 3 de Mayo de 1929", "mpio_tipo": "MUNICIPIO", "mpio_narea": 679.03927966, "mpio_nano": 2025, "shape_Leng": 1.42502864239, "shape_Area": 0.05620207347}, "geometry": {"type": "Polygon", "coordinates": [[[-74.26517064616132, 11.006524938168127], [-74.26479089564873, 11.005932813176685], [-74.26547676530464, 11.005495512049606], [-74.26435889009446, 11.003888668169225], [-74.26271210888137, 11.005124449151026], [-74.26177500000318, 11.00495999893252], [-74.26137062395412, 10.910141363522484], [-74.26231842818254, 10.908729574588506], [-74.26505278889874, 10.908639946007895], [-74.26420676836472, 10.907189302211918], [-74.2651936933566, 10.90764355995185], [-74.26677382581073, 10.906083556962699], [-74.26873640821697, 10.906606910474409], [-74.26926982915609, 10.905056973116018], [-74.2710411861371, 10.904473231209522], [-74.27191680079346, 10.901886644373633], [-74.27208789585546, 10.90349697012681], [-74.27486616985101, 10.902558193075834], [-74.2746442875956, 10.900699030197416], [-74.27328557476415, 10.901453871657452], [-74.27380893276745, 10.900407159244196], [-74.27330570602572, 10.899662385211514], [-74.27560041921339, 10.900417225773253], [-74.27772403284752, 10.89916922320225], [-74.27725190670401, 10.898400704881112], [-74.27648775240198, 10.898647797476713], [-74.27776429357397, 10.897649478244603], [-74.2768862525661, 10.896871283263522], [-74.27568342091683, 10.898380567331344], [-74.27613549035902, 10.895894484987878], [-74.276490688997, 10.896742118897464], [-74.27806486651434, 10.89595906492508], [-74.27787112221102, 10.89740034018348], [-74.27943500592534, 10.89751863941757], [-74.27932429656317, 10.894428827636602], [-74.27858023579341, 10.89494104202987], [-74.27850906940324, 10.894187278549055], [-74.27754287305305, 10.8940161825887], [-74.27889152205034, 10.891761723839295], [-74.27821719755173, 10.89115785426452], [-74.27866003679696, 10.890694885554353], [-74.27800583996657, 10.890865982413004], [-74.27782468107046, 10.88984946509538], [-74.27711009943857, 10.890674756987721], [-74.27712016417104, 10.88964817493769], [-74.27577151786863, 10.888722238415653], [-74.27652635573543, 10.888943656241622], [-74.27707990613948, 10.888088171050185], [-74.27624454951467, 10.888500818792977], [-74.27540919288987, 10.887446680001347], [-74.27736171325859, 10.887977461688024], [-74.27790519713352, 10.887071656427565], [-74.277160417711, 10.886447653794562], [-74.27734158379366, 10.885129199892958], [-74.27669745439073, 10.88523990925512], [-74.2773013257621, 10.884696422685181], [-74.27668026601236, 10.8847063652467], [-74.27795551630425, 10.88291500187006], [-74.27689078546865, 10.882648487682502], [-74.27861530605009, 10.882452033159836], [-74.27814674622107, 10.883005581767236], [-74.27924377960176, 10.88311629202775], [-74.27886021843273, 10.882509228041272], [-74.2798178511365, 10.881957491337232], [-74.28042010733577, 10.883465935479592], [-74.28132456063065, 10.882797801276467], [-74.28093367010138, 10.881083306799894], [-74.28164825712315, 10.88098107754081], [-74.28177279246688, 10.881753666131772], [-74.28257751921103, 10.881231598110276], [-74.282122576056, 10.880157634382783], [-74.2800936386401, 10.880615629117244], [-74.27954207800599, 10.879024007201508], [-74.2799075246329, 10.877577137231071], [-74.28091092114698, 10.877345129157732], [-74.28034941795141, 10.876895633390916], [-74.28158186977413, 10.876011137084276], [-74.28135005573705, 10.877269416390334], [-74.2836884567268, 10.87673031360248], [-74.28317960023867, 10.874776214892563], [-74.28490125878534, 10.874486903241575], [-74.28283982478808, 10.871595188104948], [-74.27792509213799, 10.873788337685653], [-74.27596129341185, 10.8705112333069], [-74.27453454032991, 10.869621692955945], [-74.27170738536756, 10.86929490715471], [-74.2714320542085, 10.871266621841414], [-74.27043752676826, 10.87163848064796], [-74.26623677567494, 10.867134975503063], [-74.2662361648201, 10.863702816392788], [-74.26873084225105, 10.864037289084024], [-74.27232349988776, 10.85939235755967], [-74.27093900898035, 10.858110699579697], [-74.27138594724147, 10.855550640015338], [-74.26872543528702, 10.85521470306901], [-74.26855491874056, 10.854550758611765], [-74.2690372102279, 10.852562771829014], [-74.27204945062562, 10.850109393577839], [-74.27297664479005, 10.841901167671836], [-74.27051383601753, 10.83705653421248], [-74.26577746131426, 10.834747150626185], [-74.26397645721028, 10.833036212582726], [-74.25893629090046, 10.832124598810992], [-74.26090531423245, 10.813213549518196], [-74.26710291938576, 10.806697697057245], [-74.26862628994672, 10.802238042309568], [-74.2683647757861, 10.80109862099016], [-74.26694383570697, 10.8004983401878], [-74.26750871477412, 10.798975187917563], [-74.26340857956438, 10.796559768907287], [-74.26148398065351, 10.793300680255925], [-74.25772157093724, 10.791618705716871], [-74.25591297516479, 10.789219618989819], [-74.24900704425221, 10.787596757236827], [-74.24676662079202, 10.784557815294306], [-74.24668165357315, 10.777304104935638], [-74.25053891737417, 10.767657078631828], [-74.2490837029464, 10.762977806283402], [-74.24978306081704, 10.748793833225022], [-74.24874315224912, 10.73534017400658], [-74.2428554885737, 10.720354128727763], [-74.23948379062188, 10.720505762671905], [-74.23474136216709, 10.714616049937717], [-74.23571103589853, 10.709888025980035], [-74.2368929781075, 10.708186292082246], [-74.23627452886404, 10.705715780249989], [-74.23777009295162, 10.703837838075572], [-74.23734503317661, 10.70258861199818], [-74.23847431789835, 10.702091208140757], [-74.23908803391481, 10.70054246733929], [-74.23853168795137, 10.699653464181267], [-74.23992346689647, 10.699040577310484], [-74.23993766028929, 10.697068017308425], [-74.2344416066943, 10.696279375810548], [-74.23334270481632, 10.694497159087405], [-74.2326226084225, 10.694824298825097], [-74.22989902749833, 10.691922161426248], [-74.22976774310649, 10.690996654299227], [-74.2250997383357, 10.688470943643722], [-74.21959205604009, 10.69292207067764], [-74.21992028902838, 10.6725134881886], [-74.21931640058898, 10.662992589942803], [-74.22150365721672, 10.661593181599926], [-74.22232630895837, 10.662847092395225], [-74.22336816866863, 10.66269601630529], [-74.2246292237711, 10.660423708016992], [-74.22440133268003, 10.659165490694761], [-74.2231156385663, 10.658496847146466], [-74.22372729115091, 10.657652971791038], [-74.23488450073683, 10.662916064199408], [-74.23977365563547, 10.663255245863127], [-74.24195034267717, 10.664167245012436], [-74.24687780536334, 10.662795588345716], [-74.25777184698882, 10.66500722616803], [-74.26138317522526, 10.670323215015742], [-74.2633076339988, 10.671263098791997], [-74.26292341526243, 10.67532803169263], [-74.26458627004371, 10.677390903893809], [-74.26202055558014, 10.680269415581847], [-74.26318390624118, 10.683283915244317], [-74.26424377179734, 10.68381006880702], [-74.26588335660097, 10.682367837740344], [-74.27055588798612, 10.684387585383604], [-74.27258585397385, 10.687975813424089], [-74.2731563591941, 10.692299562842436], [-74.27537514312019, 10.691439231236188], [-74.27684414490193, 10.692604153950242], [-74.27856008476891, 10.692646720653897], [-74.2778865651614, 10.696109341659735], [-74.28182586407786, 10.69820036079608], [-74.2822167069964, 10.700025912283081], [-74.28451620192016, 10.699402544759494], [-74.28557982872542, 10.700817632309906], [-74.28723184801908, 10.70124070411157], [-74.29051572659881, 10.704358996102997], [-74.29126514043355, 10.706080360001977], [-74.29333065278541, 10.704552878746938], [-74.3006363127584, 10.704571516109013], [-74.30275574293489, 10.702899388011645], [-74.31100162804421, 10.701075177710436], [-74.31224844214313, 10.701456296358288], [-74.31881563965169, 10.708887629841342], [-74.32698572306032, 10.722171270180354], [-74.3343067235756, 10.729699052259093], [-74.3410697863115, 10.738108371591522], [-74.343581936887, 10.743907859263288], [-74.34299263081118, 10.74857008965887], [-74.344409044276, 10.749939740385969], [-74.3449305050359, 10.753928117000441], [-74.34678981613649, 10.756982327620051], [-74.35008515183841, 10.759871207671381], [-74.35219138485456, 10.75985901123505], [-74.35570331801887, 10.76337971286182], [-74.36165109879761, 10.764101752313138], [-74.36484432741145, 10.76699014188398], [-74.3672164224377, 10.76799455888505], [-74.37353178603877, 10.76636780562717], [-74.37361847083781, 10.763989364896702], [-74.3732046310297, 10.765624258694174], [-74.37226775481537, 10.765961109227874], [-74.36885704389795, 10.765191916271363], [-74.37075499695959, 10.761963303888649], [-74.37552825831449, 10.757939335095898], [-74.37405011526909, 10.757349922120511], [-74.37463099334417, 10.757022936893122], [-74.37506264406363, 10.745110882253869], [-74.38809629204303, 10.73822017959418], [-74.39993762226356, 10.734883254556337], [-74.40065861517678, 10.733496359755293], [-74.40667507401037, 10.732099619410917], [-74.42189048272019, 10.73110362591899], [-74.42207478841726, 10.730509069186155], [-74.4207089959574, 10.730577514577135], [-74.42009069044451, 10.729797340605899], [-74.42622723526262, 10.728003392774099], [-74.42732627817622, 10.723017638362705], [-74.4303410931476, 10.72524471913539], [-74.43046138484652, 10.727466762151892], [-74.43199139935268, 10.728558484688392], [-74.45030753797613, 10.725729709164], [-74.45728552012008, 10.72668470620863], [-74.45797519683919, 10.729063729946176], [-74.45664871468745, 10.73229378682106], [-74.45637571196352, 10.736793163305606], [-74.45730158111184, 10.74239463967308], [-74.45920764956026, 10.745750831792463], [-74.46047413228797, 10.75054163636048], [-74.46241910590402, 10.760259712273353], [-74.46097865260475, 10.770255797225275], [-74.46139291012986, 10.77334708583777], [-74.46043879163824, 10.789221754286928], [-74.46171488095729, 10.801591977035628], [-74.46300082210792, 10.805179463067134], [-74.46476850228157, 10.806761151404544], [-74.46822184278477, 10.81379427308292], [-74.47196522526986, 10.818058506371301], [-74.4785006286802, 10.822584325685682], [-74.48025724878721, 10.832264839413313], [-74.48042093633552, 10.838204726689355], [-74.48282204337528, 10.841726616788208], [-74.48095122664336, 10.85910821392065], [-74.48479171978295, 10.98095583119499], [-74.46460396402807, 10.977903568124475], [-74.42912893877485, 10.974994616998742], [-74.3784340671308, 10.975011015757332], [-74.35084207739163, 10.976043709949465], [-74.3195975698307, 10.981175055333324], [-74.30303270543578, 10.98528651561287], [-74.29609319008125, 10.988608722641345], [-74.29352188719383, 10.990848938590545], [-74.29080054666974, 10.991505659688869], [-74.290124828883, 10.993110582071324], [-74.28767078408134, 10.994902397300905], [-74.26517064616132, 11.006524938168127]]]}}, {"type": "Feature", "properties": {"dpto_ccdgo": "47", "mpio_ccdgo": "605", "mpio_cdpmp": "47605", "dpto_cnmbr": "MAGDALENA", "mpio_cnmbr": "REMOLINO", "mpio_crslc": "1814", "mpio_tipo": "MUNICIPIO", "mpio_narea": 594.374970691, "mpio_nano": 2024, "shape_Leng": 1.23406839422, "shape_Area": 0.0491533973}, "geometry": {"type": "Polygon", "coordinates": [[[-74.48689943502052, 10.74914234390036], [-74.4826215922447, 10.746841926406091], [-74.47990252805334, 10.74652507238659], [-74.47896754369259, 10.747331622712238], [-74.47958782190739, 10.746215596236368], [-74.47727542986087, 10.7453595702587], [-74.47548743516921, 10.746353543437976], [-74.47513787526071, 10.745417964391947], [-74.47335562619821, 10.745730783175986], [-74.47235185957794, 10.748920794920252], [-74.47205994730217, 10.745464544771494], [-74.46896923361192, 10.74383712406484], [-74.46824431326121, 10.742160528642046], [-74.46752600541453, 10.742582577261771], [-74.46587661369517, 10.739931888392789], [-74.46681871002374, 10.734133097814208], [-74.47033714789421, 10.730679141964572], [-74.47117999288116, 10.726841723760572], [-74.47277506612699, 10.72596382468663], [-74.47253270675839, 10.72257180772516], [-74.47360596081626, 10.722577648575793], [-74.47300973591064, 10.71921117702641], [-74.42756103240151, 10.722543762299665], [-74.4287996278074, 10.720108385402796], [-74.42878477415235, 10.716585527817642], [-74.43388488419049, 10.711669065909177], [-74.43459075215719, 10.706063690850272], [-74.43686361021491, 10.702047140351056], [-74.43647085208664, 10.698503367274498], [-74.4395643173188, 10.694784762141296], [-74.4405422411844, 10.691153997939864], [-74.44187909439432, 10.689839370864433], [-74.44739236062219, 10.687943351877152], [-74.45015181220259, 10.686006492749527], [-74.45129079694044, 10.684019512979035], [-74.45049982341425, 10.672667199039381], [-74.44760810827756, 10.67111736498731], [-74.44693468838312, 10.669829108876343], [-74.44690329044232, 10.665885301311903], [-74.44786415079551, 10.66210392006002], [-74.44586680894992, 10.657903714244526], [-74.44232066342073, 10.658009325663386], [-74.4413651426579, 10.657373388004032], [-74.43970192226197, 10.652394685373224], [-74.4373043950115, 10.650312216408565], [-74.4374300361822, 10.647981077405404], [-74.44090140858248, 10.638851214317754], [-74.44067520273217, 10.63790672397704], [-74.43823467578972, 10.637742654644455], [-74.43852968276411, 10.634395568754371], [-74.4349266262214, 10.629220261582134], [-74.43480296493914, 10.627619127398304], [-74.44259348917649, 10.617574038410226], [-74.44452011558656, 10.60894439899397], [-74.45260758266926, 10.601096445414726], [-74.45320458461822, 10.596178140161896], [-74.45409962356143, 10.59456316023352], [-74.45697223780496, 10.592858927220618], [-74.46505294595812, 10.592647724145877], [-74.46961472306532, 10.589522145015053], [-74.47038586357087, 10.577185236315188], [-74.47343825510052, 10.574906843732606], [-74.48127501656069, 10.571369222323938], [-74.48260421971156, 10.567868809163997], [-74.48442312276183, 10.56563103663433], [-74.49065308256252, 10.563112907765856], [-74.49628674289733, 10.565376683848797], [-74.50177265360634, 10.55999226218654], [-74.50731703839875, 10.559529633039801], [-74.51026878080717, 10.556574221010521], [-74.51285369228367, 10.555373131196006], [-74.51425547487577, 10.556300743975726], [-74.51465611572695, 10.558687852557227], [-74.51462509777377, 10.560464050563212], [-74.51345850509028, 10.561198520013022], [-74.51990635233506, 10.562678507301143], [-74.52661742862574, 10.562781251295291], [-74.53352649735609, 10.565462137056613], [-74.53830393138878, 10.56002710157594], [-74.54118646034595, 10.56073598069787], [-74.54134647018856, 10.559913237328033], [-74.54084349856856, 10.558972283657397], [-74.5400195604384, 10.559417154893424], [-74.540548258032, 10.558606023156187], [-74.53973722780444, 10.558021752141542], [-74.53787994599969, 10.558129839319292], [-74.53615428096373, 10.560216056058323], [-74.53531168570856, 10.560141762630167], [-74.53518801903641, 10.5580409680191], [-74.5362298571871, 10.558521337110221], [-74.53941431374517, 10.55540155121929], [-74.53800485863616, 10.55424571407326], [-74.53700189690699, 10.550936623356677], [-74.52894127330296, 10.545825117281709], [-74.53956210918511, 10.53815724911101], [-74.53953926590754, 10.531760205229318], [-74.54025568010405, 10.53177520800483], [-74.53985895141909, 10.535342878981965], [-74.54156328055177, 10.5384703903905], [-74.54155043283635, 10.535326236779781], [-74.5401499788536, 10.535357721857281], [-74.54093425633238, 10.53452836328836], [-74.54223641388342, 10.535937267729707], [-74.54222526668019, 10.533473948713663], [-74.54157168339964, 10.532962937165507], [-74.54127202943658, 10.533582921631023], [-74.54021025495888, 10.53424274820776], [-74.54139704717596, 10.532634896416823], [-74.54337314384816, 10.532208293334975], [-74.54280558240941, 10.530318901224803], [-74.5447245866082, 10.529914103865508], [-74.54506501872777, 10.531231745689468], [-74.54463403366049, 10.532495364585827], [-74.54290146596435, 10.53314604001747], [-74.54594016176827, 10.532738856730873], [-74.54538596188172, 10.528981066155495], [-74.54622587656195, 10.52806584115342], [-74.54645541516459, 10.529315243300744], [-74.54572787801936, 10.53018811090675], [-74.54724424081724, 10.530572361982536], [-74.54813485016427, 10.529183241154442], [-74.54943545183204, 10.531518533072472], [-74.5485369929998, 10.53265987858481], [-74.54659584531163, 10.533081402587982], [-74.5477776698412, 10.53340600727796], [-74.55010580757062, 10.532443241596525], [-74.54973715844716, 10.533277166305652], [-74.55079406135718, 10.531972306620048], [-74.55300074676336, 10.531664905579817], [-74.5507068321786, 10.530921664074242], [-74.55357872956597, 10.53103827716916], [-74.55530754230125, 10.527772996425597], [-74.55919775004492, 10.523386911063369], [-74.56092184123133, 10.526822048091162], [-74.5629187141559, 10.526441498975657], [-74.56383451228362, 10.52735975309929], [-74.56244151522196, 10.531032562981125], [-74.56136216698837, 10.53213459638863], [-74.55916668987095, 10.530294555962882], [-74.55703311211573, 10.530279941259892], [-74.55415030827385, 10.533404690346686], [-74.56070488264595, 10.539602561401523], [-74.5632116550035, 10.538359330685125], [-74.56530913393021, 10.539120322016515], [-74.56615753679836, 10.54067966833668], [-74.56939791083249, 10.541115489039043], [-74.57401557487299, 10.539987398179278], [-74.57696640908387, 10.540622058433314], [-74.60758052608674, 10.539219930887839], [-74.62333931895841, 10.539707593406547], [-74.62416085768655, 10.539931633416984], [-74.62390408393941, 10.54093382708595], [-74.62559531742141, 10.543580180681943], [-74.62383418597142, 10.546867694746481], [-74.62451434233759, 10.54977960223016], [-74.62562161113078, 10.550825498074232], [-74.62769062062682, 10.550326180803722], [-74.62916411937846, 10.550992167133302], [-74.63504118921327, 10.559735833392722], [-74.63865383438093, 10.560207662193648], [-74.64395186499354, 10.559707775390791], [-74.64638347075982, 10.558653800990953], [-74.64878908195601, 10.558890811786057], [-74.6536148651524, 10.555374724808587], [-74.66002478639399, 10.556882433230157], [-74.6632261699205, 10.562269276752374], [-74.66820447369895, 10.563391419861887], [-74.66913216373388, 10.5656501986129], [-74.66839051224764, 10.576427474429806], [-74.67215037523806, 10.579897525407262], [-74.672827395583, 10.584237767009029], [-74.66895839258848, 10.595283503664234], [-74.6829809193971, 10.59669182420015], [-74.6845668576675, 10.595657126763342], [-74.68588107780579, 10.593029432987294], [-74.68946258105274, 10.591203564394789], [-74.70004470310852, 10.59289440800768], [-74.70357852014888, 10.59540567374188], [-74.70982795005057, 10.592706577318609], [-74.71938344334382, 10.59287276038873], [-74.72108838422974, 10.598062389412917], [-74.72614811586203, 10.601234491431057], [-74.72462793611942, 10.605296673688144], [-74.72422037913338, 10.613370491757564], [-74.72503565570071, 10.619733344834003], [-74.72665074612195, 10.62368272914415], [-74.73021942231469, 10.629513406347485], [-74.73359017703473, 10.632596390028539], [-74.73780853512164, 10.63301617758691], [-74.73980485019206, 10.634469319599646], [-74.74641286628133, 10.644485287877899], [-74.74705868002678, 10.649198856134603], [-74.74484338426169, 10.653375595241187], [-74.74135456836132, 10.656469156593175], [-74.73255625933626, 10.662459956826808], [-74.72363896476367, 10.666993424403586], [-74.72286992362262, 10.677056102418874], [-74.72518757620765, 10.688615020055408], [-74.72595769263296, 10.727769060757282], [-74.71230666081294, 10.72693267466235], [-74.70923166675436, 10.725751188797858], [-74.70352436067725, 10.725443552398815], [-74.70158304410569, 10.726394875331039], [-74.69988622399643, 10.725647094634724], [-74.69739249159392, 10.728451845596055], [-74.69451286868895, 10.72730328480958], [-74.69070403939168, 10.728125572733234], [-74.6859346156428, 10.724977739620158], [-74.68377687228889, 10.72746441934379], [-74.67988663220581, 10.726198911288918], [-74.66375426474406, 10.726441653340089], [-74.65461744869054, 10.729658684632966], [-74.6400010972767, 10.731874499624666], [-74.63586291568942, 10.72009760920406], [-74.63508291778805, 10.718838780128635], [-74.63363160474671, 10.71864185399005], [-74.63250395675675, 10.71971802218502], [-74.63079643500902, 10.724463452811847], [-74.62765471763123, 10.726005063679281], [-74.62426952876967, 10.7256283395933], [-74.62290253885459, 10.726379112580162], [-74.62095556738376, 10.724894705577356], [-74.61821768257391, 10.726780694866477], [-74.61646111097593, 10.724581118733113], [-74.61348616416694, 10.724800748011944], [-74.61048958231544, 10.723751622721863], [-74.60893985156969, 10.722290897125447], [-74.6036061128961, 10.723659211158349], [-74.60206622679544, 10.72330157898233], [-74.60053707467267, 10.728813611822318], [-74.59850088155844, 10.732622511188197], [-74.5975837620079, 10.733022349843168], [-74.59764453039037, 10.735690052817233], [-74.5953730099252, 10.737083525986293], [-74.59606962883032, 10.738088937423186], [-74.593490028198, 10.7407122456205], [-74.5906808826748, 10.73784635886551], [-74.58934260563399, 10.738858224702824], [-74.58722055956133, 10.735965581605797], [-74.57912620239489, 10.739081130140164], [-74.56420303294783, 10.741953759655019], [-74.56165235809073, 10.744019713978389], [-74.55719308872062, 10.744315190772056], [-74.53587404769422, 10.752048156309968], [-74.49806140029136, 10.75260647497538], [-74.48689943502052, 10.74914234390036]]]}}, {"type": "Feature", "properties": {"dpto_ccdgo": "47", "mpio_ccdgo": "660", "mpio_cdpmp": "47660", "dpto_cnmbr": "MAGDALENA", "mpio_cnmbr": "SABANAS DE SAN ÁNGEL", "mpio_crslc": "Ordenanza 006 del 24 de Junio de 1999", "mpio_tipo": "MUNICIPIO", "mpio_narea": 1237.56066435, "mpio_nano": 2024, "shape_Leng": 2.48256989107, "shape_Area": 0.10219757904}, "geometry": {"type": "Polygon", "coordinates": [[[-74.08871360064404, 10.069408436016204], [-74.0846521532095, 10.06524448084457], [-74.08581057660729, 10.063271842689005], [-74.08517871370935, 10.061544298375964], [-74.08244841697473, 10.058733637393686], [-74.08144196708457, 10.058967328911137], [-74.0783691963581, 10.056295218798823], [-74.07909959823309, 10.054486738909134], [-74.08015571601487, 10.054441990195869], [-74.08072101100231, 10.053507842167278], [-74.07848149663789, 10.052733535097786], [-74.07847494432099, 10.053738722854007], [-74.07715815589722, 10.053715017193099], [-74.07470321188129, 10.05290943435375], [-74.07336141434007, 10.050759595282386], [-74.07164665935187, 10.051451632775922], [-74.07014743911822, 10.050866366427158], [-74.06856016415361, 10.047464679093991], [-74.06706119904169, 10.04707560226467], [-74.06762346400927, 10.04572755334243], [-74.06696371828093, 10.044835663895128], [-74.06395922136716, 10.043714099301098], [-74.0617803487226, 10.04160133462932], [-74.0621541892142, 10.038900502659544], [-74.05899993314176, 10.034784027980095], [-74.05941273808986, 10.032488295203734], [-74.05683791560034, 10.028025002276252], [-74.05738033676744, 10.025863819270398], [-74.05493909027382, 10.020237308632659], [-74.0558401111033, 10.019375431922867], [-74.054344448201, 10.018759317402669], [-74.05454328415942, 10.016152592118715], [-74.05209333837365, 10.013101539079912], [-74.05109341744418, 10.010254520554156], [-74.04999584417556, 10.01038354298629], [-74.04880836205183, 10.011925440416462], [-74.04763246281453, 10.010827006561158], [-74.04569241017356, 10.010941021726182], [-74.04217167890232, 10.00950922370157], [-74.04120168896367, 10.006362107444659], [-74.03709107759272, 10.006383007664738], [-74.03720507658807, 10.00494877071219], [-74.03624632637917, 10.004819441055986], [-74.03663202194701, 10.003879728858067], [-74.03588357829352, 10.0037375829275], [-74.03666422298238, 10.00249876294265], [-74.03507196505888, 10.002740559965389], [-74.03456738814822, 9.998383455175656], [-74.05428248326166, 9.993004342560937], [-74.05639201130089, 9.985727487090514], [-74.06013186609903, 9.980820199683421], [-74.062333985365, 9.979913056830355], [-74.06992690793015, 9.988874650958167], [-74.07730917629158, 9.986639941686008], [-74.09221187221863, 9.985731567241771], [-74.09902908723967, 9.981840854644474], [-74.09965846000568, 9.980433045250322], [-74.0990976089875, 9.977644977813782], [-74.10513338700497, 9.966500466822822], [-74.10758673471344, 9.96620696722266], [-74.11189126106768, 9.96741424373954], [-74.12729498555723, 9.966959170328664], [-74.13030275323962, 9.965237387814398], [-74.13339624092964, 9.9607323447525], [-74.12535320904783, 9.952100846720384], [-74.12850328525599, 9.948028781190715], [-74.12989466534879, 9.948613477108779], [-74.13177609388765, 9.94811186374261], [-74.13219996069898, 9.950037247781609], [-74.1348023839476, 9.94512166981616], [-74.13974141335058, 9.949676184936777], [-74.13801776503396, 9.951841123801842], [-74.1380310592125, 9.953858940065686], [-74.1402217788484, 9.955053774905934], [-74.14195653394398, 9.953490950306161], [-74.14419011942283, 9.954735337155284], [-74.14512920459617, 9.956750683050132], [-74.14659357555894, 9.957685509307282], [-74.14750778007402, 9.962072543291242], [-74.15060697117235, 9.961429393052697], [-74.14934823462346, 9.965110684834201], [-74.15226030560063, 9.966097793980907], [-74.15636297136655, 9.965552606898825], [-74.15363963658098, 9.972981285858054], [-74.15431108826505, 9.974389293780064], [-74.15364196501605, 9.975686934598286], [-74.15447116188807, 9.976985761193589], [-74.15629710683743, 9.97672386524863], [-74.15751078116085, 9.974650983112326], [-74.15949943898562, 9.97546326289745], [-74.16091723406043, 9.974534995245335], [-74.16246380273384, 9.97783610711923], [-74.16325764278639, 9.977677001880863], [-74.16380561015649, 9.978810242786267], [-74.16520427738868, 9.978557560868524], [-74.16766457716466, 9.981579355755173], [-74.17146007365585, 9.980948619345497], [-74.17147101334808, 9.982228602864382], [-74.18444438881545, 9.981109130448374], [-74.18604940641939, 9.991858094938209], [-74.19213739186779, 9.987918875073547], [-74.19715505715845, 9.98744441330848], [-74.20085620172352, 9.991261791879083], [-74.20672282863484, 9.988289812207825], [-74.20673537631274, 9.989458409034341], [-74.20757591711919, 9.989582725188939], [-74.2100760392434, 9.988768442159142], [-74.21268022498805, 9.98536149698242], [-74.2133974656353, 9.985902356876352], [-74.21513759176224, 9.985353399561973], [-74.21690713324665, 9.987264134761972], [-74.2179072374326, 9.985050339184625], [-74.22275586121168, 9.986175991116454], [-74.22498463800491, 9.984005760271828], [-74.22814983107475, 9.984794206835147], [-74.22903685344596, 9.983382351425746], [-74.23002893387343, 9.98328438467604], [-74.22995009586464, 9.98100627506301], [-74.23127083418382, 9.979153353684126], [-74.23722951782389, 9.979028308995225], [-74.23879902140305, 9.977136615399502], [-74.24004072767724, 9.977319571825944], [-74.24217865507848, 9.975837073744628], [-74.24222945035666, 9.974517308301643], [-74.24550554592656, 9.972872763895396], [-74.24646861793371, 9.971326675821047], [-74.24819822028877, 9.971270930821674], [-74.2503324259668, 9.967837707206968], [-74.25065233605739, 9.965490382346104], [-74.2521726298861, 9.964425363151065], [-74.25139489035121, 9.963425008334923], [-74.25320323190027, 9.96092769614313], [-74.25264275368323, 9.959850619750739], [-74.25324889869245, 9.957431842835206], [-74.25219955690818, 9.956951225808893], [-74.25214109270627, 9.955119669977762], [-74.2543723811911, 9.953841039322754], [-74.25399982259643, 9.95102266899255], [-74.25512642225158, 9.95014408809675], [-74.25442212184635, 9.94819867610255], [-74.25562214535978, 9.947769128340838], [-74.25518132912214, 9.94514539883329], [-74.25793032520261, 9.942597393771337], [-74.25798553929724, 9.940814364970493], [-74.26030349820803, 9.938280871305153], [-74.26196507468563, 9.93136153482294], [-74.25953249694146, 9.928020494599537], [-74.26097919263862, 9.921811361357015], [-74.25698525365146, 9.908537928582746], [-74.2621610459143, 9.904374691165572], [-74.2606523861761, 9.899471437197292], [-74.26298779128194, 9.89944867207322], [-74.26440414186465, 9.898135460743788], [-74.26521967714689, 9.895798925556392], [-74.2643981006895, 9.892731711812758], [-74.26545652983845, 9.891005497905667], [-74.2653208329184, 9.888867375569873], [-74.2665261484114, 9.885089063863745], [-74.26549254692014, 9.88133964739012], [-74.26703014860323, 9.881090828231152], [-74.26856287422703, 9.879702349699016], [-74.27762621791322, 9.887719060023699], [-74.28548257434028, 9.885202012727689], [-74.29121329682056, 9.893038970919065], [-74.29364588624287, 9.893673873718399], [-74.30053465303166, 9.900518046304285], [-74.30173202920781, 9.909641107343134], [-74.30300750587537, 9.910179106998896], [-74.3067620580216, 9.915299931305753], [-74.30942067093605, 9.916532834083114], [-74.31003365572326, 9.918665600658926], [-74.3123776783745, 9.919801443087465], [-74.31339775032848, 9.92286736595105], [-74.3154092316679, 9.922891366259591], [-74.31768832673362, 9.924652235401311], [-74.32374285440261, 9.924690477611762], [-74.32813200571735, 9.930992641357534], [-74.33013015065745, 9.931230496569697], [-74.33153538996947, 9.93232026437056], [-74.33171899498012, 9.933514562916173], [-74.3332047593384, 9.933217228404999], [-74.33295328026577, 9.933744005398978], [-74.33443709168512, 9.934545590732114], [-74.33550946180003, 9.932635870629156], [-74.34918430707887, 9.935237383883702], [-74.35056993076279, 9.931824192715794], [-74.35025327976268, 9.926003331411437], [-74.35578079418059, 9.922290604858176], [-74.35551929439299, 9.920615138618587], [-74.35752165692668, 9.919197179151922], [-74.35876883304701, 9.913928445319073], [-74.36068656792526, 9.910296409102216], [-74.36266666300196, 9.913022990401828], [-74.36471074692395, 9.913971672285015], [-74.36515783430553, 9.915720636943092], [-74.3702802315637, 9.919687857317456], [-74.36965344594779, 9.922783605170537], [-74.36970149687062, 9.923508138347074], [-74.37082088933653, 9.92359675093229], [-74.37020826028242, 9.925604164696836], [-74.37115487873376, 9.925815339923815], [-74.37345446169246, 9.928739565116473], [-74.37735136189036, 9.93043627922441], [-74.37912673164897, 9.933127524365887], [-74.38183901265614, 9.934111401371638], [-74.38272682913873, 9.936344700287634], [-74.38222635214231, 9.937616600759213], [-74.38363617196768, 9.93832914770536], [-74.38370037820545, 9.939950161622278], [-74.3844261528547, 9.939333578181163], [-74.38460215901023, 9.940121406703042], [-74.3866164287225, 9.940154582411253], [-74.38731646661836, 9.93942766779901], [-74.38817171824763, 9.940493313120328], [-74.39047411473206, 9.940705090219012], [-74.39180347868148, 9.943894736348625], [-74.39314735582423, 9.944045716318726], [-74.39374826724446, 9.945454236280852], [-74.3964982918967, 9.94602176807507], [-74.39706406568655, 9.94930239744582], [-74.40029328173767, 9.951103462635274], [-74.40090405666757, 9.953345549776714], [-74.40243275963235, 9.954341483081521], [-74.40275337130771, 9.955715461895068], [-74.40327424906047, 9.955470831583625], [-74.40340236599008, 9.956911070185413], [-74.40507551996433, 9.957338452107251], [-74.40612176076172, 9.956513082959702], [-74.40861886095092, 9.957161005052797], [-74.40840450927863, 9.957698546567428], [-74.4105057422679, 9.95865642720645], [-74.41143381229045, 9.960299549578451], [-74.41112635824953, 9.961535812955958], [-74.41255991158363, 9.962512265379985], [-74.41531201763405, 9.96223284239153], [-74.41693646221978, 9.964062827966302], [-74.4219205340853, 9.965609460420126], [-74.4236103617028, 9.967607484087523], [-74.42732483188746, 9.968868549071487], [-74.4286198253684, 9.970195580094298], [-74.43054191528262, 9.969385343978104], [-74.43323517085531, 9.970939268062864], [-74.43408273469623, 9.973169281837272], [-74.43626625702439, 9.973558964131541], [-74.43850953173961, 9.977826436747478], [-74.43923862117487, 9.977128095770524], [-74.44061611060738, 9.977418509655251], [-74.44157918620783, 9.976226481154185], [-74.44341163496506, 9.97690138237175], [-74.44421599878956, 9.978522790649379], [-74.4436457873187, 9.980324859257848], [-74.44420008781657, 9.980862793336541], [-74.43934837742376, 9.983055079635562], [-74.44030516660882, 9.985453814222808], [-74.44131426832786, 9.998098120369662], [-74.44165876173406, 10.017303448102552], [-74.43733003834001, 10.015082153383219], [-74.42421213730302, 10.016499000734655], [-74.42001689198844, 10.02203454879259], [-74.41402488801134, 10.027696261739436], [-74.40968019076217, 10.029444051400162], [-74.40237515062728, 10.034143637368288], [-74.41450105298355, 10.04388801507531], [-74.41119379572996, 10.045782491654052], [-74.41145344588494, 10.04889656695019], [-74.40824950844603, 10.05274107196908], [-74.40702073882062, 10.063852319216835], [-74.40558796971641, 10.068031841306436], [-74.40601110889179, 10.069847107075248], [-74.40056437643847, 10.077108076725494], [-74.39842422031523, 10.083646192151889], [-74.39947907596309, 10.087931864649931], [-74.4045462267872, 10.092971267391135], [-74.40230161807278, 10.094420307693042], [-74.4019071351778, 10.095650956595591], [-74.40250025191006, 10.098315575650815], [-74.40432196758775, 10.100973749288698], [-74.39487023428399, 10.118465683880459], [-74.39123957967712, 10.121888904746527], [-74.38938786383835, 10.126568907425849], [-74.38638672842302, 10.125167487753401], [-74.3857632593897, 10.127321790557005], [-74.3933680118783, 10.129793813356741], [-74.39241935874122, 10.132148337322064], [-74.39375100980317, 10.138152432632523], [-74.39694691719535, 10.141591144958], [-74.39793801576337, 10.141128947901223], [-74.3986954551533, 10.142871844434751], [-74.39842405682174, 10.14472990867273], [-74.40068887315459, 10.14594988558116], [-74.40144797173417, 10.14736155324249], [-74.40180276433335, 10.146724483704986], [-74.40250206920331, 10.147321627587871], [-74.40246664411188, 10.148753914296378], [-74.40392247029285, 10.150110435236854], [-74.40591234982736, 10.151043550202075], [-74.40675732023004, 10.150575108950818], [-74.40703923604536, 10.151306719060756], [-74.40929004134358, 10.15070122443234], [-74.41406208458199, 10.15470318088984], [-74.4148436895706, 10.154287345023533], [-74.4157520999475, 10.155675460635962], [-74.41814951131522, 10.156304319565265], [-74.41807404558472, 10.159393836698598], [-74.41931293563823, 10.159286619090722], [-74.41992496012563, 10.161078251063827], [-74.42398679742934, 10.165085460873286], [-74.42539591477157, 10.167784164732495], [-74.4278624398774, 10.16934142336629], [-74.42708888380014, 10.170150765658036], [-74.42802289079316, 10.17215421874738], [-74.42976421617198, 10.171666115155517], [-74.43077289119088, 10.173110907321075], [-74.43063295421933, 10.174607338283522], [-74.43244487286273, 10.176991680051799], [-74.4334887088682, 10.176791922421216], [-74.43539094060895, 10.178213841664729], [-74.43648263619593, 10.18028907289738], [-74.44120660874853, 10.184197314334824], [-74.43975012410192, 10.185811430083163], [-74.44031777267725, 10.188121932971171], [-74.4424378451497, 10.190698200851159], [-74.44466950913062, 10.189802249218872], [-74.44730365910374, 10.191459090672879], [-74.44863030115567, 10.191225695599655], [-74.4491095266905, 10.192352124574768], [-74.45379494711364, 10.192711699808285], [-74.45452914706863, 10.194105734424909], [-74.45387691126211, 10.195078866672986], [-74.45567970660818, 10.1971408962537], [-74.4586703757438, 10.19840093356413], [-74.45855499244351, 10.199666632960373], [-74.45929277757767, 10.199959288143475], [-74.46015058581429, 10.202775288716055], [-74.46169680773767, 10.202951355058758], [-74.46329105093952, 10.201714029871766], [-74.46550613560032, 10.20289233659588], [-74.46505438685699, 10.20533618910423], [-74.45935558423912, 10.206013637945944], [-74.45639571027431, 10.216232207923213], [-74.45142847824047, 10.216563847325801], [-74.44878842094136, 10.214841303039577], [-74.454852780679, 10.248052218036264], [-74.45117130204778, 10.25062139011817], [-74.44315762533626, 10.248749343591612], [-74.43970521728505, 10.245613096958323], [-74.43897968607945, 10.253726633171368], [-74.43381168221629, 10.253464583614345], [-74.43248879692186, 10.256512804262854], [-74.43254066029778, 10.264347337001027], [-74.41725539763752, 10.263638774984656], [-74.41396499369034, 10.260299890719637], [-74.4147523541896, 10.257395996214655], [-74.41215362661302, 10.24947564106077], [-74.4096534649629, 10.246304397832773], [-74.40803213304207, 10.24595700286585], [-74.40634749858935, 10.243315492091426], [-74.39613990693186, 10.247650846854185], [-74.39010978561026, 10.239052453563318], [-74.38668910158862, 10.236415634693344], [-74.3859704191442, 10.231860924638113], [-74.38132075079955, 10.230274544396252], [-74.37886664940402, 10.227965383592334], [-74.37269152999852, 10.226196028059348], [-74.37229291574823, 10.22335235935401], [-74.37393136328382, 10.218059917165249], [-74.37582334164574, 10.216197971303814], [-74.37351735010066, 10.213113807235572], [-74.37036232866296, 10.212287872148977], [-74.36652416575504, 10.213587218869236], [-74.36544711271881, 10.213047695669559], [-74.36361233372986, 10.213938488273072], [-74.36116644384089, 10.21363843994925], [-74.35500235395926, 10.217433690301846], [-74.3481963660916, 10.216684031226805], [-74.34770391285366, 10.217164170349008], [-74.35122370538465, 10.2300538407315], [-74.34489244159033, 10.233463900369827], [-74.3446422578894, 10.24033938286152], [-74.34053873602835, 10.242861435574298], [-74.3554288501415, 10.257043849156105], [-74.35023605006182, 10.260612331312643], [-74.34214772508733, 10.26204585679892], [-74.34206715692187, 10.257500629367371], [-74.33927617804318, 10.254547633808158], [-74.33002484736096, 10.25086759877081], [-74.32832760863647, 10.248926466353964], [-74.3208827276498, 10.248914375918957], [-74.31534364202349, 10.247648018057077], [-74.30905292641677, 10.247803247061881], [-74.30754545065906, 10.248127354983126], [-74.3080730379341, 10.251912526230228], [-74.30747797455103, 10.25810190909715], [-74.30856086664124, 10.266745817364779], [-74.30499943177375, 10.26717443716609], [-74.29198255804909, 10.26067110184033], [-74.29293277695092, 10.26664711130104], [-74.29250422003173, 10.271098371285689], [-74.28165347184756, 10.271480867051991], [-74.27018357193674, 10.265721461341798], [-74.27109024766548, 10.268656083643862], [-74.26888767744487, 10.269379791267966], [-74.27179598537634, 10.274855664194035], [-74.2717744087243, 10.279174596841983], [-74.27319899596637, 10.282607757574567], [-74.27908186443096, 10.287642952603676], [-74.28245846718818, 10.289429469565505], [-74.29050495758656, 10.290390674872015], [-74.28939174912801, 10.298258227011445], [-74.2871504057922, 10.30312489256903], [-74.27859888034197, 10.301684491372043], [-74.27323889826482, 10.298286432337193], [-74.2705276628974, 10.301607176008872], [-74.2678965636054, 10.299209561621751], [-74.26509222766612, 10.299093937572763], [-74.26204719693771, 10.297128278434172], [-74.26459763374112, 10.292867553069755], [-74.26027006288649, 10.292868875390923], [-74.25665849120645, 10.291228989651415], [-74.2514650658988, 10.296562740901436], [-74.25186935570957, 10.297181642896192], [-74.24791808044415, 10.30161205835634], [-74.24600274856118, 10.306372075838453], [-74.24507454828284, 10.312552450392502], [-74.24069651632351, 10.313231264674528], [-74.23805494266702, 10.316711984052802], [-74.23652114625048, 10.317044315158682], [-74.23605628838175, 10.319496244426148], [-74.23109660579564, 10.32297119392075], [-74.23118601878036, 10.326098304680329], [-74.22890142602074, 10.33048667895173], [-74.22764947804586, 10.337292424274096], [-74.22928640293583, 10.337570775571521], [-74.22712924977554, 10.345928185713944], [-74.22883967128735, 10.346561243372207], [-74.21423750877472, 10.355176106388626], [-74.20880582940259, 10.359309255609674], [-74.20560196203235, 10.363184439018255], [-74.193734137778, 10.369517455427058], [-74.1892974844115, 10.380199613054288], [-74.18091562839578, 10.383720067644163], [-74.17939840680782, 10.382570473794317], [-74.1764505136835, 10.37570495632201], [-74.17165505314364, 10.369664710979066], [-74.16976618924326, 10.36581983226074], [-74.16570123478306, 10.363144959826684], [-74.160929246342, 10.35730883703178], [-74.15795863211105, 10.356290897679969], [-74.16331320632594, 10.344266946104824], [-74.16752765763658, 10.34151980774186], [-74.16991174967296, 10.331807384033254], [-74.16962849626509, 10.328175881416087], [-74.17069036057438, 10.324723792267037], [-74.17308954521792, 10.322770793095913], [-74.18139347232062, 10.319326725010455], [-74.18438729813869, 10.31310580676029], [-74.18466531705923, 10.31022380691121], [-74.18688653991325, 10.305679441863049], [-74.18634484368715, 10.301667002057854], [-74.18692539297854, 10.298755294898626], [-74.18605419264702, 10.298371328589099], [-74.18723419629009, 10.295909348962198], [-74.18814439072253, 10.296466728887367], [-74.18863265690959, 10.294853930070246], [-74.19022514929355, 10.294001297032082], [-74.18901058833228, 10.28851433978491], [-74.19046337640856, 10.283911929150122], [-74.1879808091756, 10.27237447407947], [-74.18802347110073, 10.26674508164399], [-74.19206854313296, 10.259658882066446], [-74.19215076330147, 10.258065979152093], [-74.19020557139464, 10.25517258596119], [-74.19157721368833, 10.25326591114947], [-74.19110488272878, 10.25167150894572], [-74.19219910168545, 10.249703788171928], [-74.19350388860744, 10.249071523726741], [-74.19559241401856, 10.245858853758023], [-74.19519347098463, 10.244124844264661], [-74.19719371888249, 10.240149497723792], [-74.19684599064033, 10.23769906055918], [-74.19804263918058, 10.235043856753975], [-74.20249824701466, 10.232029467584368], [-74.20296154540682, 10.229361932595452], [-74.20218898466368, 10.225819823200027], [-74.20566799634321, 10.224083648765145], [-74.20531958538095, 10.220530349047351], [-74.20436390831105, 10.218976000059115], [-74.20480451074945, 10.21486106329661], [-74.20901862070002, 10.211717271707244], [-74.2091966929824, 10.208837453867716], [-74.21037538059255, 10.205653524621084], [-74.21108832010276, 10.205544108833976], [-74.21049286415564, 10.203666108269033], [-74.21265265117842, 10.19987405681968], [-74.21302396470713, 10.196631658879596], [-74.210864625944, 10.192234836844534], [-74.20911924736339, 10.191069766806663], [-74.20611315144714, 10.189913499367265], [-74.2022593407728, 10.190193260122498], [-74.2002475522093, 10.18855603789001], [-74.19906530367456, 10.18906243838211], [-74.19687083087439, 10.187722592881585], [-74.19640330141385, 10.186318088392056], [-74.19548050899783, 10.187196174315716], [-74.19456422218622, 10.186552350340207], [-74.19233294987112, 10.1874893289625], [-74.188911787047, 10.191723421952474], [-74.18808966171855, 10.19124914434218], [-74.18598099336776, 10.192587129430251], [-74.18508460964546, 10.192343945407572], [-74.18128017131681, 10.198436904831738], [-74.17905685987807, 10.198585261719131], [-74.17712189619726, 10.197723095751599], [-74.17645923273858, 10.195830623315885], [-74.17554054921993, 10.195542836107165], [-74.17053282110084, 10.197952665795299], [-74.16690017672403, 10.195700312698591], [-74.16656802168808, 10.193435992236175], [-74.16495544116174, 10.1932151825701], [-74.16322491803282, 10.191045084676261], [-74.16155906557105, 10.190880385624155], [-74.16170077042847, 10.19258751570618], [-74.15990878811209, 10.194383335628515], [-74.15677332211538, 10.195039921081104], [-74.15454527924629, 10.197717163272728], [-74.14817841159561, 10.202245097222942], [-74.13311282762152, 10.208452493122309], [-74.12741288504066, 10.206563968785417], [-74.12679634471868, 10.20544412985646], [-74.12675764706205, 10.202923845029602], [-74.12748610228624, 10.202319478686036], [-74.12711747382406, 10.19919150913637], [-74.12627092957177, 10.197810003333018], [-74.1272377089291, 10.196488455631084], [-74.12651768260389, 10.194875405285472], [-74.1265438918715, 10.192238786740006], [-74.12714902088533, 10.191856111310528], [-74.12515981598614, 10.187063298107944], [-74.1271858311801, 10.186119025159712], [-74.12602943887475, 10.184924024131021], [-74.12575459909453, 10.182081699306366], [-74.12713840907844, 10.180120558697297], [-74.12535922327345, 10.179518536958483], [-74.11892447078105, 10.171555778594495], [-74.11802673958476, 10.171305045124143], [-74.11786509570538, 10.167177517564653], [-74.11586273856159, 10.168682831075728], [-74.11409384655968, 10.167823758908469], [-74.11627652087753, 10.164213175376005], [-74.1157945006816, 10.159983990784667], [-74.11420754461915, 10.15792264392411], [-74.11598053384034, 10.155475883566908], [-74.11489343763128, 10.155181281733007], [-74.11402711874888, 10.153447380037619], [-74.11500517915852, 10.150083439942705], [-74.112799010284, 10.147087653999165], [-74.11298281292414, 10.144100288869822], [-74.11167076311727, 10.142823394659615], [-74.1150451362542, 10.140592261583436], [-74.11392946461314, 10.139095049984348], [-74.11563160095648, 10.138503610408065], [-74.1145401479148, 10.136294497752033], [-74.11347875342477, 10.136819141245496], [-74.11284326672006, 10.134268814935012], [-74.11432252816883, 10.133020956094526], [-74.11388035008417, 10.132058222752505], [-74.11503448222646, 10.130238613625863], [-74.11347767544561, 10.127650065766147], [-74.11422969888838, 10.126372531954985], [-74.11403993412495, 10.123682210282368], [-74.11214835910692, 10.123193904569405], [-74.11107918520031, 10.12127300761881], [-74.1120720929768, 10.119567599608615], [-74.11016109007863, 10.118200848645586], [-74.10904857422173, 10.118547475552248], [-74.10847326660416, 10.120138971703796], [-74.10735973385351, 10.119452890045295], [-74.10734292815778, 10.117085663891771], [-74.109265416026, 10.11582981093727], [-74.10702529170499, 10.113696001416542], [-74.10853636791325, 10.112341442398247], [-74.10793099904907, 10.110576538021064], [-74.1060277324483, 10.110257764300286], [-74.10473872624345, 10.11136135987931], [-74.10359445940747, 10.110580082775982], [-74.10424333641049, 10.107544243616985], [-74.10278335012816, 10.106242162422745], [-74.10335516958469, 10.10493680327346], [-74.10276653455094, 10.102854637939629], [-74.10489030898361, 10.101457240926209], [-74.10311084290407, 10.099701803901326], [-74.10351311330044, 10.098048624881699], [-74.10157779298817, 10.098110819789952], [-74.10317447960949, 10.09647725370354], [-74.10119731214468, 10.09571378032507], [-74.10311949638208, 10.09296272710094], [-74.10162752016862, 10.092039446000967], [-74.10094593188677, 10.090131853110336], [-74.09965319677224, 10.090884427220828], [-74.09855292855565, 10.089478655207358], [-74.09872684612651, 10.087989596724299], [-74.10161726229825, 10.086923954097927], [-74.10143760897972, 10.085104086256251], [-74.09872042496374, 10.083081398424781], [-74.09750839276205, 10.081139753069522], [-74.09606063076382, 10.08247530821285], [-74.09470001260405, 10.08196347740045], [-74.09407134681277, 10.083477137165517], [-74.09078860999267, 10.082657971788251], [-74.08952989500335, 10.079161818442799], [-74.0910619019744, 10.077317222656632], [-74.090660757168, 10.076201916630225], [-74.09129222390862, 10.075222913887103], [-74.08882502955731, 10.072656858961693], [-74.08871360064404, 10.069408436016204]]]}}, {"type": "Feature", "properties": {"dpto_ccdgo": "47", "mpio_ccdgo": "675", "mpio_cdpmp": "47675", "dpto_cnmbr": "MAGDALENA", "mpio_cnmbr": "SALAMINA", "mpio_crslc": "1865", "mpio_tipo": "MUNICIPIO", "mpio_narea": 170.334795713, "mpio_nano": 2024, "shape_Leng": 0.55473049369, "shape_Area": 0.01407838243}, "geometry": {"type": "Polygon", "coordinates": [[[-74.72181202717508, 10.598802782358462], [-74.71938344334382, 10.59287276038873], [-74.70999730866771, 10.59269669224932], [-74.70357852014888, 10.59540567374188], [-74.70004470310852, 10.59289440800768], [-74.68946258105274, 10.591203564394789], [-74.68588107780579, 10.593029432987294], [-74.6845668576675, 10.595657126763342], [-74.6829809193971, 10.59669182420015], [-74.66895839258848, 10.595283503664234], [-74.6725596641773, 10.58560842205344], [-74.67255200603341, 10.581317549204016], [-74.67185640222533, 10.57943411203064], [-74.66839051224764, 10.576427474429806], [-74.66944222199282, 10.56839861797448], [-74.66899051367369, 10.565140103347062], [-74.65757493043986, 10.541295262731921], [-74.65725040570004, 10.535556461695819], [-74.6561634918491, 10.536235981155926], [-74.65910429366693, 10.5196127657469], [-74.65792529793441, 10.512988226033144], [-74.65903338778838, 10.506448868235736], [-74.66073907517489, 10.502184891865738], [-74.66279127538195, 10.49930436076329], [-74.67275143038881, 10.48965113428244], [-74.67413977507186, 10.486591088202147], [-74.67804827702088, 10.482832331038765], [-74.67845855231116, 10.479365012738583], [-74.68000897835344, 10.47734118404577], [-74.68045970121989, 10.477722505713018], [-74.68445061917038, 10.470642056256168], [-74.69379419073607, 10.46063975405923], [-74.70518568113482, 10.451322153707395], [-74.71140331873488, 10.450989607903978], [-74.71671203122304, 10.452632326932132], [-74.7233054092531, 10.45261746519219], [-74.7304484156395, 10.453788826137043], [-74.7310369644349, 10.451830040014215], [-74.73304966119588, 10.450782667338615], [-74.73407191336281, 10.449088279869102], [-74.73524054342698, 10.449192710002421], [-74.73865291622906, 10.45078575215581], [-74.7435668727341, 10.454977558716678], [-74.7500062129264, 10.456849713041095], [-74.75399804536255, 10.456018508432862], [-74.75401231780711, 10.45695486721712], [-74.75548026496591, 10.45820788957792], [-74.75737720742205, 10.4580458405581], [-74.75767797260198, 10.455962677195146], [-74.76176414438783, 10.45775661424716], [-74.76478427559329, 10.457192238236985], [-74.76819645974899, 10.458585923408634], [-74.772519224613, 10.45778839666724], [-74.77597661202975, 10.45901706568128], [-74.78123712088131, 10.45956982736385], [-74.7837362970788, 10.458641999886652], [-74.78892155669405, 10.45948034880206], [-74.79861125660108, 10.457404963059048], [-74.80069310123616, 10.45777350887613], [-74.80455894664993, 10.455856068645517], [-74.80755940832825, 10.453278727277905], [-74.80791042979683, 10.452038652345607], [-74.81091512883171, 10.45190005655985], [-74.81198153143345, 10.450920802288294], [-74.80997106519112, 10.475273211206343], [-74.80653309128144, 10.48293579727897], [-74.80198048957385, 10.488176771350822], [-74.80259169839036, 10.488598580120197], [-74.79839908963328, 10.496174784126254], [-74.79527723402225, 10.4996583161319], [-74.79483772124115, 10.499378751209576], [-74.78239088201911, 10.515258751164197], [-74.76706556344834, 10.528137217749531], [-74.74445104205375, 10.538210858813272], [-74.73891923997354, 10.542295216899106], [-74.7362417624231, 10.548723224835044], [-74.7357781702816, 10.554050097679408], [-74.7382098479132, 10.582076165387946], [-74.73578248758832, 10.584348444930129], [-74.73403245034092, 10.591604470249138], [-74.73234161032133, 10.594967839913409], [-74.72942616167592, 10.599173706916304], [-74.72707192786675, 10.601138484806881], [-74.72181202717508, 10.598802782358462]]]}}, {"type": "Feature", "properties": {"dpto_ccdgo": "47", "mpio_ccdgo": "692", "mpio_cdpmp": "47692", "dpto_cnmbr": "MAGDALENA", "mpio_cnmbr": "SAN SEBASTIÁN DE BUENAVISTA", "mpio_crslc": "Decreto 687 de Diciembre 13 de 1957", "mpio_tipo": "MUNICIPIO", "mpio_narea": 437.130679275, "mpio_nano": 2024, "shape_Leng": 1.36157888272, "shape_Area": 0.03602065362}, "geometry": {"type": "Polygon", "coordinates": [[[-74.14326010095289, 9.494080090708849], [-74.1401308126753, 9.493216577267276], [-74.13869438203506, 9.493781604556546], [-74.13727248884271, 9.492412339207021], [-74.13482672561622, 9.492146621825839], [-74.13290469588918, 9.48964712492949], [-74.13216470808419, 9.48626819643215], [-74.12293516066666, 9.485405362117547], [-74.12305376712476, 9.482969098582771], [-74.12078672656145, 9.480133966574385], [-74.11806161400852, 9.479296718994362], [-74.11740013812357, 9.479822409924282], [-74.11550203414487, 9.478474177745568], [-74.11549458890187, 9.479132504134611], [-74.11434574424754, 9.478948791326104], [-74.11428440273949, 9.48014630135134], [-74.11296221992814, 9.479824682663775], [-74.11262959327632, 9.480422665573826], [-74.11205589723767, 9.479460307727834], [-74.11134471573183, 9.480297506798763], [-74.11014773301804, 9.478678716213949], [-74.10495110880714, 9.475522605118897], [-74.10420518582833, 9.47670098460668], [-74.09976294673294, 9.475910135048025], [-74.0986948517039, 9.47693702522048], [-74.09741047002984, 9.476703047140177], [-74.09425204397445, 9.472166748969698], [-74.09174855855514, 9.46538046656184], [-74.08915944026478, 9.46429850602533], [-74.08441192195153, 9.459436429065875], [-74.0798358436536, 9.456960595609644], [-74.07743486686968, 9.453896820619605], [-74.07426860121058, 9.453506355892102], [-74.07376268221583, 9.451291652117277], [-74.0712355683907, 9.4507390548265], [-74.06952638924997, 9.449285648708837], [-74.06806500069632, 9.447220438191152], [-74.068084364796, 9.443909679301782], [-74.06567521962467, 9.441230373678309], [-74.06390219896241, 9.436981816902403], [-74.0611075441746, 9.436962563295594], [-74.0583902209197, 9.43261824603411], [-74.04937127829845, 9.4245231333839], [-74.0467114616406, 9.42318269409651], [-74.04457218676532, 9.423201639580952], [-74.04345448043858, 9.422053290797066], [-74.04125401587066, 9.422586938111806], [-74.03850559291578, 9.422045676670677], [-74.0359177116066, 9.424273539876594], [-74.03401152278383, 9.424034754907325], [-74.03263828597932, 9.420125201928613], [-74.02967942711155, 9.41894536716893], [-74.02724811509461, 9.419310354756362], [-74.0258418022949, 9.417984581375947], [-74.02365374526761, 9.417873723791672], [-74.02198904534526, 9.413645493211902], [-74.0197620723705, 9.413248636966046], [-74.01764117704062, 9.411305289301993], [-74.01645462018234, 9.411286518989186], [-74.01278636206769, 9.406237912102199], [-74.01084376809075, 9.405155134098152], [-74.01132691926654, 9.40358122427898], [-74.00993709775196, 9.402537337967829], [-74.00952420656552, 9.399914614574186], [-74.0083472670783, 9.398881721854252], [-74.00494490600812, 9.400176676707645], [-74.0040800962966, 9.397341868991248], [-73.99988394278455, 9.39480230540471], [-73.99891302398714, 9.396388774579918], [-73.99457694877492, 9.398312690770581], [-73.99230616223394, 9.397350102955727], [-73.9905773638717, 9.397668726657741], [-73.98827424693786, 9.396801122285183], [-73.98803356472524, 9.395657697171316], [-73.98592170286105, 9.393723340752103], [-73.98291340696886, 9.392784082203775], [-73.98310244768959, 9.390579145818776], [-73.97944643541871, 9.390357472871074], [-73.97809479323246, 9.389381325874524], [-73.9828449103739, 9.386553897824115], [-73.9849328410998, 9.384481508863246], [-73.98538266115872, 9.382739780140525], [-73.98726729758397, 9.381919725430464], [-73.98874567239488, 9.382582288277717], [-73.98968816128752, 9.381474075354447], [-73.99239865015431, 9.382165717588975], [-73.99379049377819, 9.38101441334544], [-73.99518204814433, 9.381072324184686], [-73.99571820535397, 9.381821012180183], [-73.99684888066884, 9.38169171037174], [-73.99845740440014, 9.38382259767053], [-73.99834110930908, 9.38527651403166], [-74.00013843031746, 9.385910309207361], [-74.00510261885665, 9.391675200035024], [-74.0073184751709, 9.392908481003417], [-74.01049011455632, 9.393007462850221], [-74.01027057690567, 9.394717825073144], [-74.01102203171445, 9.395339934055983], [-74.01518707564509, 9.395014160656899], [-74.01689361194013, 9.39596295303295], [-74.01842716491302, 9.394344765218136], [-74.02369248694174, 9.394068417165386], [-74.02259846112304, 9.394886954619722], [-74.02339078930976, 9.396193207593456], [-74.02586450094361, 9.396726950129676], [-74.02736504978662, 9.398100274969238], [-74.02969205923114, 9.398167576803928], [-74.03151289635576, 9.400478660004069], [-74.03610588365575, 9.398303517167562], [-74.03979967011446, 9.400167265050868], [-74.0432229143367, 9.398627051963217], [-74.04553294560884, 9.399983632192516], [-74.0517214050069, 9.40112281455987], [-74.05308730526468, 9.40068753374544], [-74.05413264864444, 9.402697031603111], [-74.0566451244103, 9.403701904050422], [-74.05937696535011, 9.402061021180202], [-74.06366461414336, 9.403223325303088], [-74.06542537818211, 9.401094866152505], [-74.06702251755473, 9.400612893567313], [-74.06788382024058, 9.396787829903303], [-74.07022317883514, 9.393642416853538], [-74.07715313161583, 9.392594638139144], [-74.08233171404822, 9.377142388415905], [-74.08436384407918, 9.37589383517718], [-74.08393328122042, 9.37452560199273], [-74.08525931511241, 9.37344808722213], [-74.08500097110891, 9.372421911210893], [-74.08711915172785, 9.37040370597623], [-74.08820337512236, 9.36793576332775], [-74.09137803823944, 9.366428080957348], [-74.09309315794394, 9.364242947050343], [-74.09606733759102, 9.363882571417207], [-74.09631488293792, 9.361817616021312], [-74.09931097071563, 9.356190549325902], [-74.10154963796805, 9.355968066097148], [-74.10139459311807, 9.355095822820715], [-74.10540689098929, 9.353881214248702], [-74.10815074510896, 9.350354085170977], [-74.11502135423643, 9.347748518714639], [-74.1159346766052, 9.345912705763965], [-74.11790328401685, 9.345370915214687], [-74.11744996591545, 9.344526958112453], [-74.12044042574348, 9.34300698408424], [-74.12129625768489, 9.34011800072659], [-74.12347599001782, 9.33859790183243], [-74.12400988975935, 9.332669591154684], [-74.12586901311192, 9.332559850177176], [-74.12685615819123, 9.33151835338657], [-74.1282717173575, 9.332576873265396], [-74.13308455402375, 9.332685393431461], [-74.13413472405534, 9.331334088113692], [-74.13601168526867, 9.331607432197757], [-74.13823284524062, 9.330769011417033], [-74.14160872575178, 9.335625683209173], [-74.1483133332689, 9.340294078747434], [-74.14892179413681, 9.3424507198676], [-74.1508501426186, 9.342691888069169], [-74.15144107015476, 9.344003073696001], [-74.15468981020581, 9.344675297033575], [-74.15837235962971, 9.343156115320085], [-74.15904668502668, 9.34055674634584], [-74.16128687222977, 9.338584073155914], [-74.16569562659629, 9.339897774067595], [-74.16964559660852, 9.338373978603101], [-74.17178303712245, 9.340978789575672], [-74.17492759677202, 9.34180614130662], [-74.17673386231286, 9.34030453155242], [-74.17720189213537, 9.336750053244032], [-74.17838313455621, 9.33661168832549], [-74.17919924925229, 9.335369159193874], [-74.18117965873955, 9.335489365552803], [-74.1860777168481, 9.333020566809125], [-74.19041923495695, 9.328740192578834], [-74.19342470744192, 9.32942939319048], [-74.19377141699368, 9.327255262756125], [-74.19661971382311, 9.325494398105945], [-74.19924114633659, 9.32081764463561], [-74.20174177870433, 9.318591002241192], [-74.20716086997436, 9.316915419220493], [-74.21079156410713, 9.317448958737316], [-74.21225035383259, 9.316516686392504], [-74.21423624125083, 9.318494745885118], [-74.21582056614568, 9.311124247259897], [-74.2137317173408, 9.307467794814158], [-74.21460355727334, 9.305303335649853], [-74.2124608086101, 9.302971957694638], [-74.21057776759409, 9.30286578482827], [-74.20993267429805, 9.30420204335303], [-74.20886031675957, 9.304529424737723], [-74.2049463557442, 9.301888089134934], [-74.20365441114774, 9.299804357137987], [-74.20333504813163, 9.293133248722768], [-74.20871926228295, 9.289078344621942], [-74.21220547396518, 9.288259294229135], [-74.21403214116066, 9.285400648799396], [-74.21712849897034, 9.284473042307923], [-74.22006222295636, 9.282393564735514], [-74.22117642135919, 9.275208878283308], [-74.22067431122423, 9.272496762566277], [-74.22291088270543, 9.270534278076411], [-74.22305097508564, 9.268532461718905], [-74.22831943223719, 9.264718449138286], [-74.23453583734772, 9.257949149394392], [-74.23659827925553, 9.249397162209789], [-74.24509155430303, 9.243280737873363], [-74.24802677218861, 9.239064261758472], [-74.25194154887487, 9.235982116206287], [-74.25618161476797, 9.230954343064013], [-74.2664573993896, 9.223005252577877], [-74.27233146166247, 9.222839998366567], [-74.27624375270835, 9.216028854165017], [-74.27787478823859, 9.214893124026048], [-74.28309382004386, 9.213979338126194], [-74.29070558658373, 9.210500304887091], [-74.29970953361595, 9.20405861290351], [-74.31093369379505, 9.209307182237126], [-74.31363676167337, 9.211972178585086], [-74.32814195636371, 9.219396097367849], [-74.33569912415538, 9.22477367925211], [-74.33839034504228, 9.22815245503574], [-74.34195954674993, 9.230749087739468], [-74.34889916990238, 9.23328126896513], [-74.35299359092403, 9.233303444793876], [-74.36000272307365, 9.231407505756692], [-74.37101806161365, 9.225345829288983], [-74.38390061194355, 9.219861676584344], [-74.38651179916303, 9.217762966964699], [-74.39328287667433, 9.214424823810418], [-74.39867658692407, 9.213296972801004], [-74.40303060779496, 9.213748526609777], [-74.40397913876109, 9.214473011277278], [-74.4086420689448, 9.219986070892446], [-74.41273242418822, 9.227333925666244], [-74.41461695730715, 9.232701990790815], [-74.41785264392843, 9.23618703915389], [-74.41041894158604, 9.23820942155794], [-74.40721643336798, 9.231454292748936], [-74.40301450458236, 9.226273153709258], [-74.3995998608375, 9.230034545633487], [-74.39605286011147, 9.230538341009208], [-74.3944341566633, 9.233464432902565], [-74.3903303850704, 9.236891452746988], [-74.38872430386033, 9.242680419341752], [-74.38584713515468, 9.244725765397732], [-74.38425087792837, 9.247879185138004], [-74.38035097555837, 9.249669895438956], [-74.37777724003121, 9.251837312757857], [-74.37764155838255, 9.253444382115504], [-74.37580791756, 9.256309304977435], [-74.36983706443311, 9.260290021651429], [-74.36268971019723, 9.267103258929183], [-74.35988796230635, 9.269158690378902], [-74.3573433412007, 9.26941712331569], [-74.34866582333825, 9.275920481997673], [-74.33618064578593, 9.28718347188584], [-74.31785889538241, 9.300597101244989], [-74.29309389262045, 9.321423831865673], [-74.28406328177272, 9.327555803357086], [-74.26203074967009, 9.338365313446957], [-74.24374878208897, 9.349673168829497], [-74.24376864565238, 9.35126061537244], [-74.24166719437227, 9.355779407160753], [-74.24156476119543, 9.358509046328038], [-74.24182595106402, 9.362577564407786], [-74.24431827490707, 9.369271625695148], [-74.24317969800467, 9.374113319864534], [-74.24343389538149, 9.377337331072738], [-74.24157004958175, 9.378529856342539], [-74.23858311564402, 9.38281518209061], [-74.2342698316071, 9.387020737377895], [-74.22979386523747, 9.399557282435751], [-74.22692899088463, 9.401705934831682], [-74.22509327315544, 9.404566966188725], [-74.21665581137933, 9.410004207035172], [-74.21184079629677, 9.414615320555413], [-74.20712114105095, 9.422832431704933], [-74.2058885886168, 9.428112973003294], [-74.20413438857304, 9.431718009434519], [-74.19810321891669, 9.43836297056589], [-74.1937250656847, 9.445922532369707], [-74.19110001385604, 9.452024096762841], [-74.19106531190897, 9.45507491264624], [-74.19029939690756, 9.456433915633795], [-74.19150457585653, 9.459164629187], [-74.19091375791493, 9.46518529932598], [-74.18891973085539, 9.470488085623458], [-74.18503001179562, 9.476664104243298], [-74.18643610181294, 9.483951682013469], [-74.18152613293256, 9.482038519563673], [-74.17469158041274, 9.483438513608576], [-74.17364090103598, 9.48397772958424], [-74.17001081685976, 9.489822248938765], [-74.16749319464157, 9.491207368667403], [-74.16522223921709, 9.491429217685038], [-74.16171600496949, 9.49013233504553], [-74.1542945385894, 9.491500814368578], [-74.15166168578457, 9.490849607133839], [-74.14326010095289, 9.494080090708849]]]}}, {"type": "Feature", "properties": {"dpto_ccdgo": "47", "mpio_ccdgo": "703", "mpio_cdpmp": "47703", "dpto_cnmbr": "MAGDALENA", "mpio_cnmbr": "SAN ZENÓN", "mpio_crslc": "1909", "mpio_tipo": "MUNICIPIO", "mpio_narea": 268.594497029, "mpio_nano": 2024, "shape_Leng": 1.11637018737, "shape_Area": 0.0221286727}, "geometry": {"type": "Polygon", "coordinates": [[[-74.18643610181294, 9.483951682013469], [-74.18503001179562, 9.476664104243298], [-74.18891973085539, 9.470488085623458], [-74.19091375791493, 9.46518529932598], [-74.19150457585653, 9.459164629187], [-74.19029939690756, 9.456433915633795], [-74.19106531190897, 9.45507491264624], [-74.19110001385604, 9.452024096762841], [-74.1937250656847, 9.445922532369707], [-74.19810321891669, 9.43836297056589], [-74.20413438857304, 9.431718009434519], [-74.2058885886168, 9.428112973003294], [-74.20712114105095, 9.422832431704933], [-74.21184079629677, 9.414615320555413], [-74.21665581137933, 9.410004207035172], [-74.22509327315544, 9.404566966188725], [-74.22692899088463, 9.401705934831682], [-74.22979386523747, 9.399557282435751], [-74.2342698316071, 9.387020737377895], [-74.23858311564402, 9.38281518209061], [-74.24157004958175, 9.378529856342539], [-74.24343389538149, 9.377337331072738], [-74.24317969800467, 9.374113319864534], [-74.24431827490707, 9.369271625695148], [-74.24182595106402, 9.362577564407786], [-74.24156476119543, 9.358509046328038], [-74.24166719437227, 9.355779407160753], [-74.24376864565238, 9.35126061537244], [-74.24374878208897, 9.349673168829497], [-74.26203074967009, 9.338365313446957], [-74.28406328177272, 9.327555803357086], [-74.29309389262045, 9.321423831865673], [-74.31785889538241, 9.300597101244989], [-74.33618064578593, 9.28718347188584], [-74.34866582333825, 9.275920481997673], [-74.3573433412007, 9.26941712331569], [-74.35988796230635, 9.269158690378902], [-74.36268971019723, 9.267103258929183], [-74.36983706443311, 9.260290021651429], [-74.37580791756, 9.256309304977435], [-74.37764155838255, 9.253444382115504], [-74.37777724003121, 9.251837312757857], [-74.38035097555837, 9.249669895438956], [-74.38425087792837, 9.247879185138004], [-74.38584713515468, 9.244725765397732], [-74.38872430386033, 9.242680419341752], [-74.3903303850704, 9.236891452746988], [-74.3944341566633, 9.233464432902565], [-74.39605286011147, 9.230538341009208], [-74.3995998608375, 9.230034545633487], [-74.40301450458236, 9.226273153709258], [-74.40721643336798, 9.231454292748936], [-74.41041894158604, 9.23820942155794], [-74.41786497511214, 9.236172178312302], [-74.41990887937095, 9.2379177688955], [-74.42478201460034, 9.245018081017406], [-74.43142547015412, 9.26007530975437], [-74.43190136203827, 9.262340557278947], [-74.43083861288778, 9.26866003516733], [-74.43122826374099, 9.270802554759939], [-74.43342376690958, 9.273327386862377], [-74.4355747791817, 9.27429169944395], [-74.43966226969542, 9.273969663937748], [-74.44484897020948, 9.269880700185809], [-74.44792464968316, 9.268960134695078], [-74.46278971515295, 9.271705351560172], [-74.4685661574261, 9.268791504612238], [-74.47513624571553, 9.26416845157405], [-74.47723588329558, 9.260090703297351], [-74.48679790105797, 9.250405979162622], [-74.49631308601403, 9.244697887058976], [-74.50303068228226, 9.238480498292404], [-74.51086493744077, 9.234050476294613], [-74.51423541817445, 9.233778475192992], [-74.51739568308267, 9.234846296235673], [-74.52017222512495, 9.237120192746659], [-74.52219926889074, 9.240734588732266], [-74.52422396356019, 9.242454404832813], [-74.52667060623799, 9.242719269712097], [-74.52940415757143, 9.241395389981847], [-74.5305606181488, 9.241968042177348], [-74.53058722357378, 9.24770910696975], [-74.53202545713418, 9.255733901240092], [-74.5299267394297, 9.25891731215836], [-74.52929890008909, 9.26218608016461], [-74.52714937183504, 9.259723465428351], [-74.52320342987173, 9.258131715053366], [-74.52145548659894, 9.259582474732099], [-74.52162012905711, 9.261674676052337], [-74.52061865404096, 9.264090233403294], [-74.52496654031188, 9.267253782554803], [-74.52735858244489, 9.271005777195342], [-74.52659542707028, 9.27278616135385], [-74.52453543487024, 9.273610248604484], [-74.52520105468687, 9.276846633217247], [-74.52473134321679, 9.278855560644274], [-74.52263321660422, 9.281224339986125], [-74.52071863122183, 9.282013247385578], [-74.51400899313506, 9.282022686890059], [-74.51258043443795, 9.288592032272163], [-74.511008085892, 9.29080682677693], [-74.51087487461234, 9.294149012353216], [-74.50972301341295, 9.294141143105094], [-74.51001265923747, 9.293426696220592], [-74.50931266176582, 9.293154219909809], [-74.50747416285031, 9.294678125867108], [-74.5069993345723, 9.292870063694352], [-74.50598022471473, 9.294115557268753], [-74.48109956915772, 9.293944478376432], [-74.47930087103089, 9.295801805995325], [-74.47896650074767, 9.298140989418243], [-74.48051827695895, 9.30228054902227], [-74.47676121671446, 9.305448840383974], [-74.47518784857982, 9.316322731883247], [-74.47126248434114, 9.31974205495618], [-74.47000591093718, 9.318285447240271], [-74.46998179384752, 9.319105870259932], [-74.46518105570118, 9.323436855613693], [-74.46251751372688, 9.323188269118589], [-74.45877066643698, 9.325144336937171], [-74.45148491584149, 9.324398330414965], [-74.44753930625512, 9.324779315213732], [-74.44374702124367, 9.32666758442889], [-74.43259416220212, 9.328940095736641], [-74.42409545773273, 9.32947608585954], [-74.41597819260994, 9.33212198221264], [-74.41238349669425, 9.331387107622334], [-74.41256227056141, 9.327584206312338], [-74.41128469632599, 9.326299857875995], [-74.40969862959639, 9.327418609842596], [-74.40969035700437, 9.32846945091626], [-74.4065400885566, 9.330032080581418], [-74.40634575675466, 9.331148096277502], [-74.40224403422053, 9.332477930944492], [-74.40009761324148, 9.335471619320174], [-74.39531424044173, 9.33929240969502], [-74.38488553189416, 9.3407765921188], [-74.381127400857, 9.339757178630464], [-74.3769795623727, 9.340663736679744], [-74.37209495474963, 9.337856970795656], [-74.36913256639832, 9.33895907966172], [-74.36781005480333, 9.341664086105993], [-74.36446749912085, 9.340733861023352], [-74.36406555840642, 9.34254624409607], [-74.35764576826529, 9.344878777285658], [-74.34971694917806, 9.34462078811697], [-74.3443610571336, 9.346598810778687], [-74.33935077600046, 9.345904028929738], [-74.33989144904461, 9.347453750692296], [-74.3388161333516, 9.352430230889297], [-74.33715076598043, 9.3542781971571], [-74.33272038016469, 9.356233410677248], [-74.33075461592313, 9.355765957573567], [-74.32684569356223, 9.359490924580655], [-74.31773393244032, 9.363123728857715], [-74.313802727351, 9.36271491782253], [-74.3114929089798, 9.36643865144174], [-74.30312169441538, 9.368549179306683], [-74.30215884339395, 9.369525791630906], [-74.29915239893108, 9.368924860447748], [-74.29801691223571, 9.371174203287524], [-74.2963307389677, 9.371060424379607], [-74.29429871044641, 9.372554382278167], [-74.29178651315851, 9.376651293431792], [-74.28892518625548, 9.377102739442648], [-74.28804109419104, 9.380968999878405], [-74.28488552837382, 9.384849631573502], [-74.28484602941933, 9.387372310412502], [-74.28067089021346, 9.391314073409774], [-74.28230081991671, 9.393860097684978], [-74.28265773793152, 9.396084891345083], [-74.28130144606166, 9.396203866112785], [-74.28137282894596, 9.398535737243492], [-74.28040914788056, 9.397928975989487], [-74.27889819114836, 9.39857143093144], [-74.28015930464136, 9.400451202975546], [-74.27933839024291, 9.400796228184845], [-74.27943357041636, 9.402783075902846], [-74.2779583037788, 9.40341363534435], [-74.2764473461483, 9.407375436178256], [-74.27776794163526, 9.408041684816112], [-74.2776727686483, 9.408696034360219], [-74.27537658491735, 9.40960023343166], [-74.27576919931505, 9.411610875743918], [-74.27402229269893, 9.412333616780074], [-74.27310420386544, 9.411872617178517], [-74.27199775433644, 9.413335984722323], [-74.2726877975685, 9.413930847780875], [-74.2722238011848, 9.41463278831003], [-74.27118873813339, 9.413502545983476], [-74.27045110391629, 9.415144375678778], [-74.26907101655394, 9.41432345858533], [-74.26647740309028, 9.415120580186226], [-74.26691760128654, 9.41607236485288], [-74.26600151300278, 9.416893276556436], [-74.26570075770428, 9.419688387688723], [-74.26219936268495, 9.422215628176389], [-74.26049449815594, 9.422572295561054], [-74.258962124672, 9.426664969358058], [-74.25652555660815, 9.42983441056424], [-74.25426030638863, 9.431328713416121], [-74.2535274359413, 9.432784942940941], [-74.24843538918753, 9.43403177859949], [-74.24613206923425, 9.435830651897902], [-74.24516232004424, 9.437728039020442], [-74.24618583344682, 9.43857440360955], [-74.24587608241194, 9.440702235735557], [-74.24486604015607, 9.442143229821056], [-74.24290834728379, 9.440881817188824], [-74.24255984109999, 9.443273790151522], [-74.24036796892466, 9.44522724027729], [-74.23802466223128, 9.445765929839752], [-74.23740516824631, 9.446452759795477], [-74.23775547106209, 9.447776880274432], [-74.23376240972965, 9.450359409416933], [-74.22933638972961, 9.460050476560923], [-74.22494165987257, 9.459199184708552], [-74.222799706219, 9.461197997995725], [-74.22043682072837, 9.460420276427158], [-74.21449511975231, 9.462596626600373], [-74.21200417302771, 9.465830971137507], [-74.20883743215944, 9.467705673984426], [-74.20458208680958, 9.472179116086068], [-74.20083071470197, 9.472793803182128], [-74.19750626368017, 9.474831530620122], [-74.19595663624074, 9.479194434937938], [-74.18643610181294, 9.483951682013469]]]}}, {"type": "Feature", "properties": {"dpto_ccdgo": "47", "mpio_ccdgo": "707", "mpio_cdpmp": "47707", "dpto_cnmbr": "MAGDALENA", "mpio_cnmbr": "SANTA ANA", "mpio_crslc": "Ordenanza 14 de 1918", "mpio_tipo": "MUNICIPIO", "mpio_narea": 1119.20752259, "mpio_nano": 2024, "shape_Leng": 3.19856821097, "shape_Area": 0.09225843464}, "geometry": {"type": "Polygon", "coordinates": [[[-73.96693342264683, 9.751588583065654], [-73.96144236458713, 9.748755766017553], [-73.95920857159729, 9.74873306018236], [-73.95290663871867, 9.745088752968911], [-73.95206167819754, 9.743611784920859], [-73.94902523806508, 9.745473038180648], [-73.9468253421312, 9.743133808045286], [-73.94532149826506, 9.742957707566518], [-73.94328902597567, 9.741248693715931], [-73.9408030280739, 9.740251370716294], [-73.93905148165567, 9.740963399334078], [-73.93923273667161, 9.739976721379094], [-73.93718185788737, 9.738533077261366], [-73.93464688828885, 9.741397757578], [-73.93134750387668, 9.740469801641552], [-73.9308536672321, 9.739363234433199], [-73.92630205816374, 9.739923394646382], [-73.92588274940778, 9.741345403721539], [-73.92449294136799, 9.741298061569978], [-73.92414903096886, 9.741949761081912], [-73.92193103037431, 9.741021807840411], [-73.91967396201693, 9.742277597912846], [-73.91249738466325, 9.739671812267432], [-73.90926540629044, 9.741209614274965], [-73.90652855723897, 9.741289538347814], [-73.90553859504064, 9.740424539091578], [-73.90590612126908, 9.739814540306725], [-73.9049439242217, 9.739703959403755], [-73.90546919563803, 9.738119444065887], [-73.90443869962519, 9.73746707261364], [-73.90294568316182, 9.733638923234196], [-73.90066821135309, 9.732152721396005], [-73.89483850702607, 9.732301080978345], [-73.89342687978893, 9.728970484576735], [-73.89121480628336, 9.728427409435596], [-73.89047031791517, 9.730066297145981], [-73.88901992295274, 9.729974428165292], [-73.88812082631614, 9.729017676709475], [-73.88648553366636, 9.731229811300523], [-73.88560899015124, 9.73121197972796], [-73.8837138712766, 9.729998780613755], [-73.88235514856365, 9.730691461301546], [-73.88280200507808, 9.729352127841139], [-73.88111612376275, 9.729669440900125], [-73.88045612021773, 9.728038873392507], [-73.87797878118391, 9.725933677033026], [-73.87700508030184, 9.726998647719029], [-73.87231129116685, 9.72790544292377], [-73.86756797158262, 9.727246846141611], [-73.86808554173587, 9.72532099497829], [-73.86586901797284, 9.724657080165457], [-73.86475309570164, 9.725564830280064], [-73.86413378407485, 9.725045334137292], [-73.86338273620322, 9.725980628417119], [-73.8608007101177, 9.726265876086472], [-73.85642532100411, 9.731542956173314], [-73.85358760184556, 9.7327788745975], [-73.85567928304084, 9.735265028806225], [-73.85454835979073, 9.738424887675592], [-73.850629545174, 9.739652502964987], [-73.84753869493977, 9.738777288059225], [-73.84461931167033, 9.739189716612941], [-73.8431583507151, 9.73746174200653], [-73.84082316300174, 9.736842840910128], [-73.83920027160434, 9.735146289397335], [-73.835565874613, 9.734387547449217], [-73.83484359890457, 9.73133811317581], [-73.83901967415568, 9.731024290074458], [-73.8358208553214, 9.7293653528493], [-73.83572694985833, 9.72733072100823], [-73.8338159586383, 9.72784817707543], [-73.83412106268452, 9.729170501820647], [-73.83293673544654, 9.728549230966621], [-73.83245765184563, 9.726124626675244], [-73.8342225265784, 9.726317268744822], [-73.83473730117231, 9.725620676789163], [-73.83410729868677, 9.724483282070594], [-73.83231736363257, 9.724061802983215], [-73.83343208934684, 9.722835877426235], [-73.83103796491736, 9.722809501071822], [-73.82934235933135, 9.724838976579008], [-73.82863242019653, 9.72292398336117], [-73.82950716887626, 9.720670714880498], [-73.82683731174046, 9.72066117835783], [-73.82509886726103, 9.719774449735894], [-73.82674404318345, 9.71920644183416], [-73.82923583522341, 9.716300736324115], [-73.82687400435577, 9.713962094585725], [-73.82374720531186, 9.716601009226906], [-73.8235620408247, 9.715295465024553], [-73.82524341618694, 9.714135822611922], [-73.82521938623393, 9.712441706433822], [-73.82429278136476, 9.71238689658145], [-73.82250402939275, 9.714023967896878], [-73.82202711971655, 9.713427088118863], [-73.82496898514052, 9.71029130591495], [-73.82225379628437, 9.709661021358158], [-73.8206673872964, 9.711371601871917], [-73.8194635657029, 9.70901306063746], [-73.81858461739586, 9.710984123146773], [-73.81757146966157, 9.710512096716343], [-73.81703881768095, 9.708218906174295], [-73.81857473142827, 9.708248939573139], [-73.81879912896846, 9.706820354824856], [-73.81796279856911, 9.705739000651647], [-73.81623600255324, 9.706995157236975], [-73.8154991337014, 9.706188317653584], [-73.81781239980944, 9.70514715323992], [-73.81808936590357, 9.704143709115044], [-73.81497386498, 9.704244148928694], [-73.81488714873984, 9.69960074004996], [-73.81273081394545, 9.700355190742584], [-73.81329213298625, 9.697944215701511], [-73.81258184260992, 9.697675957882666], [-73.81165468976798, 9.698650782558047], [-73.81200935929786, 9.696829040829243], [-73.81038742011543, 9.696427665155568], [-73.81193791442973, 9.69482284428284], [-73.81167986417557, 9.69367867626164], [-73.8130611840275, 9.693638667961977], [-73.81325475765078, 9.692827893754497], [-73.8090914420801, 9.692074682737939], [-73.81148373035171, 9.690250150839631], [-73.81440318907971, 9.690733072046498], [-73.8151238801587, 9.690019112049299], [-73.81460105485684, 9.68884951090547], [-73.80941570002011, 9.689326169053174], [-73.81100223477233, 9.686495337283475], [-73.81383636066687, 9.6872008198726], [-73.81465772332507, 9.686091229830879], [-73.81354349887107, 9.68500331705252], [-73.81167025668594, 9.686158084304225], [-73.81059720474923, 9.685403763867441], [-73.81089924913118, 9.684260780725026], [-73.81364941122581, 9.683509416646189], [-73.81325736815705, 9.682547773859824], [-73.81033757974711, 9.682571494792114], [-73.81065253203167, 9.681662357677567], [-73.8125018511634, 9.681419190722863], [-73.81353456511846, 9.679676943671836], [-73.81213698035702, 9.677866623132616], [-73.81001628984319, 9.676770585086103], [-73.8099035017778, 9.674587696969013], [-73.81068456777683, 9.673572490294475], [-73.81252492979974, 9.673777734839234], [-73.81410231430522, 9.676398313054221], [-73.81880121575654, 9.67852307832942], [-73.82150523944307, 9.684822818418638], [-73.82648391422606, 9.685933207961625], [-73.82886171266057, 9.684696476561442], [-73.83036388565893, 9.68239190884725], [-73.83252917127396, 9.683338939625628], [-73.83148162612173, 9.671935998392883], [-73.841678224188, 9.670895557123572], [-73.85140479098368, 9.673199011824238], [-73.85929946777469, 9.670287932587883], [-73.86426407672576, 9.672540457262926], [-73.86641150471706, 9.672065653239429], [-73.87951251741327, 9.668085974120459], [-73.8772474729081, 9.664537869364096], [-73.88381130083332, 9.659838519653078], [-73.88938496533746, 9.667139147259832], [-73.89853541603117, 9.670607379147384], [-73.90318955888779, 9.670573971673662], [-73.91312545217613, 9.662211444723312], [-73.92723100673936, 9.663217401438033], [-73.92841499441386, 9.681073133348548], [-73.92981959232833, 9.68797696938816], [-73.93192892363635, 9.692675215068789], [-73.93424846627823, 9.69188266859129], [-73.93248400656745, 9.704228467026269], [-73.9407976471611, 9.70608845905042], [-73.94715081459441, 9.706315626098785], [-73.93707960167882, 9.71855606913499], [-73.94476649258911, 9.718579261857485], [-73.94492133441969, 9.732258851143172], [-73.9598141111415, 9.732216402118922], [-73.95967998717282, 9.718539465560355], [-73.963973685226, 9.718089210716528], [-73.96449860809577, 9.719735897606427], [-73.97155879873014, 9.717797523019783], [-73.97910996127939, 9.71367354470675], [-73.9794599505829, 9.720732945721352], [-73.9854745058849, 9.720480581807522], [-73.98549306778841, 9.71033993894656], [-73.98332168260771, 9.6948983064201], [-73.98404399514709, 9.684964131610286], [-73.98617189464687, 9.682330311319163], [-73.98983481496782, 9.681252060827717], [-73.99391269080536, 9.683982566869929], [-73.99463284738636, 9.682157724154308], [-73.99610423240046, 9.682507178959781], [-73.9971763707498, 9.680079362290371], [-73.99712904476797, 9.677064127805409], [-74.00028019985365, 9.675366740858749], [-74.0030798771262, 9.671590339870818], [-74.00538325008011, 9.670114914231362], [-74.00153742812995, 9.66553019593016], [-74.00350521807405, 9.662499492443658], [-74.00683132559061, 9.66507099835053], [-74.00975808942434, 9.665198487357259], [-74.010494016841, 9.663865567873074], [-74.0118214539026, 9.663913406793313], [-74.01716248241053, 9.668579946410773], [-74.02031226486935, 9.67489652543344], [-74.02368735486243, 9.672072215437822], [-74.03275542279243, 9.67526312729467], [-74.03340718518643, 9.673077066325561], [-74.04092431144073, 9.672347796328722], [-74.04564258777157, 9.670475560257557], [-74.0500408516038, 9.670237803860118], [-74.0615563311701, 9.667413513627537], [-74.06189224116696, 9.665477427051655], [-74.06371550194814, 9.664922034201481], [-74.06572835411777, 9.65330321505752], [-74.0656005264459, 9.645876224033998], [-74.06432126876632, 9.63816355594605], [-74.07196549325988, 9.637401866623122], [-74.07238126804071, 9.634545327744434], [-74.0817525301971, 9.6341325461525], [-74.08579853917291, 9.63541783422744], [-74.08961993770765, 9.623229750437588], [-74.08888423666656, 9.621388909612278], [-74.09137876138385, 9.619357447030097], [-74.09548844030274, 9.6185319566099], [-74.09547239727732, 9.617833694684805], [-74.09787110042345, 9.61819851698209], [-74.09891040083141, 9.616690812153763], [-74.09921401636808, 9.614119903627056], [-74.1009088862333, 9.612183657150979], [-74.11513992655853, 9.605770774161556], [-74.11613097212592, 9.603009321133129], [-74.11585882010718, 9.600613032660362], [-74.11090081377876, 9.592123367046554], [-74.11755211971604, 9.588440762825428], [-74.12949405414207, 9.57986212889324], [-74.13036078804646, 9.576830669923027], [-74.14161790564299, 9.580264333712591], [-74.14553603125131, 9.584188342392395], [-74.15007167095615, 9.578206443571958], [-74.14889520937311, 9.57273167198133], [-74.16087575162419, 9.575656718234825], [-74.16043146878508, 9.57343110980213], [-74.16598353597595, 9.572977341644389], [-74.16729191167036, 9.569430408292078], [-74.17223416423116, 9.563527346582134], [-74.17307245475604, 9.55583416656151], [-74.18388851806117, 9.565342205413799], [-74.1832833468265, 9.567095905095528], [-74.19771979968158, 9.567792614730593], [-74.19978718502227, 9.562699710983338], [-74.2018043320407, 9.5605984070271], [-74.20777805528718, 9.559394619569616], [-74.2134615658718, 9.55299378120111], [-74.2251316671813, 9.545621149973726], [-74.22896723036268, 9.541764523078712], [-74.23048796885786, 9.538586827246831], [-74.2341841601085, 9.534006332827516], [-74.24202910612576, 9.527866906211614], [-74.24642992476868, 9.520918988907567], [-74.24920951928874, 9.518884882581347], [-74.25931773204377, 9.522723165863624], [-74.25963138177008, 9.526198454023358], [-74.26465622280898, 9.527957229190463], [-74.27142681882287, 9.521395251796207], [-74.27930228063462, 9.517641577304744], [-74.2775797417383, 9.509131192032385], [-74.27105103527373, 9.50161651907905], [-74.27176406281893, 9.492516322877293], [-74.27288702159939, 9.490632547937082], [-74.2720533556053, 9.489974253887453], [-74.27137174127228, 9.485286708947001], [-74.26909711622699, 9.48152504213806], [-74.2699340440065, 9.478402151667012], [-74.27380138781137, 9.475965368007337], [-74.27614515803577, 9.47095660143492], [-74.27727540036238, 9.463592172730955], [-74.27705554560617, 9.460044047313318], [-74.27806559325194, 9.456964506877512], [-74.27772759017887, 9.453718483334], [-74.2856008439299, 9.452256686944907], [-74.28474495180131, 9.448446052032523], [-74.28413521981633, 9.435371262976957], [-74.28460748789371, 9.435068990422792], [-74.28689276427184, 9.43747431415784], [-74.29169877463477, 9.434755012811081], [-74.29253887796136, 9.437806002069465], [-74.3020103706238, 9.431338541891478], [-74.30321171106851, 9.434828497754836], [-74.30618858386697, 9.430110537631265], [-74.30651555022973, 9.431612960361463], [-74.30833101542464, 9.430871977222353], [-74.31808198497447, 9.425247694408256], [-74.32106146109277, 9.421671919722428], [-74.33284981492386, 9.417052818376362], [-74.33538155687296, 9.417744324965156], [-74.33431050907922, 9.418642174739148], [-74.34106544115701, 9.426146808112833], [-74.3418312483605, 9.42838574216512], [-74.3447771795627, 9.42944686356708], [-74.34881992765139, 9.42887538816558], [-74.35226895893277, 9.429324882135745], [-74.3628326682055, 9.435963986246804], [-74.39101953268136, 9.435304616912958], [-74.39408466143357, 9.43184485614529], [-74.39468810430827, 9.427771323665581], [-74.39932404818103, 9.420070800809924], [-74.39942464340339, 9.418176656608125], [-74.40371577586609, 9.41013454460193], [-74.4071383903688, 9.408699274586013], [-74.41050292155563, 9.404935734788182], [-74.42607121663809, 9.398139087610332], [-74.4321891483487, 9.394150879879248], [-74.43711641430366, 9.39348636409295], [-74.43587113812168, 9.398551272720397], [-74.44744264386031, 9.397573638112533], [-74.45095343077338, 9.39613090219234], [-74.45158603029046, 9.398492017102058], [-74.45578043567957, 9.395687719790317], [-74.4603410189248, 9.396441310794557], [-74.45891436825087, 9.40239428473808], [-74.46427784837056, 9.402724626074018], [-74.47548154760614, 9.401303077834996], [-74.47617816830791, 9.397829070673879], [-74.47663657716606, 9.368373911566835], [-74.47956486813695, 9.367107663299578], [-74.47969876303512, 9.303132216370727], [-74.48054567110535, 9.301695095823789], [-74.47901315389083, 9.299062419088955], [-74.47930087103089, 9.295801805995325], [-74.48109956915772, 9.293944478376432], [-74.50598022471473, 9.294115557268753], [-74.5069993345723, 9.292870063694352], [-74.50747416285031, 9.294678125867108], [-74.50931266176582, 9.293154219909809], [-74.51001265923747, 9.293426696220592], [-74.50972301341295, 9.294141143105094], [-74.51087487461234, 9.294149012353216], [-74.511008085892, 9.29080682677693], [-74.5126232122459, 9.288466050639727], [-74.51393562317577, 9.2821172292592], [-74.51537129294235, 9.281527773164612], [-74.52011964399452, 9.282140566610565], [-74.52263321660422, 9.281224339986125], [-74.5251619860257, 9.277579270102422], [-74.52459637123775, 9.273430678829357], [-74.52649450036932, 9.27286337969889], [-74.5273593010977, 9.27157180341203], [-74.52496654031188, 9.267253782554803], [-74.52061865404096, 9.264090233403294], [-74.52162012905711, 9.261674676052337], [-74.52145548659894, 9.259582474732099], [-74.52320342987173, 9.258131715053366], [-74.52714937183504, 9.259723465428351], [-74.52920556595501, 9.26224792922119], [-74.5299267394297, 9.25891731215836], [-74.53202545713418, 9.255733901240092], [-74.5357906686981, 9.264562168205487], [-74.53852998901687, 9.267563151805405], [-74.54747746161718, 9.274459951335814], [-74.55500801410244, 9.287482205075037], [-74.56108454422525, 9.293444738897449], [-74.56266355558097, 9.304163740955403], [-74.56344282943957, 9.305492670119918], [-74.56243368999128, 9.30617159040321], [-74.56431139141705, 9.312005311999428], [-74.56620223071428, 9.314883637736102], [-74.57789063431397, 9.32050775975165], [-74.59275798869294, 9.323815476044729], [-74.60089385075355, 9.328993014633909], [-74.61561707122866, 9.341334835325654], [-74.61603592543673, 9.342664025001795], [-74.6149821935822, 9.346347020888686], [-74.6149104361001, 9.35084869885884], [-74.6132614477246, 9.356550965383235], [-74.61358043883786, 9.36120678898908], [-74.61560552966466, 9.367257408983505], [-74.62150976457531, 9.374760943716751], [-74.62542058238301, 9.37748234802126], [-74.63010737992454, 9.379351255831693], [-74.64923514166412, 9.381968562379825], [-74.65591640105015, 9.383921086341786], [-74.65498479435746, 9.389413876354752], [-74.65336644304915, 9.388870375411841], [-74.65293693660999, 9.39147216624599], [-74.64917792791806, 9.390096798635852], [-74.64748559399897, 9.387763029363441], [-74.64542285564687, 9.386612672843341], [-74.64467604423356, 9.387065340563936], [-74.64288300909084, 9.384048534025965], [-74.64111695576747, 9.385154935045932], [-74.6413816293055, 9.386388479220898], [-74.64334320290288, 9.387458761649441], [-74.6437912002786, 9.38895966981886], [-74.64522659695712, 9.390033793446548], [-74.64347843988509, 9.390140804441785], [-74.64099354062381, 9.38875584641005], [-74.63879094075878, 9.388933013189842], [-74.63823300208105, 9.389871468643662], [-74.63883003906437, 9.391467836362835], [-74.63628127582365, 9.392968216322458], [-74.63427228820944, 9.391795742364138], [-74.63292601435967, 9.393670367955906], [-74.62989565762314, 9.390638812865859], [-74.6278873509325, 9.39026814612464], [-74.62628817687414, 9.394657033334454], [-74.61798558107574, 9.405204810972975], [-74.60993538692048, 9.412809157422657], [-74.60914802282798, 9.418129991786884], [-74.61063839105577, 9.421483512314524], [-74.60962874316061, 9.425171933131764], [-74.60477884916276, 9.429904534907791], [-74.60171230915608, 9.43146669475368], [-74.59736060683878, 9.437655617682879], [-74.59540363711085, 9.438495860248395], [-74.59582293868027, 9.446233137703132], [-74.59887626625522, 9.458287809888873], [-74.59630558230754, 9.463738736579614], [-74.58708176165447, 9.472924007798156], [-74.58187753319862, 9.47635986078376], [-74.57977910205693, 9.484790197117377], [-74.57581143072792, 9.489673670167292], [-74.57404577266362, 9.490306457432439], [-74.56968185774025, 9.488421786871186], [-74.56445228060352, 9.491435743950774], [-74.56195828229949, 9.490608023011987], [-74.55900368594115, 9.488332258902005], [-74.5571699229476, 9.488274127076977], [-74.5518968143158, 9.50144071234962], [-74.56005436441961, 9.508789213910973], [-74.56017311281164, 9.512464627112536], [-74.5580337660711, 9.512536971194947], [-74.5563984060476, 9.510840160967177], [-74.54183230822747, 9.51018650312642], [-74.5423049814454, 9.511164790810028], [-74.54101891722547, 9.512414007904226], [-74.54220081541695, 9.513080790141771], [-74.542317076372, 9.514986068970416], [-74.5405287151674, 9.516133717966113], [-74.54004800202131, 9.515412976581388], [-74.53926833380194, 9.51607866736498], [-74.53820283490614, 9.515579516282969], [-74.53659487262235, 9.516754506424434], [-74.53691021657266, 9.520072609945373], [-74.53593110962487, 9.519565881567928], [-74.53553630064118, 9.520817921171044], [-74.5331263936979, 9.522174411568699], [-74.53276355667896, 9.526287820295636], [-74.53144373823534, 9.5270206296575], [-74.53154784227996, 9.526139945803948], [-74.53040737711729, 9.526515125684739], [-74.53147936365127, 9.527764847632568], [-74.53113770443207, 9.52945433927988], [-74.52960121127091, 9.530287279434617], [-74.52975060212003, 9.531132333380697], [-74.52807544220616, 9.53222436493786], [-74.52807809223839, 9.533008892148473], [-74.52716805860445, 9.532218813344969], [-74.52737098908716, 9.533378642607317], [-74.52632672458498, 9.533365387056449], [-74.52567063859607, 9.534863725143794], [-74.52682490099414, 9.535608722857148], [-74.52603056956275, 9.536886596231739], [-74.52679587460756, 9.537779065092934], [-74.52571484562475, 9.538961444781819], [-74.52758625344859, 9.540545537911157], [-74.52826556988924, 9.54610675984037], [-74.52923901205634, 9.547053984655008], [-74.52866078670843, 9.548618478325864], [-74.52979628867513, 9.551677155372545], [-74.52935417616754, 9.55272094736057], [-74.53025150671488, 9.553209995082511], [-74.5295744737935, 9.557558759906556], [-74.5284384364304, 9.558406757634089], [-74.52754567202328, 9.56119439657391], [-74.52592160922183, 9.56071840318009], [-74.52571214798178, 9.561514165628864], [-74.52458070101346, 9.561495486944295], [-74.52361329014002, 9.563744930395444], [-74.52088354497141, 9.565862864875783], [-74.52160433756018, 9.5660227408693], [-74.52100306861018, 9.567287213165798], [-74.51963415629882, 9.567448910045812], [-74.51748688191964, 9.573143044115454], [-74.51586722715479, 9.570957617357351], [-74.51426064198944, 9.571456360603918], [-74.51357981907279, 9.573405885987142], [-74.51430290955386, 9.574407969163246], [-74.51309025392084, 9.574399942709817], [-74.51333492465648, 9.577590100879547], [-74.51273813740505, 9.577523984821937], [-74.5122216200781, 9.578950201609246], [-74.5108350926883, 9.578389797054115], [-74.5106858096371, 9.579454462312697], [-74.50997399661514, 9.578803503911502], [-74.50988235760332, 9.57960040722162], [-74.50918880375241, 9.579123653852378], [-74.50892991267443, 9.579888160294331], [-74.50739974275962, 9.579966479076461], [-74.50813251618882, 9.581016322121002], [-74.50730661883148, 9.58135707224443], [-74.50795253857825, 9.58177335098054], [-74.50766252624078, 9.58358042320907], [-74.50424886076206, 9.591924855380228], [-74.5040701210309, 9.595741267362826], [-74.50507197423809, 9.600669475651273], [-74.50425180274692, 9.60293523431767], [-74.50309267057781, 9.60338218425693], [-74.50154795063872, 9.608590558441108], [-74.50012917729782, 9.61005663440767], [-74.4981851918294, 9.60964327519855], [-74.49712366079535, 9.61035345238713], [-74.49675792670735, 9.609562617201561], [-74.49482972285438, 9.609661490352096], [-74.49331096604436, 9.610875937227263], [-74.49028404536654, 9.611013905988386], [-74.48965231901263, 9.612162302383013], [-74.48911739069928, 9.611659062166552], [-74.48795804922247, 9.612616021133363], [-74.4855616843929, 9.612748228994008], [-74.48477341928941, 9.61386211208793], [-74.48525566316601, 9.615212987112272], [-74.48358619677896, 9.616293837330204], [-74.48175497332477, 9.61608020700561], [-74.48031181968759, 9.617129546993226], [-74.4804608107861, 9.617921502378806], [-74.47927680424692, 9.618267840027784], [-74.47863589171357, 9.620638584885057], [-74.47710845537438, 9.620990398668368], [-74.47676749235, 9.619046276655922], [-74.47126808444307, 9.615498871687691], [-74.46543708743928, 9.614234635648245], [-74.46403530215224, 9.612255049018415], [-74.45847168171935, 9.611008057951267], [-74.45588562758485, 9.609113276843402], [-74.45295493002538, 9.608668454116412], [-74.44802306109926, 9.609643119789894], [-74.44129087977245, 9.60803740599107], [-74.43484064570208, 9.601299451187344], [-74.43022487800664, 9.5977517389951], [-74.42366482211031, 9.595567722593103], [-74.42215955620998, 9.59381248140113], [-74.42088695505197, 9.590018380893014], [-74.41124918140292, 9.588829298868461], [-74.40901234581685, 9.591268136078554], [-74.40762073755178, 9.591174217140747], [-74.40522468443783, 9.594414831025233], [-74.40247514218123, 9.596020717300746], [-74.40008609503377, 9.599040367008854], [-74.39497734229735, 9.600004163058713], [-74.39429155079495, 9.60108265879046], [-74.39339407561869, 9.60013371998889], [-74.39301151786862, 9.601732360447556], [-74.3891667469482, 9.603882752881589], [-74.38677348400375, 9.602130403368847], [-74.38493249944787, 9.597442091266487], [-74.38291484038933, 9.594856374898825], [-74.38080290037163, 9.594128017591117], [-74.38032884464542, 9.591336453908639], [-74.37063436030735, 9.589217641773587], [-74.36907813294033, 9.589019371754262], [-74.3683316197679, 9.589748724396145], [-74.36238815719418, 9.584726803782587], [-74.36002352897049, 9.581833739375327], [-74.36267537576884, 9.578213813356456], [-74.36125605894671, 9.577010646635301], [-74.35987732983813, 9.577207313160557], [-74.35982727656892, 9.573922744674178], [-74.360990885945, 9.570942159135654], [-74.35981202136662, 9.569675957580785], [-74.35643794826728, 9.572820670842418], [-74.3552628027171, 9.571474513773694], [-74.3551360656009, 9.569362333007291], [-74.34940084704903, 9.569756859021425], [-74.32308375456353, 9.588104526739869], [-74.32111903955507, 9.591293962663542], [-74.31842939790772, 9.589651470011063], [-74.31243393271905, 9.590089858998851], [-74.3054626600973, 9.592258188108474], [-74.30056488316166, 9.594989366989353], [-74.29502759865892, 9.594568002886433], [-74.2920580956449, 9.591753065919988], [-74.28501558027608, 9.588861573565737], [-74.28255465167894, 9.58695554015162], [-74.279993274285, 9.583596644101078], [-74.27834718836846, 9.578715087159196], [-74.27346621084041, 9.576247055577426], [-74.27245100057257, 9.567621530448378], [-74.27055300708673, 9.566733268401038], [-74.2683966255799, 9.566793522946739], [-74.26942365499133, 9.56703161800931], [-74.26960688270918, 9.567895229367252], [-74.26794612100417, 9.569484251556503], [-74.26668168823352, 9.569233548628915], [-74.2646086596717, 9.571229384896867], [-74.26380089482285, 9.574228079587613], [-74.25946842185783, 9.577889276938492], [-74.25654600856848, 9.575871431928533], [-74.25498489975234, 9.575671394023345], [-74.25353409695441, 9.576831216099151], [-74.25264438233012, 9.575250046988401], [-74.2517017991143, 9.576283419409094], [-74.24900226521112, 9.575692999421449], [-74.24803348530406, 9.577349217444123], [-74.24639977099548, 9.576474926007222], [-74.24561962666866, 9.577206934071228], [-74.24397424233695, 9.577000696887296], [-74.24366943742996, 9.578382050875234], [-74.24296061310531, 9.577849103348626], [-74.24085321676995, 9.580370977296525], [-74.23601006193871, 9.578733740690893], [-74.2294147094101, 9.580275110809623], [-74.2244560661756, 9.585406034883249], [-74.21943676594981, 9.583487344196726], [-74.21850813807299, 9.582159864914274], [-74.21462453564686, 9.582553905837756], [-74.21459146144838, 9.583489289050874], [-74.212950947786, 9.58414546217648], [-74.2130546673514, 9.585000464972211], [-74.21177951497589, 9.584676045335357], [-74.21252085833976, 9.585821511423148], [-74.21092721611132, 9.586181248353569], [-74.21128941263095, 9.587121659441323], [-74.21056601582416, 9.587805968722307], [-74.20960946469279, 9.587096647628925], [-74.20860184789012, 9.588011929224933], [-74.20604191588666, 9.587957101406175], [-74.20532600474706, 9.589261573019257], [-74.2061133409918, 9.589602233311098], [-74.20508007277573, 9.591073285049958], [-74.20415819574367, 9.590945369343103], [-74.20425228985312, 9.592019478597763], [-74.20233613331607, 9.591065732907339], [-74.2019918941333, 9.592091908918576], [-74.20126785503055, 9.59109176879997], [-74.2006922114428, 9.591652409612209], [-74.19994895466584, 9.59110758275483], [-74.19862356037481, 9.592269398193821], [-74.19735668238803, 9.592053356789108], [-74.19754182262068, 9.593676921025178], [-74.19557902012701, 9.59461014109337], [-74.19555879903385, 9.59630171234221], [-74.19749124563327, 9.59966278770736], [-74.19627749225805, 9.599484717221628], [-74.19503561081228, 9.60104238908076], [-74.19456525435129, 9.602843838749493], [-74.19551887427752, 9.603333738973333], [-74.19492222267183, 9.604101577269319], [-74.19322197279212, 9.60374873221923], [-74.1916828942775, 9.604421878127312], [-74.18998352564574, 9.606736750424375], [-74.18986951676897, 9.609358918658643], [-74.1888471289563, 9.609370646174057], [-74.18806644563983, 9.610818769295292], [-74.18517065035195, 9.61082036560282], [-74.1853260060193, 9.61168391138375], [-74.18343945079107, 9.612607939882594], [-74.18348294096359, 9.613933240748793], [-74.18248344493753, 9.613711237220741], [-74.18177748624095, 9.615455736350043], [-74.18108817513644, 9.615302037177344], [-74.17972591305846, 9.61708951533734], [-74.17805440659578, 9.616987399266009], [-74.17776503924921, 9.619205928070357], [-74.17669106743693, 9.619058217072165], [-74.17489205579784, 9.620840272996759], [-74.17556459534262, 9.622558717368747], [-74.17224459367992, 9.622662245592778], [-74.16949421329451, 9.621028433367826], [-74.1677872799437, 9.621567717615449], [-74.16719073523763, 9.624714428731863], [-74.16436443816701, 9.62380310870941], [-74.1625809871577, 9.629330395853401], [-74.16028198181618, 9.629651597722386], [-74.1595459546864, 9.632369380016769], [-74.1598451702713, 9.634501216835531], [-74.1612009716606, 9.63519632207823], [-74.16106331641168, 9.636028598377493], [-74.1621289662246, 9.636892929286603], [-74.15945813082266, 9.639360012246641], [-74.16092555156825, 9.643041297739956], [-74.15924935769272, 9.6438148295627], [-74.15768016223592, 9.647744584769953], [-74.15422641838882, 9.65196888162393], [-74.15338188995764, 9.651575749796223], [-74.15088195737803, 9.653225099294787], [-74.14920732477572, 9.65231957161393], [-74.14610307436169, 9.655973612979551], [-74.14224996257718, 9.656266501724815], [-74.14058867535732, 9.658035315573272], [-74.14013042729772, 9.66004687776109], [-74.1353939349151, 9.663815324160907], [-74.13041580630818, 9.664665334116307], [-74.12591958291279, 9.663960315956558], [-74.12460597991759, 9.665910091071567], [-74.11794070516646, 9.670766980256133], [-74.11703682859041, 9.672345892797125], [-74.11411982136684, 9.673386795800866], [-74.11315542075027, 9.672812783554946], [-74.1114197197279, 9.673901380850111], [-74.10827392489387, 9.677980271784747], [-74.10385701471643, 9.680261467113269], [-74.09459634064945, 9.693331183378348], [-74.09516246388426, 9.70131857716035], [-74.09460555377836, 9.703356477973273], [-74.08910505711242, 9.704686503981634], [-74.08518863740619, 9.710014443127136], [-74.08200313969985, 9.710480791302075], [-74.0772915549249, 9.709166604401446], [-74.07637106579108, 9.709762926325197], [-74.0748447137193, 9.708864157573942], [-74.07262341001683, 9.710046063850314], [-74.0715313838495, 9.709553579171313], [-74.06633452068655, 9.711139168895102], [-74.06101642618609, 9.716290701236119], [-74.05363263967064, 9.72093907870061], [-74.05224464173756, 9.72079191837014], [-74.0499536376966, 9.722208884299278], [-74.04865995935029, 9.722155305139779], [-74.04825559497931, 9.723171331976857], [-74.0460859543283, 9.723385051234686], [-74.04418550215155, 9.726900995379935], [-74.04254136019085, 9.72750244668805], [-74.04123396276259, 9.729522746795624], [-74.03752448002842, 9.73095618694191], [-74.03577195534399, 9.73276827177375], [-74.03208957929513, 9.733250438395146], [-74.03045819881152, 9.73464824324401], [-74.02969676640697, 9.736587505366913], [-74.02530071333041, 9.738366150385616], [-74.0223799277897, 9.74074561429802], [-74.01867741598767, 9.740161325317047], [-74.01717884523646, 9.738950832828948], [-74.01401449568544, 9.740276229814924], [-74.01214118882154, 9.73935091492757], [-74.00680769269331, 9.742227029908577], [-74.0043331060997, 9.741454266145979], [-74.00166077230665, 9.74349983588263], [-74.00017360927035, 9.743125072820476], [-73.99871120292465, 9.740747563643708], [-73.997116607583, 9.74073198325101], [-73.99524591032707, 9.74115743379349], [-73.99254651386627, 9.74445747487465], [-73.98794317976257, 9.746337344835183], [-73.98480740744014, 9.746408610938431], [-73.98398136275893, 9.745740773179591], [-73.9808206972018, 9.746372698061407], [-73.9788204546939, 9.744876405439584], [-73.97622004457139, 9.746572710813723], [-73.97199654632033, 9.74608244677188], [-73.97040060440293, 9.746860825907788], [-73.97057906385953, 9.749335462807096], [-73.96958834617743, 9.750496140978044], [-73.96693342264683, 9.751588583065654]]]}}, {"type": "Feature", "properties": {"dpto_ccdgo": "47", "mpio_ccdgo": "720", "mpio_cdpmp": "47720", "dpto_cnmbr": "MAGDALENA", "mpio_cnmbr": "SANTA BÁRBARA DE PINTO", "mpio_crslc": "Ordenanza 003 del 23 de Junio del 2000", "mpio_tipo": "MUNICIPIO", "mpio_narea": 494.2661997, "mpio_nano": 2024, "shape_Leng": 1.23214079518, "shape_Area": 0.04073286817}, "geometry": {"type": "Polygon", "coordinates": [[[-74.58917428906341, 9.664365628949213], [-74.58844304366971, 9.66477223911022], [-74.5889122763374, 9.66358525465347], [-74.58769653229393, 9.663643052304906], [-74.58775309386255, 9.661888900770236], [-74.58692180121932, 9.661685717860735], [-74.58661093627256, 9.660582179773883], [-74.58731652306636, 9.659910163049062], [-74.58647920541767, 9.659053663658824], [-74.58669299115093, 9.655504253649326], [-74.58599561766033, 9.655476722958895], [-74.58604524692441, 9.654707406933142], [-74.58458299239413, 9.654385015693776], [-74.58449550000898, 9.653549854901826], [-74.58353087032191, 9.65378386442319], [-74.58158034601132, 9.651712891208376], [-74.5787785873406, 9.651689421804576], [-74.57741359528023, 9.650211215877107], [-74.57575671340209, 9.650136713141308], [-74.57558822615141, 9.649212358553712], [-74.57343970401126, 9.647844995837488], [-74.57249912493842, 9.64894770567696], [-74.57143105865549, 9.648916252938875], [-74.57165321040566, 9.647628678649767], [-74.56993448306412, 9.647065126395376], [-74.56983236160289, 9.645538537168136], [-74.5680736987253, 9.642946759862411], [-74.56637997780626, 9.643330850139591], [-74.56283795195424, 9.641589631660338], [-74.56372723718351, 9.637559822915307], [-74.56224423155362, 9.633075726785933], [-74.56120714818957, 9.633391829813263], [-74.56089489444628, 9.631153730296546], [-74.55985958076468, 9.631875346640982], [-74.55808844926099, 9.631721826233218], [-74.55846661424579, 9.630177433281176], [-74.55711491995726, 9.630696297009536], [-74.5559470893943, 9.629236844326897], [-74.55679463706554, 9.628642875991034], [-74.55566902555796, 9.628071052042912], [-74.55692520909275, 9.626660775873063], [-74.55600917470798, 9.626301054214025], [-74.55720696680447, 9.625797816692511], [-74.55600225228488, 9.62503711731381], [-74.55722194442717, 9.6245094743432], [-74.55641808815119, 9.622940192648059], [-74.55716431206588, 9.622228295184357], [-74.55639693191108, 9.619774795660533], [-74.55373120882552, 9.61921549513579], [-74.55247239502143, 9.61987909913131], [-74.55297023366381, 9.618210740367886], [-74.55040769564556, 9.617846891845147], [-74.54883294230768, 9.61375664170464], [-74.5461007456347, 9.613531411425583], [-74.54654640918551, 9.611892254220379], [-74.54343034861103, 9.61155042432108], [-74.54277271123038, 9.609820624336521], [-74.54133112695126, 9.610497915972985], [-74.5404994138961, 9.607144962282746], [-74.53928894925582, 9.607127122625286], [-74.53789138335901, 9.605016457318015], [-74.5367279177135, 9.605766526923503], [-74.53630030492445, 9.60434678699454], [-74.53448100841177, 9.60408831183696], [-74.53460953587177, 9.60292675062135], [-74.53549500864796, 9.602541612009418], [-74.53517486499521, 9.601544933102332], [-74.5360158666378, 9.600578664886825], [-74.53719380056083, 9.600748054945086], [-74.5365961572142, 9.59959981934901], [-74.53707196824996, 9.59828191791172], [-74.53846426013348, 9.598102515223388], [-74.53824162419102, 9.597215058965503], [-74.5389476224135, 9.596795398968027], [-74.53769328132478, 9.596020984100619], [-74.53865216358616, 9.59560026858179], [-74.53858306691609, 9.594554500298614], [-74.53748222377726, 9.595043018912463], [-74.53866296673436, 9.592982367348498], [-74.53805899475157, 9.59248682929342], [-74.53913424486757, 9.592325469281889], [-74.53844091469728, 9.589693887594251], [-74.53944965170001, 9.588085993582467], [-74.53892332206738, 9.587719012631851], [-74.54010379103812, 9.58349121234545], [-74.53811992393258, 9.581859832760188], [-74.53818956588049, 9.580385885748854], [-74.53676560296805, 9.578598864831747], [-74.53688518859059, 9.575981210635348], [-74.52152353044266, 9.56532336233738], [-74.52361329014002, 9.563744930395444], [-74.52466568080877, 9.561430144336782], [-74.52571214798178, 9.561514165628864], [-74.52592160922183, 9.56071840318009], [-74.52755939559682, 9.561179959737501], [-74.53007999483424, 9.556005493389023], [-74.53024754963292, 9.553173572860317], [-74.52935417616754, 9.55272094736057], [-74.52979628867513, 9.551677155372545], [-74.52865766416198, 9.548593394648151], [-74.52923901205634, 9.547053984655008], [-74.52826556988924, 9.54610675984037], [-74.52758625344859, 9.540545537911157], [-74.52571484562475, 9.538961444781819], [-74.52679587460756, 9.537779065092934], [-74.52603056956275, 9.536886596231739], [-74.52682490099414, 9.535608722857148], [-74.52567063859607, 9.534863725143794], [-74.52632672458498, 9.533365387056449], [-74.52737098908716, 9.533378642607317], [-74.52716805860445, 9.532218813344969], [-74.52807809223839, 9.533008892148473], [-74.52807544220616, 9.53222436493786], [-74.52975060212003, 9.531132333380697], [-74.52960121127091, 9.530287279434617], [-74.53113770443207, 9.52945433927988], [-74.53147936365127, 9.527764847632568], [-74.53040737711729, 9.526515125684739], [-74.53154784227996, 9.526139945803948], [-74.53144373823534, 9.5270206296575], [-74.53276355667896, 9.526287820295636], [-74.5331263936979, 9.522174411568699], [-74.53553630064118, 9.520817921171044], [-74.53593110962487, 9.519565881567928], [-74.53691021657266, 9.520072609945373], [-74.53660825842906, 9.516738192107539], [-74.53820283490614, 9.515579516282969], [-74.53926833380194, 9.51607866736498], [-74.54004800202131, 9.515412976581388], [-74.5405287151674, 9.516133717966113], [-74.54233540201841, 9.514959295560345], [-74.54220081541695, 9.513080790141771], [-74.54101891722547, 9.512414007904226], [-74.5423049814454, 9.511164790810028], [-74.54183230822747, 9.51018650312642], [-74.5563984060476, 9.510840160967177], [-74.5580337660711, 9.512536971194947], [-74.56017311281164, 9.512464627112536], [-74.56005436441961, 9.508789213910973], [-74.5518968143158, 9.50144071234962], [-74.5571699229476, 9.488274127076977], [-74.55900368594115, 9.488332258902005], [-74.56195828229949, 9.490608023011987], [-74.56445228060352, 9.491435743950774], [-74.56968185774025, 9.488421786871186], [-74.57404577266362, 9.490306457432439], [-74.57581143072792, 9.489673670167292], [-74.57977910205693, 9.484790197117377], [-74.58187753319862, 9.47635986078376], [-74.58708176165447, 9.472924007798156], [-74.59630558230754, 9.463738736579614], [-74.59887626625522, 9.458287809888873], [-74.59582293868027, 9.446233137703132], [-74.59540363711085, 9.438495860248395], [-74.59736060683878, 9.437655617682879], [-74.60171230915608, 9.43146669475368], [-74.60477884916276, 9.429904534907791], [-74.60962874316061, 9.425171933131764], [-74.61063839105577, 9.421483512314524], [-74.60914802282798, 9.418129991786884], [-74.60993538692048, 9.412809157422657], [-74.61798558107574, 9.405204810972975], [-74.62628817687414, 9.394657033334454], [-74.6278873509325, 9.39026814612464], [-74.62989565762314, 9.390638812865859], [-74.63292601435967, 9.393670367955906], [-74.63427228820944, 9.391795742364138], [-74.63628127582365, 9.392968216322458], [-74.63883003906437, 9.391467836362835], [-74.63823300208105, 9.389871468643662], [-74.63879094075878, 9.388933013189842], [-74.64099354062381, 9.38875584641005], [-74.64347843988509, 9.390140804441785], [-74.64522659695712, 9.390033793446548], [-74.6437912002786, 9.38895966981886], [-74.64334320290288, 9.387458761649441], [-74.6413816293055, 9.386388479220898], [-74.64111695576747, 9.385154935045932], [-74.64288300909084, 9.384048534025965], [-74.64467604423356, 9.387065340563936], [-74.64542285564687, 9.386612672843341], [-74.64748559399897, 9.387763029363441], [-74.64917792791806, 9.390096798635852], [-74.65293693660999, 9.39147216624599], [-74.65336644304915, 9.388870375411841], [-74.65498479435746, 9.389413876354752], [-74.65591640105015, 9.383921086341786], [-74.65833040970426, 9.384968003571146], [-74.66244642624258, 9.388209530144707], [-74.6648098561127, 9.391895143724469], [-74.66963294256448, 9.402204256768073], [-74.67068690438788, 9.410056459381963], [-74.67182233089608, 9.412578202175666], [-74.67514372494861, 9.414516742052513], [-74.69083346337106, 9.41910858759286], [-74.69400026262986, 9.421496918782509], [-74.6986662920038, 9.426822814259083], [-74.70785703306842, 9.423354091890985], [-74.71291146373801, 9.419728471447002], [-74.72069526677507, 9.417529811595898], [-74.72792398957591, 9.417625540640472], [-74.7320748760464, 9.418828271678308], [-74.73615294861514, 9.421412825625112], [-74.73889781603526, 9.42527372760594], [-74.73954642803506, 9.429693552818776], [-74.73898578093463, 9.438721494769709], [-74.7422622681703, 9.44642640230569], [-74.75165739229459, 9.457871765613277], [-74.75555212126272, 9.460953750366912], [-74.75915858062643, 9.46259847084309], [-74.76424413435217, 9.46390070295439], [-74.77587649920315, 9.463277720808378], [-74.77964935813111, 9.461170102588994], [-74.78673770558225, 9.45500558510895], [-74.79126425882072, 9.452146300976551], [-74.79653865833262, 9.445685278130952], [-74.8004594528378, 9.442227099297781], [-74.80282707335203, 9.443669651961557], [-74.80801511774683, 9.451873503966908], [-74.80890002817716, 9.456531862620523], [-74.8083545006333, 9.46190407527007], [-74.8067705826756, 9.46530378720638], [-74.80311736596406, 9.468312843972228], [-74.79930184061936, 9.469821458794627], [-74.79092084519039, 9.477465668016805], [-74.77705045268794, 9.495938288795912], [-74.77571586413268, 9.501585579279379], [-74.77769164100431, 9.507584676359613], [-74.77528785069467, 9.50864294830319], [-74.77549751764906, 9.512728767050874], [-74.77719084330909, 9.51762871611453], [-74.771550527351, 9.516873836925242], [-74.77157442884481, 9.521546249732637], [-74.77075280477669, 9.524546398797042], [-74.76933770644655, 9.525869267921792], [-74.76999472578575, 9.52829442108424], [-74.76832616040969, 9.532300754137225], [-74.76361024664993, 9.535338272248907], [-74.76339873904607, 9.539283307811331], [-74.76178040570403, 9.541158008861657], [-74.75955866272506, 9.542529063656616], [-74.7547258861386, 9.543704375395237], [-74.75057600218878, 9.547511074785234], [-74.75020367535961, 9.55270869792355], [-74.74901264578597, 9.554580799247333], [-74.7473830421714, 9.555262975926155], [-74.74536967886002, 9.554897808675548], [-74.74294245507917, 9.55329344594395], [-74.74085515856427, 9.550581294294261], [-74.73236217636781, 9.551751118220409], [-74.73172873512863, 9.547702151988346], [-74.72620670762478, 9.54959323293258], [-74.72443074767261, 9.543516646215892], [-74.7234289959751, 9.54329707892083], [-74.7194384903517, 9.547973871018769], [-74.71463574536739, 9.54928172658822], [-74.71143997811254, 9.554634581426285], [-74.70065110773106, 9.557291510896505], [-74.69589876456257, 9.561006835379658], [-74.69245657755084, 9.56555299795815], [-74.68857089103153, 9.566097840086854], [-74.6700840508085, 9.572702456948377], [-74.66170943521973, 9.578257378089177], [-74.65790423691578, 9.590095083604695], [-74.6578372962041, 9.597253712604697], [-74.65927066718001, 9.60110586229274], [-74.65894687097443, 9.607473841160243], [-74.6576234592668, 9.60916458236511], [-74.65609795969687, 9.60972857299771], [-74.65585480711525, 9.610932467354814], [-74.65765099714378, 9.61256049262812], [-74.65892576863331, 9.612002327574771], [-74.65973119516565, 9.610411689315072], [-74.66061995937162, 9.612476454268005], [-74.66592353978041, 9.612176005295282], [-74.66822577277134, 9.61300328965251], [-74.66972633419078, 9.614532119279886], [-74.67277446410935, 9.614503259081744], [-74.67477093728331, 9.616114648441055], [-74.67448287069834, 9.618179380156334], [-74.6760362710649, 9.620819971953495], [-74.67755934158839, 9.621656923089176], [-74.67806930659845, 9.620210240866811], [-74.67873706440713, 9.62044577213544], [-74.67800374300515, 9.623915152969175], [-74.67995663797171, 9.623592718610666], [-74.68076975588565, 9.621805021261594], [-74.6818357740081, 9.622540044972368], [-74.68686101569591, 9.622939942916219], [-74.68776204371187, 9.62432035097737], [-74.6830854788879, 9.629062611447068], [-74.68026570269319, 9.634677666759217], [-74.67649270003466, 9.635813788564008], [-74.67329454415756, 9.639971640576732], [-74.66952221972758, 9.64085051701852], [-74.66855139615166, 9.642549444577071], [-74.66516864711633, 9.644843316940978], [-74.65875257780004, 9.64674324809448], [-74.6457113228808, 9.647891018362827], [-74.64215681313135, 9.646260284666766], [-74.63941806863312, 9.642835160269101], [-74.63277462116417, 9.643241161371805], [-74.62773101969395, 9.647794390103968], [-74.6239242888629, 9.6494517310216], [-74.62407422678643, 9.650756400264243], [-74.62348838192219, 9.649611439030025], [-74.61660530327038, 9.651664313872345], [-74.61387435615495, 9.654873911600362], [-74.60344584433858, 9.658184329129654], [-74.5980833712311, 9.661582799593248], [-74.59682593274886, 9.662485682631825], [-74.59900690655451, 9.666924014950894], [-74.59095372639683, 9.668461702872321], [-74.58917428906341, 9.664365628949213]]]}}, {"type": "Feature", "properties": {"dpto_ccdgo": "47", "mpio_ccdgo": "745", "mpio_cdpmp": "47745", "dpto_cnmbr": "MAGDALENA", "mpio_cnmbr": "SITIONUEVO", "mpio_crslc": "1848", "mpio_tipo": "MUNICIPIO", "mpio_narea": 970.02269502, "mpio_nano": 2025, "shape_Leng": 1.54204091262, "shape_Area": 0.08027779664}, "geometry": {"type": "Polygon", "coordinates": [[[-74.48479171978295, 10.98095583119499], [-74.48095122664336, 10.85910821392065], [-74.48282204337528, 10.841726616788208], [-74.48042093633552, 10.838204726689355], [-74.48025724878721, 10.832264839413313], [-74.4785006286802, 10.822584325685682], [-74.47196522526986, 10.818058506371301], [-74.46822184278477, 10.81379427308292], [-74.46476850228157, 10.806761151404544], [-74.46300082210792, 10.805179463067134], [-74.46171488095729, 10.801591977035628], [-74.46043879163824, 10.789221754286928], [-74.46139291012986, 10.77334708583777], [-74.46097865260475, 10.770255797225275], [-74.46241910590402, 10.760259712273353], [-74.46047413228797, 10.75054163636048], [-74.45920764956026, 10.745750831792463], [-74.45730158111184, 10.74239463967308], [-74.45637571196352, 10.736793163305606], [-74.45664871468745, 10.73229378682106], [-74.45797519683919, 10.729063729946176], [-74.4570722491219, 10.726534632639357], [-74.45230738612332, 10.725718248448459], [-74.43199139935268, 10.728558484688392], [-74.43046138484652, 10.727466762151892], [-74.4303410931476, 10.72524471913539], [-74.42769901733237, 10.722972014689674], [-74.47300973591064, 10.71921117702641], [-74.47360596081626, 10.722577648575793], [-74.47253270675839, 10.72257180772516], [-74.47273011169943, 10.726092935153758], [-74.47128786356478, 10.726667027349777], [-74.47056763511853, 10.730289472246682], [-74.4664417541722, 10.735155986887207], [-74.46587661369517, 10.739931888392789], [-74.46748116327643, 10.742532542857191], [-74.46824431326121, 10.742160528642046], [-74.46896923361192, 10.74383712406484], [-74.47205994730217, 10.745464544771494], [-74.47235185957794, 10.748920794920252], [-74.47335562619821, 10.745730783175986], [-74.47513787526071, 10.745417964391947], [-74.47548743516921, 10.746353543437976], [-74.47727542986087, 10.7453595702587], [-74.47958782190739, 10.746215596236368], [-74.47896754369259, 10.747331622712238], [-74.47990252805334, 10.74652507238659], [-74.4826215922447, 10.746841926406091], [-74.48630083676403, 10.749175853782106], [-74.49806140029136, 10.75260647497538], [-74.53587404769422, 10.752048156309968], [-74.55719308872062, 10.744315190772056], [-74.56165235809073, 10.744019713978389], [-74.56420303294783, 10.741953759655019], [-74.57912620239489, 10.739081130140164], [-74.58722055956133, 10.735965581605797], [-74.58934260563399, 10.738858224702824], [-74.5906808826748, 10.73784635886551], [-74.593490028198, 10.7407122456205], [-74.59606962883032, 10.738088937423186], [-74.5953730099252, 10.737083525986293], [-74.59764453039037, 10.735690052817233], [-74.5975837620079, 10.733022349843168], [-74.59850088155844, 10.732622511188197], [-74.60053707467267, 10.728813611822318], [-74.60206622679544, 10.72330157898233], [-74.6036061128961, 10.723659211158349], [-74.60893985156969, 10.722290897125447], [-74.61048958231544, 10.723751622721863], [-74.61348616416694, 10.724800748011944], [-74.61646111097593, 10.724581118733113], [-74.61821768257391, 10.726780694866477], [-74.62095556738376, 10.724894705577356], [-74.62290253885459, 10.726379112580162], [-74.62426952876967, 10.7256283395933], [-74.62765471763123, 10.726005063679281], [-74.63079643500902, 10.724463452811847], [-74.63250395675675, 10.71971802218502], [-74.63363160474671, 10.71864185399005], [-74.63508291778805, 10.718838780128635], [-74.63586291568942, 10.72009760920406], [-74.6400010972767, 10.731874499624666], [-74.65461744869054, 10.729658684632966], [-74.66375426474406, 10.726441653340089], [-74.67988663220581, 10.726198911288918], [-74.68377687228889, 10.72746441934379], [-74.6859346156428, 10.724977739620158], [-74.69070403939168, 10.728125572733234], [-74.69451286868895, 10.72730328480958], [-74.69739249159392, 10.728451845596055], [-74.69988622399643, 10.725647094634724], [-74.70158304410569, 10.726394875331039], [-74.70352436067725, 10.725443552398815], [-74.70923166675436, 10.725751188797858], [-74.71230666081294, 10.72693267466235], [-74.72595769263296, 10.727769060757282], [-74.72598593658631, 10.736007396418927], [-74.72760411541799, 10.742166656055474], [-74.72776026789165, 10.755838842319008], [-74.72743031372988, 10.760291914207016], [-74.72526564705458, 10.767434385197134], [-74.72555010690081, 10.775119444441088], [-74.72736776039352, 10.781122810319005], [-74.73623669771752, 10.80016797190234], [-74.73771836305991, 10.807620746391706], [-74.73963941721581, 10.82795258394816], [-74.74160338931694, 10.837508867759539], [-74.74160410527475, 10.841947704932238], [-74.74059137974899, 10.850039176707696], [-74.73748655081948, 10.861249662720638], [-74.7381654989506, 10.879701710266659], [-74.73650231987722, 10.888761198380564], [-74.73313690384919, 10.89513897607901], [-74.72057273198106, 10.904758331555058], [-74.71882093313599, 10.907094702350605], [-74.71842938863267, 10.909376334260685], [-74.72138567562172, 10.913075616616709], [-74.72523315586318, 10.914507604185985], [-74.73881544225469, 10.922575392758404], [-74.74539810966309, 10.930092510927864], [-74.7538496139149, 10.936128187435656], [-74.75668149581605, 10.941549679904313], [-74.75729559271849, 10.945368105013074], [-74.75746612633299, 10.952579098649323], [-74.75586529398328, 10.961929463280626], [-74.75584294118624, 10.968881877554622], [-74.75884476740657, 10.983657355766411], [-74.76224931407961, 10.992637446220613], [-74.76867216837667, 11.001971450720987], [-74.77751103277592, 11.01160663093168], [-74.78535631566166, 11.018474889166157], [-74.79330734381534, 11.02325076102727], [-74.80130778563722, 11.031486301129519], [-74.82816136591265, 11.047415753379994], [-74.83381125432601, 11.05234000817967], [-74.83904970592653, 11.058699348840605], [-74.84342684675636, 11.066399338994813], [-74.84530361932332, 11.071448605245735], [-74.84833678958552, 11.093325284013929], [-74.85186053201198, 11.105367257604655], [-74.84653271593578, 11.105391016266253], [-74.84147783790485, 11.10084879460004], [-74.8366395465564, 11.098240788317469], [-74.83358761676118, 11.09821498778365], [-74.83262923755677, 11.099570493627027], [-74.816898883573, 11.090567196975542], [-74.81251767965995, 11.088664640044385], [-74.81135030993312, 11.08903744298101], [-74.8065554575532, 11.086238578684458], [-74.79508260757262, 11.084545494671488], [-74.79374416793667, 11.08515267094748], [-74.79383921605768, 11.084521548261876], [-74.78083107037122, 11.079677071109472], [-74.77306817923238, 11.078046749740452], [-74.76437091279092, 11.074673545312635], [-74.74413211112767, 11.064799063601015], [-74.73179340040588, 11.060518597742487], [-74.72458938219336, 11.056310871225435], [-74.71130838200509, 11.050615794822363], [-74.68266279156546, 11.038991733106172], [-74.6525679057022, 11.027558359622276], [-74.64720064097719, 11.026513673809859], [-74.63807734278288, 11.023238355283297], [-74.61947121966978, 11.015572493052275], [-74.59477091542283, 11.007547189436707], [-74.54684685097169, 10.994134905754947], [-74.51236190200297, 10.986101627788287], [-74.48479171978295, 10.98095583119499]]]}}, {"type": "Feature", "properties": {"dpto_ccdgo": "47", "mpio_ccdgo": "798", "mpio_cdpmp": "47798", "dpto_cnmbr": "MAGDALENA", "mpio_cnmbr": "TENERIFE", "mpio_crslc": "Ordenanza 11 del 26 de Junio de 1923", "mpio_tipo": "MUNICIPIO", "mpio_narea": 491.780069595, "mpio_nano": 2024, "shape_Leng": 1.09882207582, "shape_Area": 0.04057211112}, "geometry": {"type": "Polygon", "coordinates": [[[-74.5628478576848, 9.955100416370954], [-74.5578988120584, 9.952301043627529], [-74.55731162511006, 9.94980973308492], [-74.55654840505667, 9.949755622122382], [-74.55629273174668, 9.948785112058715], [-74.5548901298904, 9.948743249634788], [-74.55299539010508, 9.946397162653398], [-74.55360050564411, 9.944632274445894], [-74.55290734884886, 9.942574312440001], [-74.55437813288955, 9.940260878346862], [-74.55333062456828, 9.939439527366801], [-74.55468400679257, 9.938228460854816], [-74.55451970838948, 9.93617799439761], [-74.55822084397136, 9.932482881126191], [-74.55757936729555, 9.929831351433393], [-74.5585288846126, 9.929318221656104], [-74.5585097837195, 9.92807182886736], [-74.56020528779578, 9.925928951744936], [-74.5627450337405, 9.925101847050882], [-74.56248362019124, 9.924445257106697], [-74.56374503731507, 9.923913106386408], [-74.56368701598291, 9.92309568733549], [-74.56457276364375, 9.923587349157003], [-74.56588223438541, 9.923027451252096], [-74.5646556467695, 9.92179944160199], [-74.56594091597975, 9.919930532893261], [-74.56575102006224, 9.918188221163462], [-74.56842291188377, 9.917895260552939], [-74.5701662971012, 9.916195454441322], [-74.57071245526288, 9.914277461746337], [-74.57037874614025, 9.913348461068438], [-74.56921258913997, 9.913100886077132], [-74.57015685490171, 9.910762714158011], [-74.56960226784099, 9.909422435669171], [-74.57041130829862, 9.909024289441561], [-74.56979420922409, 9.908824947731262], [-74.57103955727132, 9.907529319140849], [-74.57036737615459, 9.90629485598862], [-74.5713932871626, 9.906080659724921], [-74.5717917379194, 9.903770167616756], [-74.57385015716807, 9.903140964632428], [-74.5728811059696, 9.902349215859488], [-74.57451655582469, 9.9005361608464], [-74.57268825818568, 9.897975019709577], [-74.57370211199634, 9.896875029970943], [-74.57320893920729, 9.8959269975702], [-74.57274953860826, 9.896442327323427], [-74.57156068924752, 9.894926993995625], [-74.57178868095002, 9.891689889831753], [-74.5709905649133, 9.89083072873126], [-74.57169347023381, 9.889927613028874], [-74.57550057925596, 9.89003712044422], [-74.57809244818986, 9.88736156888325], [-74.57996212675545, 9.886740756170411], [-74.58089667992454, 9.88826486963876], [-74.58202085771978, 9.887672188589761], [-74.58401834599084, 9.889280267654613], [-74.58501931795007, 9.888792464100277], [-74.5850127386837, 9.889382990089189], [-74.58624820166165, 9.889383351212246], [-74.58692483123917, 9.892767471077775], [-74.58845949812388, 9.894290304445803], [-74.59064317765734, 9.894899732800013], [-74.59153654124123, 9.89413166812841], [-74.59394593704275, 9.894059827102922], [-74.59693189540923, 9.895498884419169], [-74.59826719722741, 9.895097592288892], [-74.60190669665366, 9.897147706606177], [-74.601676760097, 9.898835824728337], [-74.60397394724697, 9.898975686241329], [-74.60595127371374, 9.897964269561953], [-74.60772249504902, 9.898764615219022], [-74.61279791127873, 9.896810723121746], [-74.62101853843706, 9.888678528885407], [-74.62221610236128, 9.886111901732704], [-74.6268907214328, 9.889627567399998], [-74.62823150028368, 9.889270629622274], [-74.62818770737869, 9.888562143064405], [-74.63021911067199, 9.888941370757095], [-74.6309511088545, 9.89048613022203], [-74.63173523721281, 9.89013164933857], [-74.6320334403955, 9.891141893715542], [-74.63391723779364, 9.891533801138507], [-74.63499881295257, 9.89317514484486], [-74.63584447505855, 9.89237349303636], [-74.63822561163533, 9.8939172796251], [-74.63902292008595, 9.892111804602393], [-74.64318369432067, 9.890922613881628], [-74.64259642832047, 9.890142208144823], [-74.64318923962531, 9.889564645754092], [-74.64507306666786, 9.88837269899983], [-74.64732112311913, 9.88827613631804], [-74.64918956560183, 9.885835244659233], [-74.6537389037274, 9.884721728976615], [-74.65493803431474, 9.88205754021476], [-74.65935426716192, 9.880691435140932], [-74.66601332736292, 9.88156080380611], [-74.66740987816263, 9.880864955656136], [-74.66819013388067, 9.881748980346856], [-74.66976067231991, 9.880900220847309], [-74.6729131497267, 9.883316671124362], [-74.67625798803016, 9.88236652139284], [-74.67900755094803, 9.883253614731075], [-74.67991078163482, 9.884410848758478], [-74.68430642777423, 9.884259318120655], [-74.68593726567497, 9.884790586694635], [-74.68712362310714, 9.886580906228119], [-74.69323036719027, 9.889195453149455], [-74.69466218587615, 9.888256019429548], [-74.69725838020162, 9.883085214617097], [-74.70086200537838, 9.88141927861193], [-74.705112977726, 9.875856935584352], [-74.70974760736243, 9.874218573388816], [-74.7117309238003, 9.874872295908347], [-74.7153951817138, 9.87168766777188], [-74.71931414006104, 9.872574081084906], [-74.71997288416702, 9.87065684387369], [-74.7207873019442, 9.870813344893918], [-74.72097710443688, 9.8697244322899], [-74.72209474698326, 9.869854316207068], [-74.72182217365435, 9.868728982279151], [-74.72358728464417, 9.867490530603845], [-74.72456305883964, 9.868402662703886], [-74.72608117425204, 9.867654715819128], [-74.72699722121325, 9.868387714725657], [-74.72768141191654, 9.867357232187544], [-74.7296378184003, 9.867589634621595], [-74.72974503241488, 9.866714301138131], [-74.73124244613507, 9.865939776676214], [-74.73340581115048, 9.867065740323653], [-74.73445058409953, 9.861185912658698], [-74.73285111898679, 9.858355179703722], [-74.73470698594383, 9.85173622931211], [-74.73437982284992, 9.850766056116981], [-74.73665495095219, 9.849164177229113], [-74.73845825564342, 9.848994953359352], [-74.74056789417551, 9.845856778041593], [-74.74580346218164, 9.84381548428911], [-74.75099607990319, 9.8465927072549], [-74.75827304496818, 9.84825160764916], [-74.75976864319176, 9.849268069271147], [-74.76220087238931, 9.84358868914353], [-74.76642542256843, 9.841771971696119], [-74.7673526679369, 9.839961953889372], [-74.77602534297785, 9.84129061894896], [-74.77487212262628, 9.836742728908803], [-74.77619084242946, 9.834960049552933], [-74.77883527273087, 9.834735987084628], [-74.78817303668365, 9.828252476694672], [-74.7951963828873, 9.829143243247017], [-74.7956036003099, 9.826797420370497], [-74.79991485055945, 9.825152480705185], [-74.80151777508706, 9.822143208343562], [-74.80343240089371, 9.821650208929498], [-74.80494032401276, 9.820101233667515], [-74.81408014313666, 9.822412465089826], [-74.81660081334104, 9.82099899181327], [-74.81864302786744, 9.817239916646031], [-74.82090458241493, 9.817547847692708], [-74.82736850502454, 9.816125629309909], [-74.83298675834163, 9.812775725402503], [-74.83936900875545, 9.810330278383333], [-74.85044212787892, 9.82090964799886], [-74.8555565462944, 9.827497976594657], [-74.8595206989196, 9.838434205834517], [-74.8638706647921, 9.84484926364695], [-74.86862572536648, 9.847946396703321], [-74.873290636337, 9.848504208718452], [-74.87394844080444, 9.851797160289777], [-74.87727594430402, 9.856583440938437], [-74.88095561911672, 9.86522263664034], [-74.88236986404667, 9.87285124930014], [-74.88017218964825, 9.888238214806393], [-74.87684840966847, 9.896030956985953], [-74.87172380255299, 9.901938853432625], [-74.87184284559265, 9.911722617804628], [-74.87052435396174, 9.913343773655527], [-74.87131134076157, 9.920795112635915], [-74.87343160277868, 9.928824470351515], [-74.87329807169851, 9.935668889974295], [-74.87172756559869, 9.937829998419943], [-74.86572960758315, 9.939852767099865], [-74.85810055924009, 9.95021121655651], [-74.85293278893909, 9.954389226780279], [-74.84536187421759, 9.957828770048025], [-74.83797080595264, 9.957994454552761], [-74.8256429397016, 9.965126818589567], [-74.82039499200266, 9.967333129397957], [-74.81227773406647, 9.978435681845212], [-74.79928259419904, 9.989883441859831], [-74.78802344640837, 10.006274211715663], [-74.7876523871031, 10.008209233787056], [-74.78920184655738, 10.014254215950245], [-74.7865707760115, 10.014866499152674], [-74.78207103031912, 10.006247460763518], [-74.77791659639871, 10.006643801375958], [-74.77558759808261, 10.007581582194462], [-74.7722069870394, 10.011004344919343], [-74.77110035605057, 10.014838488761484], [-74.76334681817787, 10.018184243347264], [-74.75968275070738, 10.013837137712926], [-74.7582998552092, 10.013664113966456], [-74.7556426203115, 10.009232273777116], [-74.74807150526561, 10.003847818877148], [-74.74561063416064, 9.999664000142104], [-74.74386393864881, 9.999354091003568], [-74.74229504682279, 9.999881313562298], [-74.74115085903867, 10.003019349641079], [-74.73706164016494, 10.004299050190468], [-74.73200277091598, 10.008498008245056], [-74.72605976917839, 10.008007383978452], [-74.72171140320665, 10.009474411261635], [-74.71844476420932, 10.009517532226255], [-74.71407796030172, 10.012844469786785], [-74.704246534876, 10.016409017319233], [-74.70131383766511, 10.016233592374135], [-74.69965343798145, 10.014311341661312], [-74.69453674592819, 10.013532477434808], [-74.69000657337455, 10.011197261873633], [-74.68498277977216, 10.00990516725841], [-74.68248266663107, 10.010949111061791], [-74.67386270028146, 10.00795193991496], [-74.66748729144228, 10.011336126255856], [-74.66203646715957, 10.010941142100535], [-74.66133103397783, 10.011872542180527], [-74.65744693478291, 10.009532950922107], [-74.6511375593563, 10.002401798713606], [-74.64974079924895, 10.003025477054507], [-74.64359516886276, 10.002762659437337], [-74.64263123896382, 10.001501792082877], [-74.64083152843489, 10.001210081928207], [-74.63840884384479, 9.998604210044448], [-74.63414243034345, 9.997689374911545], [-74.63395773118395, 9.997008048937971], [-74.63061392863887, 9.99735291155207], [-74.6299689000216, 9.99566121543728], [-74.62762303492423, 9.995564090409687], [-74.62613810959306, 9.994544721837087], [-74.62180372321495, 9.995623088211289], [-74.61917134921259, 9.995339034403855], [-74.61806430859167, 9.994173219662002], [-74.6182557765622, 9.992095096750177], [-74.61609997177425, 9.99098484734452], [-74.61533557402856, 9.989283566197969], [-74.613438775303, 9.988696064839075], [-74.61115181727735, 9.989995216624777], [-74.60965033508398, 9.989703158821783], [-74.60612616056756, 9.986818561941163], [-74.60415509087176, 9.988080759701575], [-74.60002931592675, 9.985613715369084], [-74.59556646766566, 9.984292253007197], [-74.59533518902492, 9.981881445951274], [-74.59262098112987, 9.981370987765729], [-74.59190741729003, 9.979959329087535], [-74.59095865006685, 9.980269890403463], [-74.5868250588743, 9.977084557987268], [-74.58455895255969, 9.977269272418141], [-74.5843948931086, 9.976271089730119], [-74.58312822083616, 9.976528516553003], [-74.58049487934744, 9.975179041104923], [-74.57940077896848, 9.972950626332988], [-74.57406379737415, 9.96864070289621], [-74.57386984016995, 9.96694936161623], [-74.57090072433016, 9.96513333766876], [-74.56929678560374, 9.962782238982413], [-74.56785039263906, 9.965093457828232], [-74.5664749998761, 9.964618261240673], [-74.56588196578889, 9.965381042017555], [-74.56576739276966, 9.967172259867027], [-74.56666201399594, 9.968749092806434], [-74.56564168692017, 9.969661428824281], [-74.56421484400664, 9.969157371140227], [-74.56272612329036, 9.965499749985383], [-74.56416729793739, 9.956914763162445], [-74.5628478576848, 9.955100416370954]]]}}, {"type": "Feature", "properties": {"dpto_ccdgo": "47", "mpio_ccdgo": "960", "mpio_cdpmp": "47960", "dpto_cnmbr": "MAGDALENA", "mpio_cnmbr": "ZAPAYÁN", "mpio_crslc": "Ordenanza 005 del 23 de Junio del 2000", "mpio_tipo": "MUNICIPIO", "mpio_narea": 372.60592563, "mpio_nano": 2024, "shape_Leng": 1.13576816986, "shape_Area": 0.03075936864}, "geometry": {"type": "Polygon", "coordinates": [[[-74.689173429302, 10.254873523988351], [-74.68653986323432, 10.256796861663531], [-74.67619858059646, 10.246174123148137], [-74.67433510130962, 10.247213687660974], [-74.66705414323002, 10.239486630347358], [-74.65800710667418, 10.24339374260154], [-74.65162163220424, 10.24493342029291], [-74.6490301109186, 10.244535671120957], [-74.64233785075487, 10.24703224579531], [-74.63624866515624, 10.239713134438546], [-74.63445633788649, 10.23669495078218], [-74.63291787202343, 10.231626742640117], [-74.6308730910082, 10.232032287398283], [-74.62815294165114, 10.234189678612324], [-74.62408640435814, 10.235144903829223], [-74.62142328818561, 10.234705416200995], [-74.6200007553922, 10.232925087738067], [-74.61899793469865, 10.232974990090156], [-74.61870186771137, 10.234590033799009], [-74.61756225774559, 10.235408193960609], [-74.6127677934382, 10.233039233158934], [-74.60977835499546, 10.23397264097514], [-74.60644718277331, 10.232731344333047], [-74.60243390214436, 10.228254332323672], [-74.5995804040653, 10.230457720910124], [-74.59580449804946, 10.2318658348334], [-74.59489023244885, 10.231294735826282], [-74.59481461400463, 10.229357394303008], [-74.59728814597526, 10.222170607587998], [-74.5950953647041, 10.222763604844204], [-74.59080431398814, 10.22233553032072], [-74.58890940531944, 10.221519976173852], [-74.58695555903626, 10.219008307994045], [-74.58786515429199, 10.216603159430576], [-74.58729361960161, 10.215436155318343], [-74.58782599939246, 10.214003414960246], [-74.58713831873155, 10.213487406978516], [-74.58765837183023, 10.213083934635335], [-74.5857275862171, 10.21009821162761], [-74.58632106407242, 10.209674328646543], [-74.58510063620935, 10.207907966302514], [-74.58579838609432, 10.20681670011055], [-74.58439523626532, 10.20658940370464], [-74.583407656401, 10.205110010203384], [-74.58379300072733, 10.203588120965492], [-74.58310142586652, 10.201783970060546], [-74.5883621260594, 10.193294907216796], [-74.58759845325471, 10.192292592275123], [-74.59165394036262, 10.191352510869365], [-74.59404167596875, 10.188133269719117], [-74.59474379795773, 10.183232097149016], [-74.59273530172237, 10.18000109704235], [-74.59235720500953, 10.174997803011024], [-74.59136649092073, 10.174487931425858], [-74.59756469255586, 10.170538766304787], [-74.59982272211136, 10.170366692976643], [-74.60347668622177, 10.166220094168466], [-74.61306158768599, 10.164621272249974], [-74.61060958655321, 10.160373053240903], [-74.61191438964494, 10.158165833336682], [-74.61223599755272, 10.15471712005916], [-74.61569142125069, 10.149822029986751], [-74.61499134562558, 10.145498052396135], [-74.61725632365534, 10.14398226362215], [-74.62014476982006, 10.144802630946174], [-74.62153341543899, 10.143806526063031], [-74.62286173015531, 10.144574949162745], [-74.62437781178033, 10.144018352569105], [-74.62593632985318, 10.144571740377955], [-74.62699294889529, 10.143450852215892], [-74.62809110427264, 10.14453495343946], [-74.63063932043889, 10.144390001169711], [-74.63561703582042, 10.14215093326834], [-74.63607599893953, 10.14094315728778], [-74.6368697868898, 10.141241950664153], [-74.63535701376264, 10.13836738887153], [-74.63163426379947, 10.13590166057196], [-74.63260276522851, 10.13255895217577], [-74.63136311519969, 10.120955024416105], [-74.63400696069738, 10.1175084446391], [-74.62894409484056, 10.115903182693216], [-74.62608657679743, 10.110029397101698], [-74.62355464260867, 10.107872755981532], [-74.62299686832279, 10.105629410299343], [-74.6218551598908, 10.104953173285935], [-74.623964827169, 10.099485121099008], [-74.62249177937201, 10.097695967579682], [-74.62345080626221, 10.095266530348226], [-74.62096016406673, 10.091201890298578], [-74.62092373196305, 10.0896280289885], [-74.6195879064266, 10.089027449945206], [-74.62066574009941, 10.086915951899016], [-74.62003897963632, 10.085962586196217], [-74.6219432604359, 10.081307451598718], [-74.62430350487745, 10.078222685658716], [-74.62585539337817, 10.076724334994935], [-74.62934028273929, 10.075362902062636], [-74.63001590171132, 10.072641165381185], [-74.63168605980167, 10.07117448305138], [-74.6328373263159, 10.071151020834066], [-74.63329169544704, 10.070095397126067], [-74.63589678310092, 10.069143785834399], [-74.6377874607013, 10.06961419888927], [-74.63932763965295, 10.068384502201695], [-74.64021967732242, 10.069201040004657], [-74.64034818681614, 10.068145964269377], [-74.64254084322135, 10.06738875215342], [-74.64373797775056, 10.068764482683207], [-74.6451939099328, 10.069063373077654], [-74.64613231508093, 10.071537447631158], [-74.6473032610038, 10.070351410897842], [-74.64701373196039, 10.0662831659061], [-74.64522768841107, 10.06353069064778], [-74.64611219370084, 10.060041672626312], [-74.64535158864533, 10.059849230881241], [-74.64552344637764, 10.058751018909959], [-74.64195127663396, 10.053116859111412], [-74.64183774027134, 10.050275387687009], [-74.644420019682, 10.048807088388344], [-74.6447202889915, 10.046610747090881], [-74.64571757426188, 10.045532649313202], [-74.64553975081304, 10.043207953032379], [-74.64649268442582, 10.04161326696078], [-74.64670514963456, 10.038900403844764], [-74.64807033573112, 10.037068196734538], [-74.65393479231096, 10.03703652660397], [-74.65654478926183, 10.039034059790822], [-74.66158667405017, 10.04055368796736], [-74.66254608991119, 10.042618656838044], [-74.66470106824846, 10.043677774097034], [-74.66769447634954, 10.050421387393214], [-74.67242507577924, 10.053334405195471], [-74.67050870184971, 10.048172100249019], [-74.6709758998316, 10.045297322860563], [-74.67041875436695, 10.043506139147098], [-74.66825009288038, 10.042395951725211], [-74.66800157735224, 10.040103698126757], [-74.66876482076185, 10.038778385582475], [-74.66840374174734, 10.037293618354965], [-74.66983393627788, 10.03545044819623], [-74.67096107132943, 10.03069829277581], [-74.67247720505674, 10.028365802705366], [-74.67143215362972, 10.026989904190543], [-74.67154438294256, 10.025009152444852], [-74.66857232960939, 10.019957094227777], [-74.66913625017332, 10.018891225225786], [-74.66857123815544, 10.017427481287598], [-74.66133103397783, 10.011872542180527], [-74.66191036515272, 10.010966167387664], [-74.66657355315317, 10.011587641261087], [-74.67386270028146, 10.00795193991496], [-74.68248266663107, 10.010949111061791], [-74.68498277977216, 10.00990516725841], [-74.69000657337455, 10.011197261873633], [-74.69453674592819, 10.013532477434808], [-74.69965343798145, 10.014311341661312], [-74.70131383766511, 10.016233592374135], [-74.704246534876, 10.016409017319233], [-74.71407796030172, 10.012844469786785], [-74.71844476420932, 10.009517532226255], [-74.72171140320665, 10.009474411261635], [-74.72605976917839, 10.008007383978452], [-74.73200277091598, 10.008498008245056], [-74.73706164016494, 10.004299050190468], [-74.74115085903867, 10.003019349641079], [-74.74229504682279, 9.999881313562298], [-74.74403308436507, 9.999361322447385], [-74.74561063416064, 9.999664000142104], [-74.7489903253283, 10.004686134554845], [-74.7556426203115, 10.009232273777116], [-74.7582998552092, 10.013664113966456], [-74.75968275070738, 10.013837137712926], [-74.76334681817787, 10.018184243347264], [-74.77110035605057, 10.014838488761484], [-74.7722069870394, 10.011004344919343], [-74.77558759808261, 10.007581582194462], [-74.78207103031912, 10.006247460763518], [-74.7865707760115, 10.014866499152674], [-74.78957388592545, 10.01382808628091], [-74.79379515725111, 10.020061798347513], [-74.801977459554, 10.028856861756879], [-74.81668212082053, 10.040445289074], [-74.82040796368568, 10.046181778743005], [-74.82147363595652, 10.051118998937568], [-74.825120703695, 10.059227508174217], [-74.82209809134076, 10.059908559263135], [-74.81992524639656, 10.061875023292828], [-74.81923260703132, 10.064182115274946], [-74.81760662183359, 10.065261673714474], [-74.81721539443583, 10.063725524608401], [-74.81504065584153, 10.062193357737101], [-74.81449853201701, 10.06250197779218], [-74.81520341273443, 10.065574437701287], [-74.81101718291922, 10.06612170977479], [-74.81024569925694, 10.067890998832354], [-74.80846285011933, 10.068202342581571], [-74.8084652665894, 10.069278253858101], [-74.80599033594075, 10.072204059188664], [-74.80417223598499, 10.072208856196085], [-74.80094242435035, 10.070050880178371], [-74.80018250381164, 10.07139281785686], [-74.80053156156146, 10.072560366348569], [-74.7994597906233, 10.073868762704251], [-74.80002128303909, 10.076857386374343], [-74.7972058187612, 10.078319655277653], [-74.7965574493067, 10.08070585656003], [-74.79207959827016, 10.081478302318772], [-74.79024306576838, 10.084274323445186], [-74.7865194695915, 10.08305850394322], [-74.78364405170373, 10.087907003754651], [-74.781032133255, 10.085402057673491], [-74.78049243308703, 10.08637636761381], [-74.78152603817159, 10.08841764968821], [-74.77912306083789, 10.089901591363343], [-74.77875180659805, 10.091384914997093], [-74.77756139776073, 10.091901205050078], [-74.77369630423749, 10.097503353357922], [-74.7646080718082, 10.099387496607676], [-74.75351390334424, 10.103835480433872], [-74.75002281111114, 10.108148079055752], [-74.74727810089627, 10.123222766564197], [-74.74996985089132, 10.140678267255623], [-74.7489004479142, 10.14881296689532], [-74.74482959780607, 10.164847102604142], [-74.74109807309219, 10.169997299149259], [-74.73760221619102, 10.172396279875045], [-74.72891591100142, 10.175044787632771], [-74.71557014312788, 10.177128324695161], [-74.7103902186114, 10.180209677034384], [-74.71004820365903, 10.183051917417345], [-74.70923793161018, 10.183541445738342], [-74.706355158311, 10.183561408116532], [-74.70354804028705, 10.18521725513466], [-74.70188090772496, 10.184617715442982], [-74.69792534210234, 10.18955113486254], [-74.6965134426755, 10.193557875751026], [-74.69718536507713, 10.196383809901931], [-74.69037759764547, 10.199833098999989], [-74.68883138470522, 10.203104526919958], [-74.68191560824931, 10.209253228648492], [-74.68195710416029, 10.214684418438367], [-74.68619416967795, 10.218750897340897], [-74.68916809779654, 10.223351001100184], [-74.69258990291661, 10.224510362339913], [-74.6954352730325, 10.23278902520343], [-74.70380020207978, 10.24520113373228], [-74.70528959922802, 10.243691343912587], [-74.71187635307587, 10.247998178040632], [-74.71608011891766, 10.248908347320253], [-74.71492835832964, 10.252570214814853], [-74.71098829404798, 10.253123343010373], [-74.70947332633483, 10.256341014802558], [-74.70591580004026, 10.259835350854758], [-74.70562582902534, 10.267025925768337], [-74.7010495980137, 10.274445626957515], [-74.69804915160677, 10.270035017568489], [-74.69670255705813, 10.264509212645919], [-74.69482505865176, 10.260907243963857], [-74.69220405283835, 10.256730371906485], [-74.689173429302, 10.254873523988351]]]}}, {"type": "Feature", "properties": {"dpto_ccdgo": "47", "mpio_ccdgo": "980", "mpio_cdpmp": "47980", "dpto_cnmbr": "MAGDALENA", "mpio_cnmbr": "ZONA BANANERA", "mpio_crslc": "Ordenanza 011 de Agosto 9 de 1999", "mpio_tipo": "MUNICIPIO", "mpio_narea": 435.417434074, "mpio_nano": 2025, "shape_Leng": 1.26038062698, "shape_Area": 0.03603691475}, "geometry": {"type": "Polygon", "coordinates": [[[-74.15154679026989, 10.637265203283732], [-74.15395394387463, 10.636956705399655], [-74.15865937698157, 10.634292098920866], [-74.16395530014483, 10.634545324319788], [-74.16582625162414, 10.63615211070794], [-74.16486190310991, 10.639181753283196], [-74.1652731387, 10.641028796082196], [-74.16336716187982, 10.643163081710384], [-74.16610386270918, 10.644392638260626], [-74.16715532811247, 10.644161135040918], [-74.16905671274122, 10.640762941258629], [-74.16861584709619, 10.638835111105152], [-74.17168936342495, 10.639129936619725], [-74.17277608683287, 10.637472894841267], [-74.17404042258539, 10.638205954833268], [-74.1765952674254, 10.642369669256198], [-74.17899661521386, 10.641355612426139], [-74.1804936660144, 10.64240839835395], [-74.18318681289082, 10.640707690333045], [-74.18366012391311, 10.641309298846465], [-74.18310410763166, 10.642192012894157], [-74.18507266294097, 10.64315770708572], [-74.18466228973426, 10.646406147099242], [-74.1873371729481, 10.647222086623742], [-74.18771299692145, 10.649739797775226], [-74.19022486812065, 10.650777747115967], [-74.1891389711634, 10.652340848397046], [-74.18960833139192, 10.655144701042332], [-74.19393146007394, 10.65557425958383], [-74.1947285726917, 10.65694176513233], [-74.1964726253579, 10.656815688278357], [-74.19905384655232, 10.658204217116179], [-74.20098352364346, 10.65793891565528], [-74.20230317679699, 10.659570613244398], [-74.2059607494428, 10.660348837869947], [-74.20627299869449, 10.662516123136413], [-74.20891417799027, 10.664860126923031], [-74.211880191945, 10.664840153765056], [-74.2135391812725, 10.663377228192758], [-74.21475156022422, 10.664020043359415], [-74.21607695002365, 10.662313893340183], [-74.21788168034243, 10.662455695215726], [-74.21831303821085, 10.660745097633992], [-74.21942165717303, 10.66098197817331], [-74.21959205604009, 10.69292207067764], [-74.2250997383357, 10.688470943643722], [-74.22976774310649, 10.690996654299227], [-74.22989902749833, 10.691922161426248], [-74.2326226084225, 10.694824298825097], [-74.23334270481632, 10.694497159087405], [-74.2344416066943, 10.696279375810548], [-74.23993766028929, 10.697068017308425], [-74.23992346689647, 10.699040577310484], [-74.23853168795137, 10.699653464181267], [-74.23908803391481, 10.70054246733929], [-74.23847431789835, 10.702091208140757], [-74.23734503317661, 10.70258861199818], [-74.23777009295162, 10.703837838075572], [-74.23627452886404, 10.705715780249989], [-74.2368929781075, 10.708186292082246], [-74.23571103589853, 10.709888025980035], [-74.23474136216709, 10.714616049937717], [-74.23948379062188, 10.720505762671905], [-74.2428554885737, 10.720354128727763], [-74.24874315224912, 10.73534017400658], [-74.24978306081704, 10.748793833225022], [-74.2490837029464, 10.762977806283402], [-74.25053891737417, 10.767657078631828], [-74.24668165357315, 10.777304104935638], [-74.24706382594565, 10.785464369750343], [-74.25014019622432, 10.788129491862549], [-74.25372762835684, 10.788260808593748], [-74.25645258729776, 10.789485985853503], [-74.25772157093724, 10.791618705716871], [-74.26148398065351, 10.793300680255925], [-74.26340857956438, 10.796559768907287], [-74.26750871477412, 10.798975187917563], [-74.26694383570697, 10.8004983401878], [-74.2683647757861, 10.80109862099016], [-74.26862628994672, 10.802238042309568], [-74.26710291938576, 10.806697697057245], [-74.26090531423245, 10.813213549518196], [-74.25893312164163, 10.832602705044053], [-74.26397645721028, 10.833036212582726], [-74.26577746131426, 10.834747150626185], [-74.27051383601753, 10.83705653421248], [-74.27290837187576, 10.841615150145685], [-74.27204945062562, 10.850109393577839], [-74.2690372102279, 10.852562771829014], [-74.26855491874056, 10.854550758611765], [-74.26872543528702, 10.85521470306901], [-74.27138594724147, 10.855550640015338], [-74.27093900898035, 10.858110699579697], [-74.27232349988776, 10.85939235755967], [-74.26873084225105, 10.864037289084024], [-74.26667657771384, 10.863593697049964], [-74.26610243161883, 10.864223481244721], [-74.26644564312812, 10.86768184692761], [-74.26954391165589, 10.871087208373297], [-74.27108465924164, 10.871678207774721], [-74.26944453005854, 10.87214601481486], [-74.26074066458773, 10.86840421067103], [-74.25387337743291, 10.866719454047313], [-74.25005262388902, 10.864160426648027], [-74.24372293214776, 10.864926463820382], [-74.24124314160952, 10.864081021801837], [-74.23566141741429, 10.864978201432109], [-74.22520890888256, 10.864393566599517], [-74.22188939500546, 10.86634539616324], [-74.22110928211964, 10.865242203029766], [-74.22001245535165, 10.86602281717586], [-74.21849161804175, 10.865681032192413], [-74.21673143162019, 10.870911068368628], [-74.2182616150098, 10.873029132206455], [-74.22185167561491, 10.87360027523107], [-74.22217118595483, 10.877680418418208], [-74.22410510579249, 10.877601824751366], [-74.22154688597925, 10.882364243432107], [-74.22081175806386, 10.895292505469968], [-74.23831378523585, 10.89690895324668], [-74.23790034877163, 10.90590276278283], [-74.22520282009668, 10.904778866160484], [-74.22435712565135, 10.910391452900285], [-74.22351041071903, 10.910740595990092], [-74.22713699595442, 10.912443325222], [-74.22813114520358, 10.918611146708315], [-74.23129360200284, 10.921027185556625], [-74.22727275755318, 10.9218667777414], [-74.22842561498504, 10.927838212977008], [-74.22240334314864, 10.925654862227248], [-74.22287590497535, 10.932634678732484], [-74.21943685218815, 10.93342879726299], [-74.22010801461448, 10.941587755926264], [-74.21644665736335, 10.942441219008401], [-74.21917634863297, 10.94636958092758], [-74.2165650625987, 10.946920230669264], [-74.21473672273885, 10.94874381125095], [-74.21344560908466, 10.9473689377146], [-74.20801168482092, 10.95021439137389], [-74.21048398520031, 10.953706632553178], [-74.20784415158187, 10.953836281111535], [-74.20020727441482, 10.958286842206348], [-74.1971782121517, 10.958357601659372], [-74.19503244155345, 10.95959344282835], [-74.19261110533569, 10.95935331128345], [-74.19012999337463, 10.956999859009159], [-74.18814816814131, 10.957037350227438], [-74.1866360813276, 10.955615209998143], [-74.18336564694516, 10.955420363461087], [-74.18160866212179, 10.95731776585501], [-74.17813099701794, 10.958895961539838], [-74.17462563144193, 10.957058157920926], [-74.16712332111337, 10.956514881556984], [-74.16480500287616, 10.953452554652358], [-74.16418388293926, 10.948382356740296], [-74.16251148894037, 10.945638626588277], [-74.15666118712574, 10.946919012552769], [-74.15810382872274, 10.943871650694348], [-74.1623806339436, 10.940078720691986], [-74.1604753227756, 10.937544916209333], [-74.1584776647228, 10.936344679795013], [-74.15984140542895, 10.933267613321448], [-74.15873406387215, 10.933012114284736], [-74.1608330492748, 10.931164134542144], [-74.16168830629397, 10.929104595093406], [-74.15815340678279, 10.925037417301041], [-74.15726101697345, 10.925426354891385], [-74.15484012632044, 10.923468639561179], [-74.15052265433428, 10.926378386594934], [-74.14819135902411, 10.922973181456257], [-74.15027087881737, 10.921551688912814], [-74.14779743308509, 10.917624790350374], [-74.15021848004511, 10.917316001411905], [-74.1479557684666, 10.913048488371828], [-74.14819720795958, 10.910776101929969], [-74.14336972514928, 10.9084324251304], [-74.1434754560442, 10.906357682581643], [-74.14376429967251, 10.905200455740783], [-74.14955944937634, 10.902800473392631], [-74.15069540139939, 10.89946976739651], [-74.14872841634639, 10.897048445551775], [-74.14901513276243, 10.894447163164443], [-74.1475025437901, 10.89432794405485], [-74.14564927745784, 10.879438554882654], [-74.1445041742897, 10.879917331259492], [-74.14430724904946, 10.878676564623902], [-74.14525158308317, 10.873656188215534], [-74.14012176573488, 10.867139479659443], [-74.13524138379029, 10.858131236880126], [-74.13303251008631, 10.859649316359878], [-74.13273745639947, 10.861319698130899], [-74.13171428884851, 10.861081752188852], [-74.13232818991804, 10.862942490713579], [-74.13126695083673, 10.865098282026793], [-74.12822124008318, 10.86539333481528], [-74.12538968157577, 10.868605607728341], [-74.12460921924509, 10.868034536569041], [-74.12104756159522, 10.868845933309501], [-74.12033967151922, 10.868295682420126], [-74.12001844539571, 10.869309927896552], [-74.11843610308426, 10.869485413028826], [-74.11859969181774, 10.870356890940002], [-74.11760031796268, 10.870889294985432], [-74.11793046795736, 10.871772670193707], [-74.11650279140656, 10.87132354722803], [-74.1157767813985, 10.872100807960521], [-74.1048879329378, 10.869440031002796], [-74.1049934733897, 10.864794244281654], [-74.10681108466156, 10.86346069058635], [-74.10760491393432, 10.861134279420298], [-74.11043663234193, 10.860245066954633], [-74.11042687842684, 10.85854287132247], [-74.1118233870057, 10.855991289166184], [-74.108184585571, 10.854763640639078], [-74.10756452385033, 10.855681966628026], [-74.10388821592602, 10.852212509437436], [-74.10487807212309, 10.850347012532893], [-74.10878038826814, 10.849509442457418], [-74.10697199731169, 10.846577946295042], [-74.1097457231333, 10.843202415228802], [-74.10571376292143, 10.841738744054226], [-74.10415343294522, 10.838778119097185], [-74.10586354004641, 10.836973003400885], [-74.10607314681369, 10.834398842970245], [-74.1075618774114, 10.835244384701923], [-74.1087754026143, 10.831721593592079], [-74.10744166745923, 10.831143332311512], [-74.10771166801112, 10.83016000058359], [-74.10931999950282, 10.829471666846928], [-74.10917166686994, 10.828243333803073], [-74.11100666684462, 10.82803333267509], [-74.11188333253068, 10.825240000208453], [-74.11365312195028, 10.82451414381245], [-74.11183355863773, 10.824827171904133], [-74.10606390044705, 10.82301480769604], [-74.10037765988017, 10.824033135120374], [-74.10087349797277, 10.822456430640102], [-74.10020801290352, 10.821230627254124], [-74.10252149101416, 10.819511201022749], [-74.1009637975954, 10.818031343092116], [-74.10067606608231, 10.81369598563441], [-74.10206710032344, 10.812170989121455], [-74.0982410422236, 10.808523642904959], [-74.09526671884595, 10.804300096144857], [-74.096445687629, 10.798499552053443], [-74.0954927710842, 10.794657575794133], [-74.0920554053344, 10.795503935891645], [-74.09270430838859, 10.792169649207892], [-74.0952543364582, 10.791001607540693], [-74.09366957228679, 10.787517294898407], [-74.0948095236127, 10.786236554099105], [-74.09463635613571, 10.784682227568737], [-74.09730216995115, 10.786431096107037], [-74.09274860974045, 10.777040617174748], [-74.08665566379102, 10.759085988757477], [-74.08674129037382, 10.756058793194939], [-74.08923888912841, 10.75395796085462], [-74.09062822285739, 10.748769632591973], [-74.09445515951029, 10.744108530481299], [-74.09833782050123, 10.742487945959397], [-74.0982478900865, 10.740961827449723], [-74.09963647731485, 10.741415789643725], [-74.1003444078151, 10.739552051641851], [-74.09954905499836, 10.73821391024677], [-74.09830414622769, 10.738262164189052], [-74.09809602886838, 10.736865178604376], [-74.10027082944646, 10.737235318932392], [-74.10047644230076, 10.735883759391243], [-74.10939678575784, 10.73489458052444], [-74.10949432311247, 10.726333010104725], [-74.11099090858534, 10.726213222361082], [-74.11117197225997, 10.723597007266903], [-74.11215458084354, 10.723566979257953], [-74.11223044542635, 10.725674875955349], [-74.11551069660607, 10.724478453790766], [-74.11750647717838, 10.725822727989168], [-74.12003038671031, 10.725583271079586], [-74.12027140309647, 10.723653880551183], [-74.12120934830682, 10.72422230616985], [-74.12285713653216, 10.721711637815815], [-74.12270568674273, 10.72003729716613], [-74.12356725173686, 10.719454114012194], [-74.12199488522458, 10.718168701071363], [-74.12264422665697, 10.716702581985658], [-74.12463964520799, 10.717599365458568], [-74.1263017040813, 10.715955084258894], [-74.1264681099338, 10.713682274710266], [-74.1288864960818, 10.711977508097675], [-74.13022991598172, 10.711961802839085], [-74.12767035318603, 10.70989277088512], [-74.12723865126259, 10.70857010208482], [-74.12901865273847, 10.706716665072577], [-74.12835457892368, 10.703519342832749], [-74.1303068908831, 10.69926937749733], [-74.12918586527871, 10.697194847849516], [-74.12973682493941, 10.695116704276359], [-74.12725495030804, 10.693591625118302], [-74.12683909108557, 10.689705990701384], [-74.12532215067046, 10.688738954425673], [-74.12495888784974, 10.686782507517705], [-74.12134429603128, 10.687060647710894], [-74.12108332714843, 10.683572030338382], [-74.12214828885129, 10.681698755813898], [-74.12762937919666, 10.682260823151921], [-74.13038634244174, 10.681603654692253], [-74.13383253953612, 10.679584354410338], [-74.13729212603045, 10.675911465476759], [-74.13639681040587, 10.670434075294963], [-74.1348573375306, 10.666524282465843], [-74.13620650755121, 10.666044026562588], [-74.13830637420182, 10.667495826491233], [-74.1469276224484, 10.657811662007362], [-74.1491285083265, 10.657400181177024], [-74.14958195398879, 10.656522041354378], [-74.14787760778808, 10.653523856008803], [-74.15060296737795, 10.651248417987517], [-74.15422406749582, 10.650103214208002], [-74.15606853931439, 10.644771359303093], [-74.15304469896216, 10.646233806971281], [-74.14985543821012, 10.646483279205938], [-74.15154679026989, 10.637265203283732]]]}}]}